% Model:              pcal_mirror_deformation_3d_2beams.mph
% Version:            COMSOL 5.6.0.401
% Date:               Nov 10 2025, 16:31
% Dimension:          2
% Nodes:              4022
% Expressions:        2
% Description:        Contour
% surf2x                  surf2y                   IsoLevel                 Color
-0.0036896085690498116    -0.014085462820921917    2.4800000001353E-10      2.4800000001353E-10
-0.005067444250924043     -0.013499072394586385    2.4800000001353E-10      2.4800000001353E-10
-0.0013161012076637426    -0.014694553541144306    2.4800000001353E-10      2.4800000001353E-10
-0.0023952320283079226    -0.01450811907217451     2.4800000001353E-10      2.4800000001353E-10
1.1608249077080276E-4     -0.01476433395490943     2.4800000001353E-10      2.4800000001353E-10
-0.006074231762775874     -0.012897574484671187    2.4800000001353E-10      2.4800000001353E-10
-0.007374051534757841     -0.011848546708601998    2.4800000001353E-10      2.4800000001353E-10
-0.008466843129924078     -0.010758807519832068    2.4800000001353E-10      2.4800000001353E-10
-0.0061227001216830005    -0.012863295332776381    2.4800000001353E-10      2.4800000001353E-10
-0.007248896810896655     -0.011960978124569583    2.4800000001353E-10      2.4800000001353E-10
0.0013497394776463276     -0.014710789663884765    2.4800000001353E-10      2.4800000001353E-10
0.002394458846636012      -0.014510747789616422    2.4800000001353E-10      2.4800000001353E-10
0.003759209934924493      -0.014080629798619543    2.4800000001353E-10      2.4800000001353E-10
-0.010211833805094973     -0.00810356579705104     2.4800000001353E-10      2.4800000001353E-10
-0.010882200740437789     -0.006602593619178688    2.4800000001353E-10      2.4800000001353E-10
-0.009274145443264329     -0.009700037809600718    2.4800000001353E-10      2.4800000001353E-10
0.005892098247350007      -0.01303440734035384     2.4800000001353E-10      2.4800000001353E-10
0.00496115233819731       -0.013585588991396384    2.4800000001353E-10      2.4800000001353E-10
0.007120518713394225      -0.012105884744440177    2.4800000001353E-10      2.4800000001353E-10
-0.006675894443317497     0.012445364254468329     2.4800000001353E-10      2.4800000001353E-10
-0.005752675049759667     0.013122118603762528     2.4800000001353E-10      2.4800000001353E-10
-0.007410590700443677     0.011818785096376717     2.4800000001353E-10      2.4800000001353E-10
-0.007589084945330228     0.011678090415715395     2.4800000001353E-10      2.4800000001353E-10
-0.011064132542212068     -0.006092395263623174    2.4800000001353E-10      2.4800000001353E-10
-0.011426872987108197     -0.004749873667663602    2.4800000001353E-10      2.4800000001353E-10
-0.011442737531175211     -0.004672001943567729    2.4800000001353E-10      2.4800000001353E-10
-0.011819232108078264     -0.0027040479651605828   2.4800000001353E-10      2.4800000001353E-10
-0.011940320300794286     -5.136750164064816E-4    2.4800000001353E-10      2.4800000001353E-10
-0.008257287766871865     0.01100240012358783      2.4800000001353E-10      2.4800000001353E-10
-0.0092913009294351       0.009668202305195129     2.4800000001353E-10      2.4800000001353E-10
-0.008787877812001969     0.010366791277894962     2.4800000001353E-10      2.4800000001353E-10
-0.009769501541174643     0.008895194804934885     2.4800000001353E-10      2.4800000001353E-10
-0.010473088964839398     0.0075531513705719335    2.4800000001353E-10      2.4800000001353E-10
-0.010597494996205012     0.007323244742515465     2.4800000001353E-10      2.4800000001353E-10
-0.010940322211261696     0.006479148535621684     2.4800000001353E-10      2.4800000001353E-10
-0.011943840621623793     8.693135748740482E-4     2.4800000001353E-10      2.4800000001353E-10
-0.011853608792835903     0.002163316151354806     2.4800000001353E-10      2.4800000001353E-10
-0.011726423516637866     0.003258990597772067     2.4800000001353E-10      2.4800000001353E-10
-0.011086837247414745     0.0059056926345739625    2.4800000001353E-10      2.4800000001353E-10
-0.011521122957021939     0.0043277147434030916    2.4800000001353E-10      2.4800000001353E-10
-0.011263508455938109     0.005416887322658511     2.4800000001353E-10      2.4800000001353E-10
-0.01159013701213109      0.0038394687409028403    2.4800000001353E-10      2.4800000001353E-10
-0.004907701048488453     0.013615022617225404     2.4800000001353E-10      2.4800000001353E-10
-0.003892112192109133     0.014034072552181327     2.4800000001353E-10      2.4800000001353E-10
-0.0026312867440271993    0.014438014852314838     2.4800000001353E-10      2.4800000001353E-10
0.00882143867413341       -0.01036185927530911     2.4800000001353E-10      2.4800000001353E-10
0.008138498633669451      -0.011186034485238566    2.4800000001353E-10      2.4800000001353E-10
0.009620317798547311      -0.009147695762789789    2.4800000001353E-10      2.4800000001353E-10
-0.0015550022303223894    0.014675648993056114     2.4800000001353E-10      2.4800000001353E-10
-4.681085070628155E-4     0.014746570046077231     2.4800000001353E-10      2.4800000001353E-10
0.001079828694339655      0.01471662604296025      2.4800000001353E-10      2.4800000001353E-10
0.010399080801488542      -0.007701938248437162    2.4800000001353E-10      2.4800000001353E-10
0.010346485931406727      -0.007835004754471893    2.4800000001353E-10      2.4800000001353E-10
0.011117271016821775      -0.005785132643823566    2.4800000001353E-10      2.4800000001353E-10
0.011012066438078661      -0.0062000076961857414   2.4800000001353E-10      2.4800000001353E-10
0.01073183909525426       -0.006936946345035135    2.4800000001353E-10      2.4800000001353E-10
0.011568789755388892      -0.004089616775296474    2.4800000001353E-10      2.4800000001353E-10
0.011291510061341138      -0.005240521179386023    2.4800000001353E-10      2.4800000001353E-10
0.0022376200246275782     0.01456226650687791      2.4800000001353E-10      2.4800000001353E-10
0.003384888521525593      0.014215889508907559     2.4800000001353E-10      2.4800000001353E-10
0.004967942310425622      0.01356528823453285      2.4800000001353E-10      2.4800000001353E-10
0.011579681517897292      -0.004025992606844637    2.4800000001353E-10      2.4800000001353E-10
0.011722702652609263      -0.0031813384270201256   2.4800000001353E-10      2.4800000001353E-10
0.011822110463617707      -0.002301175412327306    2.4800000001353E-10      2.4800000001353E-10
0.011862555506553095      0.002140228868721704     2.4800000001353E-10      2.4800000001353E-10
0.011961441461423576      8.284411129525735E-4     2.4800000001353E-10      2.4800000001353E-10
0.011926840233858609      -0.0010926200237293647   2.4800000001353E-10      2.4800000001353E-10
0.01193468378448723       -6.45387757800104E-4     2.4800000001353E-10      2.4800000001353E-10
0.011966596578727966      -1.4103973883641227E-4   2.4800000001353E-10      2.4800000001353E-10
0.005974309803714758      0.013003558155431208     2.4800000001353E-10      2.4800000001353E-10
0.007008001234345957      0.012192306137552057     2.4800000001353E-10      2.4800000001353E-10
0.008227238663825156      0.011046563465602382     2.4800000001353E-10      2.4800000001353E-10
0.009031277640720835      0.010075487234730257     2.4800000001353E-10      2.4800000001353E-10
0.009761492418030347      0.008923957911240092     2.4800000001353E-10      2.4800000001353E-10
0.010399275739471584      0.007736506959023675     2.4800000001353E-10      2.4800000001353E-10
0.01085629652072652       0.006621295665542196     2.4800000001353E-10      2.4800000001353E-10
0.011218582566495452      0.005505166394314973     2.4800000001353E-10      2.4800000001353E-10
0.011515791070005553      0.004398479174859178     2.4800000001353E-10      2.4800000001353E-10
0.0117269057377947        0.0033422860801255224    2.4800000001353E-10      2.4800000001353E-10
-0.004052959697678973     -0.013948929492986453    2.4800000001353E-10      2.4800000001353E-10
-0.002809359125685073     -0.014393717376288591    2.4800000001353E-10      2.4800000001353E-10
-0.0017877653282462754    -0.014638605552156195    2.4800000001353E-10      2.4800000001353E-10
-5.66438249217532E-4      -0.014748351011338302    2.4800000001353E-10      2.4800000001353E-10
7.971539063357189E-4      -0.014753320800110223    2.4800000001353E-10      2.4800000001353E-10
-0.00524798820746456      -0.013411845685766033    2.4800000001353E-10      2.4800000001353E-10
-0.008352961171816525     -0.010886005356482186    2.4800000001353E-10      2.4800000001353E-10
-0.006561449924048621     -0.01250075699706531     2.4800000001353E-10      2.4800000001353E-10
0.0018718841308574849     -0.014630386886735278    2.4800000001353E-10      2.4800000001353E-10
0.0031282359744441907     -0.014292910119607375    2.4800000001353E-10      2.4800000001353E-10
0.00455301037052413       -0.013771829705091547    2.4800000001353E-10      2.4800000001353E-10
-0.009058976916395426     -0.010019389128543955    2.4800000001353E-10      2.4800000001353E-10
-0.010573529845049088     -0.007360333066146739    2.4800000001353E-10      2.4800000001353E-10
-0.009861187544978217     -0.008760028355979964    2.4800000001353E-10      2.4800000001353E-10
0.005556598373157065      -0.013252156157932377    2.4800000001353E-10      2.4800000001353E-10
0.006691413743092696      -0.012449544706991913    2.4800000001353E-10      2.4800000001353E-10
0.007827512482341354      -0.01149072453299154     2.4800000001353E-10      2.4800000001353E-10
-0.00645406581708609      0.012608939151397602     2.4800000001353E-10      2.4800000001353E-10
-0.0076424846973113456    0.011628255092627486     2.4800000001353E-10      2.4800000001353E-10
-0.011372782718919986     -0.0049106964854397864   2.4800000001353E-10      2.4800000001353E-10
-0.011758685072935504     -0.003283023445966802    2.4800000001353E-10      2.4800000001353E-10
-0.011940730284199574     -0.0017666114696086      2.4800000001353E-10      2.4800000001353E-10
-0.009733403419540099     0.008959280712497826     2.4800000001353E-10      2.4800000001353E-10
-0.00912857830033656      0.00989486183876207      2.4800000001353E-10      2.4800000001353E-10
-0.008406321721344825     0.010824884316650858     2.4800000001353E-10      2.4800000001353E-10
-0.010219519746640461     0.008152915808650896     2.4800000001353E-10      2.4800000001353E-10
-0.010703437581869885     0.007016940607184836     2.4800000001353E-10      2.4800000001353E-10
-0.011942382111236528     -4.5270874538894356E-4   2.4800000001353E-10      2.4800000001353E-10
-0.011932331329683934     0.0011311711785552856    2.4800000001353E-10      2.4800000001353E-10
-0.011773490408820503     0.002804251177877877     2.4800000001353E-10      2.4800000001353E-10
-0.011397825428035559     0.004784258640320879     2.4800000001353E-10      2.4800000001353E-10
-0.004362943427741833     0.013850174703511707     2.4800000001353E-10      2.4800000001353E-10
-0.005343307184179464     0.013374159921665612     2.4800000001353E-10      2.4800000001353E-10
-0.0028753603249814614    0.014364034257097315     2.4800000001353E-10      2.4800000001353E-10
0.008579377207040797      -0.010672654244475768    2.4800000001353E-10      2.4800000001353E-10
0.009475047230875121      -0.009373706584737492    2.4800000001353E-10      2.4800000001353E-10
0.010336340241520787      -0.007854135668576012    2.4800000001353E-10      2.4800000001353E-10
-6.252641404186801E-4     0.014744041871896417     2.4800000001353E-10      2.4800000001353E-10
-0.001757722187062888     0.014643516664905324     2.4800000001353E-10      2.4800000001353E-10
9.115832743262224E-4      0.014725901120758833     2.4800000001353E-10      2.4800000001353E-10
0.010806606004336958      -0.00671496264980236     2.4800000001353E-10      2.4800000001353E-10
0.011506656121305608      -0.004323632378097008    2.4800000001353E-10      2.4800000001353E-10
0.003111780401335793      0.014314492609785616     2.4800000001353E-10      2.4800000001353E-10
0.0020231569845846576     0.014607498511809201     2.4800000001353E-10      2.4800000001353E-10
0.004541458875128356      0.013761132472978162     2.4800000001353E-10      2.4800000001353E-10
0.011710499044837503      -0.003282898184510645    2.4800000001353E-10      2.4800000001353E-10
0.011809977438006509      -0.0024800219174592134   2.4800000001353E-10      2.4800000001353E-10
0.01190948819537675       -0.0012674872908965058   2.4800000001353E-10      2.4800000001353E-10
0.011917221065919855      0.0014374301999992344    2.4800000001353E-10      2.4800000001353E-10
0.011774599557260686      0.0028722580442894887    2.4800000001353E-10      2.4800000001353E-10
0.011961173122525343      6.733752797890349E-5     2.4800000001353E-10      2.4800000001353E-10
0.0065329869102367915     0.012599778201886092     2.4800000001353E-10      2.4800000001353E-10
0.005630860368276877      0.013224669501317895     2.4800000001353E-10      2.4800000001353E-10
0.007555487641920265      0.011715326705178893     2.4800000001353E-10      2.4800000001353E-10
0.009183601536423367      0.009853049321218823     2.4800000001353E-10      2.4800000001353E-10
0.008478290252262294      0.01078248502268371      2.4800000001353E-10      2.4800000001353E-10
0.009880335037721264      0.00871716339266344      2.4800000001353E-10      2.4800000001353E-10
0.010487742054405802      0.007550608582551138     2.4800000001353E-10      2.4800000001353E-10
0.010878055739651088      0.006557345049739481     2.4800000001353E-10      2.4800000001353E-10
0.011260646291427421      0.005343107611423327     2.4800000001353E-10      2.4800000001353E-10
0.011569436521863131      0.004097435456481447     2.4800000001353E-10      2.4800000001353E-10
-0.0016903144265236168    -0.007679126113013473    7.2300000001353E-10      7.2300000001353E-10
-5.198337032924648E-4     -0.008108960785053828    7.2300000001353E-10      7.2300000001353E-10
7.215661541830293E-4      -0.008067581035980147    7.2300000001353E-10      7.2300000001353E-10
-0.0026257740576951126    -0.0068284413706862935   7.2300000001353E-10      7.2300000001353E-10
0.001845622759341058      -0.007572142179728733    7.2300000001353E-10      7.2300000001353E-10
-0.003185170587504404     -0.005680995881084342    7.2300000001353E-10      7.2300000001353E-10
0.0027113138026354225     -0.006712368340540598    7.2300000001353E-10      7.2300000001353E-10
-0.0032846540624444213    -0.004371721875163412    7.2300000001353E-10      7.2300000001353E-10
0.0032122343093231205     -0.005576077387713572    7.2300000001353E-10      7.2300000001353E-10
0.0032769779699466815     -0.004297763330166815    7.2300000001353E-10      7.2300000001353E-10
-0.002718097909877356     0.006699221968272814     7.2300000001353E-10      7.2300000001353E-10
-0.0018527782267461098    0.00757131608293018      7.2300000001353E-10      7.2300000001353E-10
-0.003206015206428908     0.005594026498448727     7.2300000001353E-10      7.2300000001353E-10
-7.348134562506334E-4     0.008061565761957296     7.2300000001353E-10      7.2300000001353E-10
5.146069184904108E-4      0.00811710582706743      7.2300000001353E-10      7.2300000001353E-10
0.0016632574137233772     0.00768739761579736      7.2300000001353E-10      7.2300000001353E-10
0.0026081383774946877     0.0068530309422044815    7.2300000001353E-10      7.2300000001353E-10
0.0031802931839392617     0.005690813930281107     7.2300000001353E-10      7.2300000001353E-10
0.003282748624369912      0.004354866342543134     7.2300000001353E-10      7.2300000001353E-10
-0.0013187854422418619    -0.007865662990706564    7.2300000001353E-10      7.2300000001353E-10
-8.886119818606678E-4     -0.008022436868905712    7.2300000001353E-10      7.2300000001353E-10
-1.0468434370215288E-4    -0.00814286899147305     7.2300000001353E-10      7.2300000001353E-10
3.5232679334259623E-4     -0.008127738090383578    7.2300000001353E-10      7.2300000001353E-10
-0.0023555569332433927    -0.007140251949466967    7.2300000001353E-10      7.2300000001353E-10
-0.0020194298745464033    -0.007447401769464379    7.2300000001353E-10      7.2300000001353E-10
0.001116158379361484      -0.00794491394245972     7.2300000001353E-10      7.2300000001353E-10
0.0015298289558004002     -0.007761459255198172    7.2300000001353E-10      7.2300000001353E-10
-0.0030552406482161542    -0.006064036466590213    7.2300000001353E-10      7.2300000001353E-10
-0.002859238350502776     -0.006468090189979097    7.2300000001353E-10      7.2300000001353E-10
0.0021650920822126043     -0.007320183516612512    7.2300000001353E-10      7.2300000001353E-10
0.0024788469813978283     -0.00700918472558883     7.2300000001353E-10      7.2300000001353E-10
-0.003299089760872808     -0.004705986127723139    7.2300000001353E-10      7.2300000001353E-10
-0.0032714142203988223    -0.005231356847711914    7.2300000001353E-10      7.2300000001353E-10
-0.0032741189998030436    -0.005208598317973935    7.2300000001353E-10      7.2300000001353E-10
-0.0033036891673761688    -0.004789961326463761    7.2300000001353E-10      7.2300000001353E-10
-0.0033037980811628704    -0.00478300265083247     7.2300000001353E-10      7.2300000001353E-10
0.002914518362811423      -0.006358872098387442    7.2300000001353E-10      7.2300000001353E-10
0.003092331723465017      -0.005957952450441178    7.2300000001353E-10      7.2300000001353E-10
-0.003281568520948357     -0.004345162350342838    7.2300000001353E-10      7.2300000001353E-10
-0.0032200466212123618    -0.003958701195703438    7.2300000001353E-10      7.2300000001353E-10
-0.003203807298593546     -0.003880500223767916    7.2300000001353E-10      7.2300000001353E-10
-0.003071458774178392     -0.0034397793443662734   7.2300000001353E-10      7.2300000001353E-10
0.0032778917102180534     -0.0051730133824525225   7.2300000001353E-10      7.2300000001353E-10
0.0033031062897088516     -0.00473723795820858     7.2300000001353E-10      7.2300000001353E-10
-0.0028679164190959       -0.0029868747370256454   7.2300000001353E-10      7.2300000001353E-10
-0.002608370551617505     -0.0025343561309226384   7.2300000001353E-10      7.2300000001353E-10
-0.0023180771029068987    -0.0021687791340791714   7.2300000001353E-10      7.2300000001353E-10
-0.0021709021668261013    0.00730928145573523      7.2300000001353E-10      7.2300000001353E-10
-0.0024838296042526123    0.006997469680929288     7.2300000001353E-10      7.2300000001353E-10
-0.0029118455991054993    0.0063695182832552676    7.2300000001353E-10      7.2300000001353E-10
-0.0030803072048500263    0.00599396528996778      7.2300000001353E-10      7.2300000001353E-10
-0.0032651216656859818    0.005249420383690548     7.2300000001353E-10      7.2300000001353E-10
-0.0032719412864848875    0.0052179283775569       7.2300000001353E-10      7.2300000001353E-10
-0.0033058549287138567    0.004808518802067897     7.2300000001353E-10      7.2300000001353E-10
-0.003284775886167151     0.004368313200511164     7.2300000001353E-10      7.2300000001353E-10
-0.0011253575805803074    0.007942221040957174     7.2300000001353E-10      7.2300000001353E-10
-0.001533590443595505     0.007763823811217756     7.2300000001353E-10      7.2300000001353E-10
0.003235106370346829      -0.004077751529198541    7.2300000001353E-10      7.2300000001353E-10
0.003216435833815841      -0.003926693860849413    7.2300000001353E-10      7.2300000001353E-10
0.003112864207144503      -0.003541140210057058    7.2300000001353E-10      7.2300000001353E-10
0.002944685263738699      -0.0031457732731953137   7.2300000001353E-10      7.2300000001353E-10
-0.0029287807369161433    0.003113853838054436     7.2300000001353E-10      7.2300000001353E-10
-0.003111619952900494     0.0035402614576156106    7.2300000001353E-10      7.2300000001353E-10
-0.0032241890934879324    0.003956191011649908     7.2300000001353E-10      7.2300000001353E-10
-0.0018770368590217959    -0.0017333869449168943   7.2300000001353E-10      7.2300000001353E-10
-0.0018730618963810626    -0.0017300257015992022   7.2300000001353E-10      7.2300000001353E-10
-0.0015843801923434942    -0.0014738203915894163   7.2300000001353E-10      7.2300000001353E-10
-0.0014535750706486162    -0.0013737202283213331   7.2300000001353E-10      7.2300000001353E-10
9.164513205998348E-5      0.008147063134952795     7.2300000001353E-10      7.2300000001353E-10
-3.7297164003161E-4       0.00812706865739905      7.2300000001353E-10      7.2300000001353E-10
0.0027348405369746103     -0.002730737898164638    7.2300000001353E-10      7.2300000001353E-10
0.0025137074559081016     -0.0023949984825612667   7.2300000001353E-10      7.2300000001353E-10
0.0022323438480014893     -0.0020791853754545744   7.2300000001353E-10      7.2300000001353E-10
-0.0027311388306023136    0.002725975435055941     7.2300000001353E-10      7.2300000001353E-10
-0.002509600679481887     0.0023934636767054917    7.2300000001353E-10      7.2300000001353E-10
-0.0022353397989450987    0.00207794973005268      7.2300000001353E-10      7.2300000001353E-10
-0.0019129027563003506    0.0017780873539941706    7.2300000001353E-10      7.2300000001353E-10
-0.0018087971540850728    0.0016689954130828001    7.2300000001353E-10      7.2300000001353E-10
-3.621590182869357E-4     -9.166412548777976E-4    7.2300000001353E-10      7.2300000001353E-10
-9.391042468538846E-4     -0.0011119272135108348   7.2300000001353E-10      7.2300000001353E-10
-8.369991336755137E-4     -0.0010738888353694174   7.2300000001353E-10      7.2300000001353E-10
-3.8614373241616513E-4    -9.246531591763479E-4    7.2300000001353E-10      7.2300000001353E-10
0.0012988980214918386     0.007874791535171441     7.2300000001353E-10      7.2300000001353E-10
8.759501377313054E-4      0.008030565326853723     7.2300000001353E-10      7.2300000001353E-10
0.0011459078293219434     -0.001197841387010792    7.2300000001353E-10      7.2300000001353E-10
0.001500460163244395      -0.0014016348626733645   7.2300000001353E-10      7.2300000001353E-10
6.667561280038292E-4      -0.0010117087617546364   7.2300000001353E-10      7.2300000001353E-10
4.855835791348577E-4      -9.790225853250516E-4    7.2300000001353E-10      7.2300000001353E-10
1.4140591371226697E-4     -8.758575383342194E-4    7.2300000001353E-10      7.2300000001353E-10
0.0019131014378816198     -0.0017822093037878973   7.2300000001353E-10      7.2300000001353E-10
0.0018123339242771405     -0.0016793281204392834   7.2300000001353E-10      7.2300000001353E-10
-0.0011408113700995014    0.0011911430994780748    7.2300000001353E-10      7.2300000001353E-10
-0.0014918313328733026    0.0013928915456692685    7.2300000001353E-10      7.2300000001353E-10
-6.668635230290253E-4     0.0010083340004945485    7.2300000001353E-10      7.2300000001353E-10
-5.445951948036965E-4     9.864400616721818E-4     7.2300000001353E-10      7.2300000001353E-10
-1.5601815062615828E-4    8.67350970493687E-4      7.2300000001353E-10      7.2300000001353E-10
0.002323712623190654      0.007165473968788074     7.2300000001353E-10      7.2300000001353E-10
0.0019767937914797022     0.0074714931084380164    7.2300000001353E-10      7.2300000001353E-10
3.4853334111503074E-4     8.87974428746485E-4      7.2300000001353E-10      7.2300000001353E-10
9.167394903963706E-4      0.0011027419757803879    7.2300000001353E-10      7.2300000001353E-10
8.687355834652345E-4      0.0010833284148910134    7.2300000001353E-10      7.2300000001353E-10
4.322740327268973E-4      9.155634321720129E-4     7.2300000001353E-10      7.2300000001353E-10
0.003038654060589069      0.006089841729896192     7.2300000001353E-10      7.2300000001353E-10
0.002833799984724404      0.006508248449912981     7.2300000001353E-10      7.2300000001353E-10
0.003302987874497285      0.004792814172750498     7.2300000001353E-10      7.2300000001353E-10
0.0033031121918229898     0.004779797429234818     7.2300000001353E-10      7.2300000001353E-10
0.00328833502444598       0.004491533114788242     7.2300000001353E-10      7.2300000001353E-10
0.0032221286048671974     0.00395711285155524      7.2300000001353E-10      7.2300000001353E-10
0.0032022946668095135     0.0038626008975764475    7.2300000001353E-10      7.2300000001353E-10
0.003068164881996283      0.0034276622027237806    7.2300000001353E-10      7.2300000001353E-10
0.0028592743104653463     0.0029723275814122394    7.2300000001353E-10      7.2300000001353E-10
0.001851769146551355      0.0017035837554276693    7.2300000001353E-10      7.2300000001353E-10
0.0014374083356931727     0.0013705537022481336    7.2300000001353E-10      7.2300000001353E-10
0.0026001029145149273     0.002524895676482543     7.2300000001353E-10      7.2300000001353E-10
0.0023095033005206982     0.002164110141260373     7.2300000001353E-10      7.2300000001353E-10
0.0022463580525896873     0.002100272642152255     7.2300000001353E-10      7.2300000001353E-10
0.0019046885301469353     0.001757785378826773     7.2300000001353E-10      7.2300000001353E-10
0.003267397697901386      0.005241020210164809     7.2300000001353E-10      7.2300000001353E-10
0.0032720777765561215     0.0052046919987060155    7.2300000001353E-10      7.2300000001353E-10
0.0032820144504305546     0.00434901571049449      7.2300000001353E-10      7.2300000001353E-10
-0.0018460412708589682    -0.007579738826985156    7.2300000001353E-10      7.2300000001353E-10
-7.382636850129772E-4     -0.008063898186332755    7.2300000001353E-10      7.2300000001353E-10
4.948604922486392E-4      -0.008111827420021636    7.2300000001353E-10      7.2300000001353E-10
-0.00270479820507319      -0.006716338409730382    7.2300000001353E-10      7.2300000001353E-10
0.0016529090811847654     -0.007694515892494402    7.2300000001353E-10      7.2300000001353E-10
-0.0032078982384546716    -0.005594677316840732    7.2300000001353E-10      7.2300000001353E-10
0.0025948348446287357     -0.006873129243674883    7.2300000001353E-10      7.2300000001353E-10
0.0031746163932868665     -0.005717395399721574    7.2300000001353E-10      7.2300000001353E-10
0.003284951410408377      -0.0043661274020419995   7.2300000001353E-10      7.2300000001353E-10
-0.0026065612445940437    0.006855929969045788     7.2300000001353E-10      7.2300000001353E-10
-0.0016694833486634772    0.007690394248659511     7.2300000001353E-10      7.2300000001353E-10
-0.003187700934095921     0.005664409726922745     7.2300000001353E-10      7.2300000001353E-10
-4.879771015685718E-4     0.008113695601951255     7.2300000001353E-10      7.2300000001353E-10
7.386006328666895E-4      0.00806841997998144      7.2300000001353E-10      7.2300000001353E-10
0.001852493252920159      0.007565577013434492     7.2300000001353E-10      7.2300000001353E-10
0.002713888152175537      0.0067070649192512224    7.2300000001353E-10      7.2300000001353E-10
0.003207044431420583      0.005584334539742503     7.2300000001353E-10      7.2300000001353E-10
-0.0015160183803705823    -0.007773516347120908    7.2300000001353E-10      7.2300000001353E-10
-0.0011191263982421717    -0.00794603498344452     7.2300000001353E-10      7.2300000001353E-10
-3.658494158947711E-4     -0.008127297965647703    7.2300000001353E-10      7.2300000001353E-10
8.39989118639818E-5       -0.008143663587364094    7.2300000001353E-10      7.2300000001353E-10
-0.0024561639478461734    -0.007032953316881884    7.2300000001353E-10      7.2300000001353E-10
-0.0021537745620909886    -0.007334062887675042    7.2300000001353E-10      7.2300000001353E-10
8.594356291566146E-4      -0.008030208345321678    7.2300000001353E-10      7.2300000001353E-10
0.001283739716316062      -0.00787772031323819     7.2300000001353E-10      7.2300000001353E-10
-0.0030812432334766365    -0.005998253997590493    7.2300000001353E-10      7.2300000001353E-10
-0.0029061824262353567    -0.006382414188387123    7.2300000001353E-10      7.2300000001353E-10
0.001967733649315309      -0.007482770543900744    7.2300000001353E-10      7.2300000001353E-10
0.002314115500083799      -0.007182132403427586    7.2300000001353E-10      7.2300000001353E-10
-0.0032941264150356826    -0.004911055155886521    7.2300000001353E-10      7.2300000001353E-10
0.00281733829440714       -0.006538722693524946    7.2300000001353E-10      7.2300000001353E-10
0.0030273267234732625     -0.006119284868859773    7.2300000001353E-10      7.2300000001353E-10
-0.0032595076224105728    -0.004235149485356053    7.2300000001353E-10      7.2300000001353E-10
-0.003114271440304888     -0.0035617720218643206   7.2300000001353E-10      7.2300000001353E-10
-0.0029479493205371654    -0.003157184298105114    7.2300000001353E-10      7.2300000001353E-10
0.003265269272503935      -0.0052789582192815515   7.2300000001353E-10      7.2300000001353E-10
0.0033029749451269383     -0.004800041279375043    7.2300000001353E-10      7.2300000001353E-10
-0.0027427607509305884    -0.0027536821856182165   7.2300000001353E-10      7.2300000001353E-10
-0.002516827741035928     -0.0024093035389240493   7.2300000001353E-10      7.2300000001353E-10
-0.002231068003811344     -0.0020811902197531286   7.2300000001353E-10      7.2300000001353E-10
-0.0019800969998430666    0.007471887111594869     7.2300000001353E-10      7.2300000001353E-10
-0.002320728226290014     0.007166825190153938     7.2300000001353E-10      7.2300000001353E-10
-0.0028345078325396136    0.006509078977693098     7.2300000001353E-10      7.2300000001353E-10
-0.0030476716354735037    0.006074529963808889     7.2300000001353E-10      7.2300000001353E-10
-0.003273011365956387     0.0052104836082340796    7.2300000001353E-10      7.2300000001353E-10
-0.0033062959526273276    0.004770168210732939     7.2300000001353E-10      7.2300000001353E-10
-0.0032835157942994976    0.004353656471030872     7.2300000001353E-10      7.2300000001353E-10
-8.44228505218496E-4      0.008032772626824197     7.2300000001353E-10      7.2300000001353E-10
-0.001287505071575024     0.007878109125189468     7.2300000001353E-10      7.2300000001353E-10
0.0032052671661702468     -0.0038724824401994012   7.2300000001353E-10      7.2300000001353E-10
0.0030695798224336162     -0.0034228440273645694   7.2300000001353E-10      7.2300000001353E-10
-0.003068589037480957     0.00341805236032462      7.2300000001353E-10      7.2300000001353E-10
-0.003203646354667531     0.0038551374509703403    7.2300000001353E-10      7.2300000001353E-10
-0.001861207642048386     -0.0017211330327624261   7.2300000001353E-10      7.2300000001353E-10
-0.0012399611315377134    -0.0012567638436919526   7.2300000001353E-10      7.2300000001353E-10
-0.0028697983539990694    0.0029849343572325524    7.2300000001353E-10      7.2300000001353E-10
3.692714642599005E-4      0.008132974312908962     7.2300000001353E-10      7.2300000001353E-10
-7.783697789984559E-5     0.008146581226974873     7.2300000001353E-10      7.2300000001353E-10
0.002850019473957936      -0.0029432222069814495   7.2300000001353E-10      7.2300000001353E-10
0.002586182220771462      -0.0024907699263642916   7.2300000001353E-10      7.2300000001353E-10
0.002289499383243179      -0.0021332336611110288   7.2300000001353E-10      7.2300000001353E-10
-0.0026002055983211803    0.002518163071335726     7.2300000001353E-10      7.2300000001353E-10
-0.002297259024631612     0.0021415825085646855    7.2300000001353E-10      7.2300000001353E-10
-0.0017563306226714326    0.0016159683096376217    7.2300000001353E-10      7.2300000001353E-10
-4.211782451311077E-6     -8.673397238609946E-4    7.2300000001353E-10      7.2300000001353E-10
-4.4220246296025964E-4    -9.482790363020612E-4    7.2300000001353E-10      7.2300000001353E-10
0.0015363748109059414     0.00775920061939871      7.2300000001353E-10      7.2300000001353E-10
0.0011282899599843277     0.007945324792747595     7.2300000001353E-10      7.2300000001353E-10
0.0013478411219653985     -0.0012998087156309108   7.2300000001353E-10      7.2300000001353E-10
0.0017687142135204361     -0.0016345026758791002   7.2300000001353E-10      7.2300000001353E-10
7.185717944177846E-4      -0.0010292027434119114   7.2300000001353E-10      7.2300000001353E-10
-0.0013417232776823927    0.0012910692783444765    7.2300000001353E-10      7.2300000001353E-10
-7.084957052639645E-4     0.0010225433517194492    7.2300000001353E-10      7.2300000001353E-10
3.083331272137616E-5      8.553533761560157E-4     7.2300000001353E-10      7.2300000001353E-10
0.002476358800953652      0.007006693502359106     7.2300000001353E-10      7.2300000001353E-10
0.002167212434206068      0.007312725179162443     7.2300000001353E-10      7.2300000001353E-10
6.631162276590236E-4      0.0010133030139964487    7.2300000001353E-10      7.2300000001353E-10
0.001260750849307044      0.0012806384003804356    7.2300000001353E-10      7.2300000001353E-10
0.0030842035851631876     0.005976221877882601     7.2300000001353E-10      7.2300000001353E-10
0.0029112620451903055     0.006364261123628725     7.2300000001353E-10      7.2300000001353E-10
0.003290405789680131      0.004933894634127409     7.2300000001353E-10      7.2300000001353E-10
0.0032769390609480686     0.004324290446345736     7.2300000001353E-10      7.2300000001353E-10
0.003114912253323801      0.0035593980904945564    7.2300000001353E-10      7.2300000001353E-10
0.0029463757031977806     0.0031557636587525107    7.2300000001353E-10      7.2300000001353E-10
0.0016066766927579743     0.0014934759286578765    7.2300000001353E-10      7.2300000001353E-10
0.0027450776247472906     0.0027589170053491773    7.2300000001353E-10      7.2300000001353E-10
0.002524705668624692      0.0024217475583176193    7.2300000001353E-10      7.2300000001353E-10
0.0019993689305601503     0.001861156847451252     7.2300000001353E-10      7.2300000001353E-10
-7.075022375155231E-4     -0.006688698480804315    1.19800000001353E-9      1.19800000001353E-9
-5.892041574984471E-4     -0.006732250310037678    1.19800000001353E-9      1.19800000001353E-9
-8.150545511974358E-4     -0.006639483260038608    1.19800000001353E-9      1.19800000001353E-9
-9.134684708535365E-4     -0.0065874627904958915   1.19800000001353E-9      1.19800000001353E-9
-0.001003685830967432     -0.006533402019898742    1.19800000001353E-9      1.19800000001353E-9
-0.0013045814274584035    -0.006292452832641494    1.19800000001353E-9      1.19800000001353E-9
-0.0012127650472313974    -0.006376101647045041    1.19800000001353E-9      1.19800000001353E-9
-0.0010941584751392058    -0.006470004205022642    1.19800000001353E-9      1.19800000001353E-9
-2.954452086278643E-5     -0.006829867882502122    1.19800000001353E-9      1.19800000001353E-9
9.24951227280934E-5       -0.006827629241697346    1.19800000001353E-9      1.19800000001353E-9
-1.3978316691161437E-4    -0.006824553737299828    1.19800000001353E-9      1.19800000001353E-9
-2.4133579163445208E-4    -0.006813746884353859    1.19800000001353E-9      1.19800000001353E-9
-4.449746789058636E-4     -0.006774076613294019    1.19800000001353E-9      1.19800000001353E-9
-3.442393106976547E-4     -0.0067973661419841735   1.19800000001353E-9      1.19800000001353E-9
2.3658273330831828E-4     -0.006814730644158527    1.19800000001353E-9      1.19800000001353E-9
3.453544807611609E-4      -0.006798651442136724    1.19800000001353E-9      1.19800000001353E-9
4.5166916913894935E-4     -0.006774695163023136    1.19800000001353E-9      1.19800000001353E-9
5.622190965096406E-4      -0.006743247494813651    1.19800000001353E-9      1.19800000001353E-9
6.674602455565095E-4      -0.006706911788308778    1.19800000001353E-9      1.19800000001353E-9
7.649367057912678E-4      -0.006665562171663405    1.19800000001353E-9      1.19800000001353E-9
-0.0013863168910679792    -0.006205355180612935    1.19800000001353E-9      1.19800000001353E-9
-0.001463258753487525     -0.006113538131584167    1.19800000001353E-9      1.19800000001353E-9
-0.00152650461533053      -0.006028839216449505    1.19800000001353E-9      1.19800000001353E-9
-0.0017136317980704452    -0.005688674598025169    1.19800000001353E-9      1.19800000001353E-9
-0.001659453802051839     -0.00580481022876911     1.19800000001353E-9      1.19800000001353E-9
-0.0015857633399006328    -0.0059360214032004935   1.19800000001353E-9      1.19800000001353E-9
0.00109204044379913       -0.006474594863963578    1.19800000001353E-9      1.19800000001353E-9
0.001144169041152297      -0.006435273287040685    1.19800000001353E-9      1.19800000001353E-9
0.0010936595164951738     -0.0064734884911288775   1.19800000001353E-9      1.19800000001353E-9
0.0011468421677400284     -0.0064330524611983      1.19800000001353E-9      1.19800000001353E-9
8.95778633561296E-4       -0.006599041291072818    1.19800000001353E-9      1.19800000001353E-9
0.0010419702693066914     -0.006509835983120002    1.19800000001353E-9      1.19800000001353E-9
9.732247041705853E-4      -0.006554736877697662    1.19800000001353E-9      1.19800000001353E-9
0.001162730416595791      -0.00641958722594392     1.19800000001353E-9      1.19800000001353E-9
0.0012242202347282729     -0.006369103178315606    1.19800000001353E-9      1.19800000001353E-9
0.0012903913485014986     -0.006309338133323894    1.19800000001353E-9      1.19800000001353E-9
0.001350760869542266      -0.006247790757280183    1.19800000001353E-9      1.19800000001353E-9
-0.00185681570407661      -0.005064635592513202    1.19800000001353E-9      1.19800000001353E-9
-0.001756723083910967     -0.005575014988761091    1.19800000001353E-9      1.19800000001353E-9
-0.0017923200822497014    -0.00546303489452702     1.19800000001353E-9      1.19800000001353E-9
-0.0018397848812584123    -0.00522770676862859     1.19800000001353E-9      1.19800000001353E-9
-0.0018448371244241227    -0.005192144123078477    1.19800000001353E-9      1.19800000001353E-9
-0.0018558845449489147    -0.0050797028280589246   1.19800000001353E-9      1.19800000001353E-9
-0.0018182128071407158    -0.005358964138627805    1.19800000001353E-9      1.19800000001353E-9
0.0014374362790275015     -0.0061486151154417565   1.19800000001353E-9      1.19800000001353E-9
0.0014999933573621028     -0.006070159007842633    1.19800000001353E-9      1.19800000001353E-9
0.0015495487687754764     -0.005998285819653719    1.19800000001353E-9      1.19800000001353E-9
0.0016118329974824145     -0.005894948179164196    1.19800000001353E-9      1.19800000001353E-9
0.0016662852778861063     -0.005792238120386815    1.19800000001353E-9      1.19800000001353E-9
0.0016703313845639403     -0.005785007010736788    1.19800000001353E-9      1.19800000001353E-9
0.0017131042206801309     -0.005690483854067436    1.19800000001353E-9      1.19800000001353E-9
0.0017120135745813494     -0.005693071476337183    1.19800000001353E-9      1.19800000001353E-9
0.0016715373600505081     -0.0057825239025939505   1.19800000001353E-9      1.19800000001353E-9
-0.0017566126661871062    -0.004353885401631237    1.19800000001353E-9      1.19800000001353E-9
-0.001855510548808908     -0.004848985387763908    1.19800000001353E-9      1.19800000001353E-9
-0.0018479229593306458    -0.004751506727460159    1.19800000001353E-9      1.19800000001353E-9
-0.0018573786591895812    -0.004909297924108593    1.19800000001353E-9      1.19800000001353E-9
-0.0018595579898015428    -0.004948871075762495    1.19800000001353E-9      1.19800000001353E-9
-0.00180504925030938      -0.004522648330758031    1.19800000001353E-9      1.19800000001353E-9
-0.001797723032112574     -0.0044922697342748225   1.19800000001353E-9      1.19800000001353E-9
-0.0017620132306998206    -0.004369738782093703    1.19800000001353E-9      1.19800000001353E-9
-0.0018350470733682882    -0.004658286626903501    1.19800000001353E-9      1.19800000001353E-9
0.0017627197247192922     -0.005556060693683987    1.19800000001353E-9      1.19800000001353E-9
0.0018178957663503737     -0.005352868252517103    1.19800000001353E-9      1.19800000001353E-9
0.0018001875273559685     -0.00543678043003511     1.19800000001353E-9      1.19800000001353E-9
0.0018190700667359554     -0.005345733081327744    1.19800000001353E-9      1.19800000001353E-9
0.001836631587545501      -0.005252849882887885    1.19800000001353E-9      1.19800000001353E-9
0.0018561995091482784     -0.0050474949236880935   1.19800000001353E-9      1.19800000001353E-9
0.0018487586744776478     -0.00513894055862472     1.19800000001353E-9      1.19800000001353E-9
0.0018479968581432173     -0.005151925361679382    1.19800000001353E-9      1.19800000001353E-9
0.0018578915373831484     -0.004945226843550974    1.19800000001353E-9      1.19800000001353E-9
-0.0016684116581358681    -0.004144144020324365    1.19800000001353E-9      1.19800000001353E-9
-0.0016238777018401855    -0.004056310290260594    1.19800000001353E-9      1.19800000001353E-9
-0.0016872197634404524    -0.004185743118746321    1.19800000001353E-9      1.19800000001353E-9
-0.0017108484705837298    -0.004235257848396213    1.19800000001353E-9      1.19800000001353E-9
-0.0015739555952779295    -0.003971579557449692    1.19800000001353E-9      1.19800000001353E-9
-0.0013684097579759664    -0.003702977043915781    1.19800000001353E-9      1.19800000001353E-9
-0.0014808503751407587    -0.0038405262603518195   1.19800000001353E-9      1.19800000001353E-9
-0.0015568528446384573    -0.003945410176564967    1.19800000001353E-9      1.19800000001353E-9
-0.0014879675082350467    -0.003849701655774699    1.19800000001353E-9      1.19800000001353E-9
0.0018474401927509457     -0.004781334469158282    1.19800000001353E-9      1.19800000001353E-9
0.0018313495169109408     -0.004652855472522708    1.19800000001353E-9      1.19800000001353E-9
0.001846838774336361      -0.004774220466728925    1.19800000001353E-9      1.19800000001353E-9
0.0018279267187326191     -0.004631597361648343    1.19800000001353E-9      1.19800000001353E-9
0.0018105270494440263     -0.004550467264526196    1.19800000001353E-9      1.19800000001353E-9
0.0017971959056863854     -0.004503432526219338    1.19800000001353E-9      1.19800000001353E-9
0.0017557277927607476     -0.004356559001601416    1.19800000001353E-9      1.19800000001353E-9
0.0017852098082982775     -0.004453726051283776    1.19800000001353E-9      1.19800000001353E-9
0.001712899845808108      -0.0042463613058380326   1.19800000001353E-9      1.19800000001353E-9
-0.0011917960716005603    -0.0035365460156594484   1.19800000001353E-9      1.19800000001353E-9
-0.0012904804264221338    -0.0036223482437714727   1.19800000001353E-9      1.19800000001353E-9
-0.0012197143582799125    -0.0035589129998376784   1.19800000001353E-9      1.19800000001353E-9
-0.0011481362449913056    -0.0034990001538437927   1.19800000001353E-9      1.19800000001353E-9
-0.0010636149454900815    -0.0034355657197995388   1.19800000001353E-9      1.19800000001353E-9
-7.701188060977794E-4     -0.0032670452511281496   1.19800000001353E-9      1.19800000001353E-9
-9.196359795897874E-4     -0.0033456476297067956   1.19800000001353E-9      1.19800000001353E-9
-0.0010499697998408804    -0.0034263856398162387   1.19800000001353E-9      1.19800000001353E-9
-9.449314263364815E-4     -0.0033601438126066997   1.19800000001353E-9      1.19800000001353E-9
0.0016465978689216318     -0.004106834669608345    1.19800000001353E-9      1.19800000001353E-9
0.0015850736091983706     -0.003994993637911004    1.19800000001353E-9      1.19800000001353E-9
0.00163869045313417       -0.004091214005433269    1.19800000001353E-9      1.19800000001353E-9
0.0015738025987165067     -0.003976102653203275    1.19800000001353E-9      1.19800000001353E-9
0.0015179076247957299     -0.0038932408153764773   1.19800000001353E-9      1.19800000001353E-9
0.00150496532468571       -0.003876727152791414    1.19800000001353E-9      1.19800000001353E-9
0.0013952020725901257     -0.003735347229162629    1.19800000001353E-9      1.19800000001353E-9
0.0014594299398901405     -0.0038138804705875997   1.19800000001353E-9      1.19800000001353E-9
0.0013209419860090678     -0.003655412712921862    1.19800000001353E-9      1.19800000001353E-9
-4.8681629564000634E-4    -0.003165748214041941    1.19800000001353E-9      1.19800000001353E-9
-6.613201124120972E-4     -0.0032210792271438783   1.19800000001353E-9      1.19800000001353E-9
-5.611535225607363E-4     -0.003186710278182434    1.19800000001353E-9      1.19800000001353E-9
-1.8187743474580467E-4    -0.0031086823890729737   1.19800000001353E-9      1.19800000001353E-9
-1.434960656033053E-4     -0.003104616214371617    1.19800000001353E-9      1.19800000001353E-9
-3.6152280853355985E-4    -0.003135480255000257    1.19800000001353E-9      1.19800000001353E-9
-4.6199109035795753E-4    -0.003158033372108873    1.19800000001353E-9      1.19800000001353E-9
-4.5624868250085317E-4    -0.0031565192396693772   1.19800000001353E-9      1.19800000001353E-9
-3.6281534134434266E-4    -0.0031357139466567144   1.19800000001353E-9      1.19800000001353E-9
2.058919821210185E-4      -0.003110637294911416    1.19800000001353E-9      1.19800000001353E-9
3.093532658039503E-4      -0.003125943256435522    1.19800000001353E-9      1.19800000001353E-9
9.70436373298024E-5       -0.0031017991891200284   1.19800000001353E-9      1.19800000001353E-9
4.7085359121763266E-6     -0.003100026692084603    1.19800000001353E-9      1.19800000001353E-9
5.756617183265042E-4      -0.0031934280091345446   1.19800000001353E-9      1.19800000001353E-9
6.105109055590987E-4      -0.003204583262333613    1.19800000001353E-9      1.19800000001353E-9
4.1291788835525454E-4     -0.0031471061043971756   1.19800000001353E-9      1.19800000001353E-9
9.100580614898846E-4      -0.0033398472786687746   1.19800000001353E-9      1.19800000001353E-9
9.947946975315664E-4      -0.003391105800619197    1.19800000001353E-9      1.19800000001353E-9
8.186861725906491E-4      -0.0032919385020853953   1.19800000001353E-9      1.19800000001353E-9
7.313509681917171E-4      -0.003252336651510365    1.19800000001353E-9      1.19800000001353E-9
0.0012077968679859365     -0.0035504671153216505   1.19800000001353E-9      1.19800000001353E-9
0.0010816586029978206     -0.0034499542253497847   1.19800000001353E-9      1.19800000001353E-9
0.0011680057150837671     -0.0035160429493415217   1.19800000001353E-9      1.19800000001353E-9
0.0010782066211013897     -0.00344743544434427     1.19800000001353E-9      1.19800000001353E-9
0.0010231262693141002     -0.0034104610803616106   1.19800000001353E-9      1.19800000001353E-9
-2.067233926666868E-5     -0.003098775098175164    1.19800000001353E-9      1.19800000001353E-9
7.188052696832295E-4      -0.00324609851902714     1.19800000001353E-9      1.19800000001353E-9
-0.0016933952809440457    0.005731256832582663     1.19800000001353E-9      1.19800000001353E-9
-0.0017407186033752437    0.005614423252973348     1.19800000001353E-9      1.19800000001353E-9
-0.0012804932795748344    0.006317118345424674     1.19800000001353E-9      1.19800000001353E-9
-0.0013691866153568682    0.006226306585858992     1.19800000001353E-9      1.19800000001353E-9
-0.0012073831777367505    0.006384243891839585     1.19800000001353E-9      1.19800000001353E-9
-0.001135696758840707     0.006443258218469619     1.19800000001353E-9      1.19800000001353E-9
-0.0010505882586447225    0.006505666378985521     1.19800000001353E-9      1.19800000001353E-9
-6.791844515385549E-4     0.006701823547758661     1.19800000001353E-9      1.19800000001353E-9
-7.960529105203761E-4     0.006650873979762219     1.19800000001353E-9      1.19800000001353E-9
-9.46171792566839E-4      0.006570307897437826     1.19800000001353E-9      1.19800000001353E-9
-0.0017437416219308719    0.00432330249052375      1.19800000001353E-9      1.19800000001353E-9
-0.0016981257607097857    0.004209486004747256     1.19800000001353E-9      1.19800000001353E-9
-0.0017909216866775703    0.005453321731877935     1.19800000001353E-9      1.19800000001353E-9
-0.0018209046126008628    0.0053320278128392035    1.19800000001353E-9      1.19800000001353E-9
-0.0018374977327231443    0.005231835371124484     1.19800000001353E-9      1.19800000001353E-9
-0.0017800745686395753    0.004436852683107829     1.19800000001353E-9      1.19800000001353E-9
-0.0018098955093237307    0.004548532379866297     1.19800000001353E-9      1.19800000001353E-9
-0.0018303422245544328    0.004650916066125953     1.19800000001353E-9      1.19800000001353E-9
-0.0016480790238918455    0.005825764134311568     1.19800000001353E-9      1.19800000001353E-9
-0.0016012763421609276    0.005911364678178589     1.19800000001353E-9      1.19800000001353E-9
-0.0014814050721724875    0.006089979189985863     1.19800000001353E-9      1.19800000001353E-9
-0.0015509438826499312    0.0059936209069719505    1.19800000001353E-9      1.19800000001353E-9
-0.0018471356855077963    0.005141961330807884     1.19800000001353E-9      1.19800000001353E-9
-0.0018505445668825253    0.005085022708014034     1.19800000001353E-9      1.19800000001353E-9
-0.0018538080221004998    0.00504990047015224      1.19800000001353E-9      1.19800000001353E-9
-0.0018557563715867174    0.004945740565386172     1.19800000001353E-9      1.19800000001353E-9
-0.0018466310145556469    0.0047894049534751544    1.19800000001353E-9      1.19800000001353E-9
-0.0018476930368824553    0.004799666798289555     1.19800000001353E-9      1.19800000001353E-9
-0.001855199155187949     0.004911188386350155     1.19800000001353E-9      1.19800000001353E-9
-5.740093651488732E-4     0.006739142346739344     1.19800000001353E-9      1.19800000001353E-9
-4.74584731391509E-4      0.006768380679278137     1.19800000001353E-9      1.19800000001353E-9
-3.7157395079486866E-4    0.0067927662429463865    1.19800000001353E-9      1.19800000001353E-9
3.8179440529598865E-5     0.006828389011253728     1.19800000001353E-9      1.19800000001353E-9
-8.035693543504129E-5     0.006827002420626078     1.19800000001353E-9      1.19800000001353E-9
-2.4670221400517877E-4    0.006811979877372949     1.19800000001353E-9      1.19800000001353E-9
-0.001632982168382264     0.004077589328423213     1.19800000001353E-9      1.19800000001353E-9
-0.0015687129341613254    0.003963918065432581     1.19800000001353E-9      1.19800000001353E-9
-0.0015115282355389768    0.003879176005238761     1.19800000001353E-9      1.19800000001353E-9
-0.0014404810762555901    0.0037870546705812487    1.19800000001353E-9      1.19800000001353E-9
-0.001363400820512249     0.0036967503324669988    1.19800000001353E-9      1.19800000001353E-9
-0.0012800132295357283    0.003611976111808781     1.19800000001353E-9      1.19800000001353E-9
1.4378545625543155E-4     0.006823358892666649     1.19800000001353E-9      1.19800000001353E-9
2.4543947929635425E-4     0.006813448477525344     1.19800000001353E-9      1.19800000001353E-9
3.455367831220288E-4      0.006797795628923443     1.19800000001353E-9      1.19800000001353E-9
4.6966680566154517E-4     0.006768238808628608     1.19800000001353E-9      1.19800000001353E-9
6.308016374973353E-4      0.006719108391799373     1.19800000001353E-9      1.19800000001353E-9
7.409889829498587E-4      0.0066757296612120764    1.19800000001353E-9      1.19800000001353E-9
-0.0011702935469238682    0.003516375303887322     1.19800000001353E-9      1.19800000001353E-9
-9.708518161444303E-4     0.0033728042875781367    1.19800000001353E-9      1.19800000001353E-9
-0.001057749088528714     0.0034294366161223707    1.19800000001353E-9      1.19800000001353E-9
-8.751962581495717E-4     0.0033185780917775213    1.19800000001353E-9      1.19800000001353E-9
-8.170012926818021E-4     0.0032890356658871094    1.19800000001353E-9      1.19800000001353E-9
-7.751634677295758E-4     0.00326739360003838      1.19800000001353E-9      1.19800000001353E-9
-7.716003613022803E-4     0.003265710730497633     1.19800000001353E-9      1.19800000001353E-9
-6.636560646860062E-4     0.003220057919278482     1.19800000001353E-9      1.19800000001353E-9
-6.628665792929728E-4     0.003219765229220014     1.19800000001353E-9      1.19800000001353E-9
8.374116933606311E-4      0.006630898244281755     1.19800000001353E-9      1.19800000001353E-9
9.279370281601452E-4      0.006582950807468947     1.19800000001353E-9      1.19800000001353E-9
0.0010194689519708697     0.006527356252277147     1.19800000001353E-9      1.19800000001353E-9
0.0012531139110135518     0.006344728379862735     1.19800000001353E-9      1.19800000001353E-9
0.0011245807215268543     0.0064509731805694435    1.19800000001353E-9      1.19800000001353E-9
0.0011618134636147673     0.00642242550444947      1.19800000001353E-9      1.19800000001353E-9
0.0012498750064604879     0.00634767208213105      1.19800000001353E-9      1.19800000001353E-9
-5.251564844694614E-4     0.0031738492783638483    1.19800000001353E-9      1.19800000001353E-9
-2.852501762637033E-4     0.0031182489639054846    1.19800000001353E-9      1.19800000001353E-9
-3.864729402301283E-4     0.003136653484834604     1.19800000001353E-9      1.19800000001353E-9
-2.516868326025963E-4     0.0031145167572901294    1.19800000001353E-9      1.19800000001353E-9
-8.150568865405297E-5     0.0030966146041039727    1.19800000001353E-9      1.19800000001353E-9
-1.8493232297965055E-4    0.0031050353990534577    1.19800000001353E-9      1.19800000001353E-9
0.001409116491709892      0.006184192179823864     1.19800000001353E-9      1.19800000001353E-9
0.00147363779139251       0.006106450909024366     1.19800000001353E-9      1.19800000001353E-9
0.0013561071888061479     0.006241696229580388     1.19800000001353E-9      1.19800000001353E-9
0.0013390755495346018     0.006261177313292896     1.19800000001353E-9      1.19800000001353E-9
0.0015335545959838152     0.006025166940851501     1.19800000001353E-9      1.19800000001353E-9
0.001602939671416766      0.005912332183305169     1.19800000001353E-9      1.19800000001353E-9
0.001618262270599981      0.005886353173374404     1.19800000001353E-9      1.19800000001353E-9
0.001669885565096164      0.005789455617884126     1.19800000001353E-9      1.19800000001353E-9
0.001682275846356373      0.005763365716192653     1.19800000001353E-9      1.19800000001353E-9
3.250875458438652E-5      0.003095660004646594     1.19800000001353E-9      1.19800000001353E-9
1.7389010196481287E-4     0.003105170180301815     1.19800000001353E-9      1.19800000001353E-9
3.0940711541716664E-4     0.0031230731134822666    1.19800000001353E-9      1.19800000001353E-9
1.992223013316871E-4      0.0031076497872160095    1.19800000001353E-9      1.19800000001353E-9
0.0017615781757018582     0.005563547182470265     1.19800000001353E-9      1.19800000001353E-9
0.0017911169753711638     0.0054715654852893186    1.19800000001353E-9      1.19800000001353E-9
0.0017540073496422554     0.005583709901497205     1.19800000001353E-9      1.19800000001353E-9
0.0017289113732454143     0.005656198467553499     1.19800000001353E-9      1.19800000001353E-9
0.0018151606241809649     0.005378410435208947     1.19800000001353E-9      1.19800000001353E-9
3.1905629600031233E-4     0.003124660885321982     1.19800000001353E-9      1.19800000001353E-9
4.246548806096062E-4      0.003147176037799555     1.19800000001353E-9      1.19800000001353E-9
4.5431632021860854E-4     0.0031558881167923405    1.19800000001353E-9      1.19800000001353E-9
6.464252900378234E-4      0.003215149974431811     1.19800000001353E-9      1.19800000001353E-9
5.343086365301135E-4      0.0031775106546965866    1.19800000001353E-9      1.19800000001353E-9
0.0018400882970270019     0.005224965516723534     1.19800000001353E-9      1.19800000001353E-9
0.0018571938800800508     0.00504680354923406      1.19800000001353E-9      1.19800000001353E-9
0.001822065512832892      0.005343978213430257     1.19800000001353E-9      1.19800000001353E-9
0.001839970935901203      0.005225946249344255     1.19800000001353E-9      1.19800000001353E-9
7.513506497110961E-4      0.0032587664754487795    1.19800000001353E-9      1.19800000001353E-9
8.824632795552765E-4      0.0033256238534411214    1.19800000001353E-9      1.19800000001353E-9
9.902155620660448E-4      0.003388599434174593     1.19800000001353E-9      1.19800000001353E-9
8.918337020004198E-4      0.003330852963229367     1.19800000001353E-9      1.19800000001353E-9
0.0010711936000815567     0.003443138873364706     1.19800000001353E-9      1.19800000001353E-9
0.00100349709634779       0.0033966917908499123    1.19800000001353E-9      1.19800000001353E-9
0.001842944150280306      0.00474475373799825      1.19800000001353E-9      1.19800000001353E-9
0.0018581546789997285     0.004933115496722857     1.19800000001353E-9      1.19800000001353E-9
0.0018518216938900522     0.00482334689211304      1.19800000001353E-9      1.19800000001353E-9
0.0018402534684019982     0.004714435174099541     1.19800000001353E-9      1.19800000001353E-9
0.0018278808060869275     0.004636549151231614     1.19800000001353E-9      1.19800000001353E-9
0.001840682561016207      0.004719083007967495     1.19800000001353E-9      1.19800000001353E-9
0.00121724664322517       0.0035603787421172243    1.19800000001353E-9      1.19800000001353E-9
0.0011394804199123896     0.003494535141526737     1.19800000001353E-9      1.19800000001353E-9
0.0012516025229510428     0.003592498596950418     1.19800000001353E-9      1.19800000001353E-9
0.0012955867199683758     0.0036326439687869245    1.19800000001353E-9      1.19800000001353E-9
0.0010847797664656023     0.0034532582591586354    1.19800000001353E-9      1.19800000001353E-9
0.0017753753301415656     0.004423058254115712     1.19800000001353E-9      1.19800000001353E-9
0.0017316387381899434     0.004292242985168405     1.19800000001353E-9      1.19800000001353E-9
0.0018100266154634712     0.0045503559580370116    1.19800000001353E-9      1.19800000001353E-9
0.0017805980542681425     0.004440969310222749     1.19800000001353E-9      1.19800000001353E-9
0.0018161387996280835     0.004581126175587846     1.19800000001353E-9      1.19800000001353E-9
0.0018116523139274873     0.004556108783604504     1.19800000001353E-9      1.19800000001353E-9
0.001612721611434629      0.004047924465882203     1.19800000001353E-9      1.19800000001353E-9
0.0016864138387078474     0.004185980036043539     1.19800000001353E-9      1.19800000001353E-9
0.0016283130705290786     0.004073888417000887     1.19800000001353E-9      1.19800000001353E-9
0.001358117742979101      0.0036963338817212854    1.19800000001353E-9      1.19800000001353E-9
0.0014442283998799387     0.003797794709030835     1.19800000001353E-9      1.19800000001353E-9
0.0014436463705859465     0.003797052405012736     1.19800000001353E-9      1.19800000001353E-9
0.0013810479093074963     0.0037212702008318265    1.19800000001353E-9      1.19800000001353E-9
0.0015189276616757049     0.0038941006137401674    1.19800000001353E-9      1.19800000001353E-9
0.0015671175028386865     0.0039669670612199085    1.19800000001353E-9      1.19800000001353E-9
-6.791782439740566E-4     -0.006700295983029957    1.19800000001353E-9      1.19800000001353E-9
-7.873332814582991E-4     -0.006652922878326297    1.19800000001353E-9      1.19800000001353E-9
-8.950574431717132E-4     -0.0065974023654984644   1.19800000001353E-9      1.19800000001353E-9
-9.867816436708856E-4     -0.006543989920792116    1.19800000001353E-9      1.19800000001353E-9
-0.0010752063030526817    -0.006484017427193338    1.19800000001353E-9      1.19800000001353E-9
-0.0012798948840896348    -0.006316477502001217    1.19800000001353E-9      1.19800000001353E-9
-0.0013634845294668728    -0.006230824144764301    1.19800000001353E-9      1.19800000001353E-9
-0.0011879808754683451    -0.006396741693043735    1.19800000001353E-9      1.19800000001353E-9
2.8695292141971922E-5     -0.006830190661701435    1.19800000001353E-9      1.19800000001353E-9
-8.361497394277525E-5     -0.006827846599341425    1.19800000001353E-9      1.19800000001353E-9
-2.166454346776413E-4     -0.006816389115919828    1.19800000001353E-9      1.19800000001353E-9
-5.687900818393237E-4     -0.006738796498642993    1.19800000001353E-9      1.19800000001353E-9
-4.392303655125578E-4     -0.006775582422012326    1.19800000001353E-9      1.19800000001353E-9
-3.2884730889537825E-4    -0.006800071088664192    1.19800000001353E-9      1.19800000001353E-9
1.40517468736141E-4       -0.006824682723129439    1.19800000001353E-9      1.19800000001353E-9
2.5420545915560804E-4     -0.006812696982979411    1.19800000001353E-9      1.19800000001353E-9
3.670533513980101E-4      -0.006794353024963559    1.19800000001353E-9      1.19800000001353E-9
4.822764505134576E-4      -0.006766184710481434    1.19800000001353E-9      1.19800000001353E-9
6.235348350598551E-4      -0.0067229459644399985   1.19800000001353E-9      1.19800000001353E-9
7.114930549954098E-4      -0.006689292710161053    1.19800000001353E-9      1.19800000001353E-9
-0.0014453465059220114    -0.006135574615626067    1.19800000001353E-9      1.19800000001353E-9
-0.0015737668960864796    -0.005956102675092238    1.19800000001353E-9      1.19800000001353E-9
-0.0015130525608008955    -0.0060476735451986275   1.19800000001353E-9      1.19800000001353E-9
-0.0016871235107862657    -0.005749072389868762    1.19800000001353E-9      1.19800000001353E-9
-0.0017333199879526894    -0.005638936699729553    1.19800000001353E-9      1.19800000001353E-9
-0.0016334974751434379    -0.005853932273423306    1.19800000001353E-9      1.19800000001353E-9
0.0011118803101336956     -0.006459551124856771    1.19800000001353E-9      1.19800000001353E-9
8.042040807114779E-4      -0.0066465807799715865   1.19800000001353E-9      1.19800000001353E-9
9.094058160970409E-4      -0.006591545646829413    1.19800000001353E-9      1.19800000001353E-9
9.811360730359552E-4      -0.006549606064451322    1.19800000001353E-9      1.19800000001353E-9
0.0012476846590147846     -0.006348495882387688    1.19800000001353E-9      1.19800000001353E-9
0.0013304905175004014     -0.0062689917028428245   1.19800000001353E-9      1.19800000001353E-9
-0.0018596048182432945    -0.004964203878787201    1.19800000001353E-9      1.19800000001353E-9
-0.001778209539968305     -0.005508542945690008    1.19800000001353E-9      1.19800000001353E-9
-0.0018520930425696474    -0.005112176608833776    1.19800000001353E-9      1.19800000001353E-9
-0.0018292933494773516    -0.0053008208242704      1.19800000001353E-9      1.19800000001353E-9
-0.0018091005819609054    -0.005400014625637512    1.19800000001353E-9      1.19800000001353E-9
0.0014008392107907814     -0.006192745385716997    1.19800000001353E-9      1.19800000001353E-9
0.0014638473442406083     -0.006116826875087701    1.19800000001353E-9      1.19800000001353E-9
0.0015220265545239668     -0.0060389650282520815   1.19800000001353E-9      1.19800000001353E-9
0.0015926303646433728     -0.005926919247441883    1.19800000001353E-9      1.19800000001353E-9
0.0016883729131594322     -0.00574505947902234     1.19800000001353E-9      1.19800000001353E-9
-0.0017172428801171028    -0.004250564591538431    1.19800000001353E-9      1.19800000001353E-9
-0.0018537364510727173    -0.004826700576286821    1.19800000001353E-9      1.19800000001353E-9
-0.001773987043835867     -0.0044128140594808605   1.19800000001353E-9      1.19800000001353E-9
-0.0018263385436023602    -0.004612582840567109    1.19800000001353E-9      1.19800000001353E-9
-0.0018424843454249694    -0.004707635240321327    1.19800000001353E-9      1.19800000001353E-9
0.0017551915249316534     -0.00557811950379324     1.19800000001353E-9      1.19800000001353E-9
0.0017910169285181641     -0.005466380184421136    1.19800000001353E-9      1.19800000001353E-9
0.001815906345718092      -0.0053608565559895875   1.19800000001353E-9      1.19800000001353E-9
0.0018337911343780506     -0.005277587370835757    1.19800000001353E-9      1.19800000001353E-9
0.001857549171152459      -0.0050158482801664316   1.19800000001353E-9      1.19800000001353E-9
0.0018476140356955546     -0.0051559821784952125   1.19800000001353E-9      1.19800000001353E-9
-0.0016624829839805666    -0.004132489172135031    1.19800000001353E-9      1.19800000001353E-9
-0.0016072405146334585    -0.004026723272721799    1.19800000001353E-9      1.19800000001353E-9
-0.0013295906763069899    -0.003661673098846808    1.19800000001353E-9      1.19800000001353E-9
-0.0014137919150648917    -0.0037545148677533757   1.19800000001353E-9      1.19800000001353E-9
-0.0014977303927088783    -0.0038641024857878374   1.19800000001353E-9      1.19800000001353E-9
0.0018570535212999622     -0.004899650341370322    1.19800000001353E-9      1.19800000001353E-9
0.0018445304119914057     -0.00475916575173173     1.19800000001353E-9      1.19800000001353E-9
0.0018134293378845952     -0.004563442956067981    1.19800000001353E-9      1.19800000001353E-9
0.00177786298520231       -0.004430111997938832    1.19800000001353E-9      1.19800000001353E-9
0.0017340241625331178     -0.004297880169238282    1.19800000001353E-9      1.19800000001353E-9
-0.001233094367012172     -0.003571102114567061    1.19800000001353E-9      1.19800000001353E-9
-0.0011328210090560949    -0.0034869785564030217   1.19800000001353E-9      1.19800000001353E-9
-7.13592490838321E-4      -0.003242180444286571    1.19800000001353E-9      1.19800000001353E-9
-8.322155415197274E-4     -0.003297202453855421    1.19800000001353E-9      1.19800000001353E-9
-9.945804053624928E-4     -0.0033925415229750767   1.19800000001353E-9      1.19800000001353E-9
0.001689688304612567      -0.004192961779587572    1.19800000001353E-9      1.19800000001353E-9
0.001621882363140147      -0.004062330719898937    1.19800000001353E-9      1.19800000001353E-9
0.0015224267402276863     -0.0038996728466380386   1.19800000001353E-9      1.19800000001353E-9
0.0014318804755710272     -0.0037802665534920413   1.19800000001353E-9      1.19800000001353E-9
0.0013371583379014436     -0.0036718866155760195   1.19800000001353E-9      1.19800000001353E-9
-5.884054919735963E-4     -0.003196086253796058    1.19800000001353E-9      1.19800000001353E-9
-4.462483601673936E-5     -0.0031005323689878854   1.19800000001353E-9      1.19800000001353E-9
-2.5624979066315106E-4    -0.003116651918822619    1.19800000001353E-9      1.19800000001353E-9
-3.7175571860402165E-4    -0.0031377915499659808   1.19800000001353E-9      1.19800000001353E-9
2.9601404521044047E-4     -0.003123923615997057    1.19800000001353E-9      1.19800000001353E-9
1.2929713811945506E-4     -0.0031043407701509904   1.19800000001353E-9      1.19800000001353E-9
4.04371508890222E-4       -0.0031448941774747607   1.19800000001353E-9      1.19800000001353E-9
7.042558325427556E-4      -0.0032409761111106324   1.19800000001353E-9      1.19800000001353E-9
5.063817798149164E-4      -0.0031708770739245704   1.19800000001353E-9      1.19800000001353E-9
9.915185556130142E-4      -0.003389113917708923    1.19800000001353E-9      1.19800000001353E-9
8.516121065334464E-4      -0.003309155519984413    1.19800000001353E-9      1.19800000001353E-9
0.0012535029089897763     -0.003589922181188376    1.19800000001353E-9      1.19800000001353E-9
0.0010925736376617718     -0.0034587387715229747   1.19800000001353E-9      1.19800000001353E-9
-0.00173213505147119      0.005638332922014887     1.19800000001353E-9      1.19800000001353E-9
-0.001682148955714667     0.0057558185267520936    1.19800000001353E-9      1.19800000001353E-9
-0.0013576906307095514    0.006239118232434238     1.19800000001353E-9      1.19800000001353E-9
-0.0012676365232088367    0.006329284161918488     1.19800000001353E-9      1.19800000001353E-9
-0.0011648420593193692    0.006419132317965505     1.19800000001353E-9      1.19800000001353E-9
-0.0010758893432418733    0.006487961017359993     1.19800000001353E-9      1.19800000001353E-9
-9.870757932799042E-4     0.006546328680649077     1.19800000001353E-9      1.19800000001353E-9
-7.596493811013179E-4     0.006668108609790978     1.19800000001353E-9      1.19800000001353E-9
-6.393548578743063E-4     0.006716543479022895     1.19800000001353E-9      1.19800000001353E-9
-8.763677614443463E-4     0.006610168464666808     1.19800000001353E-9      1.19800000001353E-9
-0.0017013349065840544    0.004216619174825146     1.19800000001353E-9      1.19800000001353E-9
-0.0017468079097196527    0.004331981674311347     1.19800000001353E-9      1.19800000001353E-9
-0.0017733146900666356    0.00551664103890863      1.19800000001353E-9      1.19800000001353E-9
-0.0018066084074226051    0.005395896652596531     1.19800000001353E-9      1.19800000001353E-9
-0.0018281115593132592    0.005293139652383116     1.19800000001353E-9      1.19800000001353E-9
-0.0017892907877162059    0.004470324531366653     1.19800000001353E-9      1.19800000001353E-9
-0.0018198018379194563    0.0045924703828529815    1.19800000001353E-9      1.19800000001353E-9
-0.001836518447881952     0.004690978812781718     1.19800000001353E-9      1.19800000001353E-9
-0.0016207723718158662    0.005875837879801446     1.19800000001353E-9      1.19800000001353E-9
-0.001439121704250272     0.006145140586949434     1.19800000001353E-9      1.19800000001353E-9
-0.0015119237461323255    0.006049918011386717     1.19800000001353E-9      1.19800000001353E-9
-0.0015667359905389173    0.00596897662228506      1.19800000001353E-9      1.19800000001353E-9
-0.0018436332199115552    0.0051737925545844755    1.19800000001353E-9      1.19800000001353E-9
-0.0018546176663848078    0.005029212806022901     1.19800000001353E-9      1.19800000001353E-9
-0.001849001313967034     0.004825752608120123     1.19800000001353E-9      1.19800000001353E-9
-5.069625416214761E-4     0.006758876425590157     1.19800000001353E-9      1.19800000001353E-9
-4.024245396692732E-4     0.006786288719499278     1.19800000001353E-9      1.19800000001353E-9
-3.031358161150512E-4     0.006804734808288357     1.19800000001353E-9      1.19800000001353E-9
-7.253179363569704E-5     0.006827373476792468     1.19800000001353E-9      1.19800000001353E-9
4.7325793316930694E-5     0.006828099435683407     1.19800000001353E-9      1.19800000001353E-9
-1.9037800074817228E-4    0.006818970026389798     1.19800000001353E-9      1.19800000001353E-9
-0.0016477496989696528    0.004105056273589841     1.19800000001353E-9      1.19800000001353E-9
-0.0015905074459488398    0.004000166812979411     1.19800000001353E-9      1.19800000001353E-9
-0.0015319240844845088    0.003908119877392296     1.19800000001353E-9      1.19800000001353E-9
-0.001458723228955298     0.0038099785111125914    1.19800000001353E-9      1.19800000001353E-9
-0.0013777537356077253    0.003712697520727061     1.19800000001353E-9      1.19800000001353E-9
-0.0012950283188440566    0.0036260371165373634    1.19800000001353E-9      1.19800000001353E-9
1.9306945287655698E-4     0.006818512386751366     1.19800000001353E-9      1.19800000001353E-9
3.080919165574855E-4      0.00680441324355107      1.19800000001353E-9      1.19800000001353E-9
4.0634195732804274E-4     0.006784824590464008     1.19800000001353E-9      1.19800000001353E-9
5.181524687170848E-4      0.006755372768167169     1.19800000001353E-9      1.19800000001353E-9
6.324456429953827E-4      0.006718537946317609     1.19800000001353E-9      1.19800000001353E-9
7.4435386386304E-4        0.00667425380409417      1.19800000001353E-9      1.19800000001353E-9
-0.0011870069726672196    0.003530176623533324     1.19800000001353E-9      1.19800000001353E-9
-0.0010741124457417236    0.00344135036884989      1.19800000001353E-9      1.19800000001353E-9
-9.854481615759576E-4     0.0033818571464764597    1.19800000001353E-9      1.19800000001353E-9
-8.796099208481088E-4     0.003321001060547937     1.19800000001353E-9      1.19800000001353E-9
-6.831933820427699E-4     0.0032283968446771933    1.19800000001353E-9      1.19800000001353E-9
8.769261092664716E-4      0.006610008536434515     1.19800000001353E-9      1.19800000001353E-9
0.0010732174127432998     0.006490208558794992     1.19800000001353E-9      1.19800000001353E-9
9.83801791040873E-4       0.0065500515220732036    1.19800000001353E-9      1.19800000001353E-9
0.001331855860475167      0.006268565867415576     1.19800000001353E-9      1.19800000001353E-9
0.0012423508247341817     0.006353790569990211     1.19800000001353E-9      1.19800000001353E-9
-5.314588854739982E-4     0.003175707414567794     1.19800000001353E-9      1.19800000001353E-9
-4.030245712167515E-4     0.003140599483188715     1.19800000001353E-9      1.19800000001353E-9
-2.9414004348683433E-4    0.0031196899736408816    1.19800000001353E-9      1.19800000001353E-9
-1.599530495502401E-4     0.0031029779538277206    1.19800000001353E-9      1.19800000001353E-9
-2.9593568940878248E-5    0.0030953129733967875    1.19800000001353E-9      1.19800000001353E-9
0.0014280346219778558     0.006161423585399984     1.19800000001353E-9      1.19800000001353E-9
0.0015640111685531637     0.005978479583483572     1.19800000001353E-9      1.19800000001353E-9
0.0015055335481115545     0.0060644077114396       1.19800000001353E-9      1.19800000001353E-9
0.0016440142066611384     0.0058364873633054174    1.19800000001353E-9      1.19800000001353E-9
0.0017165974189904329     0.005686217699986455     1.19800000001353E-9      1.19800000001353E-9
8.429541748091894E-5      0.003097583176873785     1.19800000001353E-9      1.19800000001353E-9
2.67834218419458E-4       0.0031178673921626373    1.19800000001353E-9      1.19800000001353E-9
0.0017642256157503506     0.0055551881775195875    1.19800000001353E-9      1.19800000001353E-9
0.0018008353954560752     0.00543655849242617      1.19800000001353E-9      1.19800000001353E-9
4.182633455079194E-4      0.003145590422204352     1.19800000001353E-9      1.19800000001353E-9
5.596397295273904E-4      0.0031857773766867303    1.19800000001353E-9      1.19800000001353E-9
6.925307197672749E-4      0.003233277302045298     1.19800000001353E-9      1.19800000001353E-9
0.001853920387396224      0.0051048287243567       1.19800000001353E-9      1.19800000001353E-9
0.0018396989506200279     0.00522743158103701      1.19800000001353E-9      1.19800000001353E-9
0.0018590305785642757     0.004989449355520417     1.19800000001353E-9      1.19800000001353E-9
7.854078610815407E-4      0.0032750763586926403    1.19800000001353E-9      1.19800000001353E-9
9.161752048994094E-4      0.0033456107713642747    1.19800000001353E-9      1.19800000001353E-9
0.0010553349428932257     0.0034322149212636203    1.19800000001353E-9      1.19800000001353E-9
0.0018539245967319974     0.004852092208615058     1.19800000001353E-9      1.19800000001353E-9
0.0018363656783713738     0.0046932650737634505    1.19800000001353E-9      1.19800000001353E-9
0.0012085170457419114     0.003552773045544264     1.19800000001353E-9      1.19800000001353E-9
0.0013066381986766643     0.0036435018720060845    1.19800000001353E-9      1.19800000001353E-9
0.0011222052961214848     0.003480539923564638     1.19800000001353E-9      1.19800000001353E-9
0.001744301677762343      0.004327848424818794     1.19800000001353E-9      1.19800000001353E-9
0.00179835232277051       0.004508711679699509     1.19800000001353E-9      1.19800000001353E-9
0.0016339665245255774     0.004084835590862632     1.19800000001353E-9      1.19800000001353E-9
0.0017055175192671767     0.004228906129327294     1.19800000001353E-9      1.19800000001353E-9
0.001441822198742671      0.003794949622640508     1.19800000001353E-9      1.19800000001353E-9
0.0015037017275811506     0.003873382915376227     1.19800000001353E-9      1.19800000001353E-9
0.0015569128607900195     0.003951042473241148     1.19800000001353E-9      1.19800000001353E-9
-0.0011101444337417354    -0.0056685088823803095   1.67200000001353E-9      1.67200000001353E-9
-7.633767330357771E-4     -0.006043912319066982    1.67200000001353E-9      1.67200000001353E-9
-9.592540611099E-4        -0.005869328049144201    1.67200000001353E-9      1.67200000001353E-9
-0.001016098099708452     -0.005803082262990557    1.67200000001353E-9      1.67200000001353E-9
-0.0010666169279062076    -0.0057353211883315255   1.67200000001353E-9      1.67200000001353E-9
-9.004424043508862E-4     -0.005929471215031476    1.67200000001353E-9      1.67200000001353E-9
-8.337234199055379E-4     -0.0059888277130545065   1.67200000001353E-9      1.67200000001353E-9
-8.31843159434657E-4      -0.005990424276054037    1.67200000001353E-9      1.67200000001353E-9
-7.729513084819178E-4     -0.0060370959374139825   1.67200000001353E-9      1.67200000001353E-9
-5.530589929880121E-4     -0.006168069809897914    1.67200000001353E-9      1.67200000001353E-9
-6.283185132589622E-4     -0.006129458315665767    1.67200000001353E-9      1.67200000001353E-9
-6.987607270182636E-4     -0.00608727626408171     1.67200000001353E-9      1.67200000001353E-9
-7.000617436148162E-4     -0.00608637062902448     1.67200000001353E-9      1.67200000001353E-9
1.7612408012853428E-4     -0.0062817146749865865   1.67200000001353E-9      1.67200000001353E-9
1.221987522772034E-5      -0.0062933165524287895   1.67200000001353E-9      1.67200000001353E-9
9.253394537953663E-5      -0.006290340493504213    1.67200000001353E-9      1.67200000001353E-9
-4.759153664681882E-4     -0.006201426448128922    1.67200000001353E-9      1.67200000001353E-9
-4.6896889630899913E-4    -0.00620423621315337     1.67200000001353E-9      1.67200000001353E-9
-3.951862304664056E-4     -0.006230382245133153    1.67200000001353E-9      1.67200000001353E-9
-3.9330711517246707E-4    -0.006230983191558553    1.67200000001353E-9      1.67200000001353E-9
-3.0894027500703977E-4    -0.00625538564410222     1.67200000001353E-9      1.67200000001353E-9
-2.446492457565105E-4     -0.00626838275286796     1.67200000001353E-9      1.67200000001353E-9
1.949601346720682E-4      -0.0062795170571451646   1.67200000001353E-9      1.67200000001353E-9
3.56636696781369E-4       -0.006244663441936271    1.67200000001353E-9      1.67200000001353E-9
4.453275205155634E-4      -0.006215968949973829    1.67200000001353E-9      1.67200000001353E-9
2.696955969711157E-4      -0.006265719705795969    1.67200000001353E-9      1.67200000001353E-9
-6.57756131564228E-5      -0.006291257024477975    1.67200000001353E-9      1.67200000001353E-9
-1.5063428017499328E-4    -0.006283708291331892    1.67200000001353E-9      1.67200000001353E-9
-2.3243170583206758E-4    -0.006271118421716163    1.67200000001353E-9      1.67200000001353E-9
5.178761621742247E-4      -0.006187564675969053    1.67200000001353E-9      1.67200000001353E-9
5.909114363608434E-4      -0.0061534109322682225   1.67200000001353E-9      1.67200000001353E-9
6.652810512411864E-4      -0.006112656846129906    1.67200000001353E-9      1.67200000001353E-9
7.332173440451944E-4      -0.006070182290637775    1.67200000001353E-9      1.67200000001353E-9
7.94697266979205E-4       -0.006025793118875926    1.67200000001353E-9      1.67200000001353E-9
8.556487923433013E-4      -0.005975267829442824    1.67200000001353E-9      1.67200000001353E-9
-0.0011128971631826825    -0.005663737755133769    1.67200000001353E-9      1.67200000001353E-9
-0.0012853786365866577    -0.005202031214850842    1.67200000001353E-9      1.67200000001353E-9
-0.0012207615694306982    -0.005442753551769921    1.67200000001353E-9      1.67200000001353E-9
-0.0012489974352923338    -0.005358936315179084    1.67200000001353E-9      1.67200000001353E-9
-0.0012704850326967713    -0.005276426481804073    1.67200000001353E-9      1.67200000001353E-9
-0.0011910076768121957    -0.005515972689082561    1.67200000001353E-9      1.67200000001353E-9
-0.0011554881445634895    -0.0055892833885560975   1.67200000001353E-9      1.67200000001353E-9
9.710060172572541E-4      -0.005861270730954423    1.67200000001353E-9      1.67200000001353E-9
9.70344491614647E-4       -0.005862003027052115    1.67200000001353E-9      1.67200000001353E-9
9.143481284655836E-4      -0.005920996170565393    1.67200000001353E-9      1.67200000001353E-9
0.0010192112796158252     -0.0058045091751637926   1.67200000001353E-9      1.67200000001353E-9
0.0010282974458457632     -0.0057921645918076504   1.67200000001353E-9      1.67200000001353E-9
0.0010745569131965012     -0.005728771502832874    1.67200000001353E-9      1.67200000001353E-9
0.001119503351657762      -0.005658946459578785    1.67200000001353E-9      1.67200000001353E-9
0.0010884587002984384     -0.005708858739182191    1.67200000001353E-9      1.67200000001353E-9
0.0011209551486212894     -0.005656334395975776    1.67200000001353E-9      1.67200000001353E-9
0.0011637841188461711     -0.005577367240505282    1.67200000001353E-9      1.67200000001353E-9
-0.0012661783562059005    -0.004686030414098061    1.67200000001353E-9      1.67200000001353E-9
-0.0012717167904922326    -0.0047142804733291115   1.67200000001353E-9      1.67200000001353E-9
-0.0012647455504788292    -0.004679653720022779    1.67200000001353E-9      1.67200000001353E-9
-0.0012873333553046918    -0.0051871424383317325   1.67200000001353E-9      1.67200000001353E-9
-0.0013027140981379615    -0.005008702026221546    1.67200000001353E-9      1.67200000001353E-9
-0.0012985139512343073    -0.0050955832194309715   1.67200000001353E-9      1.67200000001353E-9
-0.001301405759214886     -0.004928574962056074    1.67200000001353E-9      1.67200000001353E-9
-0.00129446071321047      -0.004844298166350293    1.67200000001353E-9      1.67200000001353E-9
-0.0012823645311766554    -0.00476295395726243     1.67200000001353E-9      1.67200000001353E-9
0.0011758686488796987     -0.00555442503509252     1.67200000001353E-9      1.67200000001353E-9
0.001198145204044175      -0.005506601144458159    1.67200000001353E-9      1.67200000001353E-9
0.0012673830821876648     -0.005293014499770224    1.67200000001353E-9      1.67200000001353E-9
0.0012478148455820348     -0.005368062556122541    1.67200000001353E-9      1.67200000001353E-9
0.0012239520337944602     -0.005439516897922249    1.67200000001353E-9      1.67200000001353E-9
0.0012996552223047205     -0.005066445403621912    1.67200000001353E-9      1.67200000001353E-9
0.0012936093701575043     -0.005143260621332963    1.67200000001353E-9      1.67200000001353E-9
0.001282941302816904      -0.005216865294221362    1.67200000001353E-9      1.67200000001353E-9
-0.001245490346071295     -0.004610921168526154    1.67200000001353E-9      1.67200000001353E-9
-0.001241657409344412     -0.004599131457693836    1.67200000001353E-9      1.67200000001353E-9
-0.0012123314572733406    -0.00451635197180447     1.67200000001353E-9      1.67200000001353E-9
-0.0011798602403700054    -0.00444094784208539     1.67200000001353E-9      1.67200000001353E-9
-0.0011415290592898322    -0.004366323864309294    1.67200000001353E-9      1.67200000001353E-9
-0.0010996108600199394    -0.004296305161802891    1.67200000001353E-9      1.67200000001353E-9
-0.0010548702187692643    -0.004231449854766316    1.67200000001353E-9      1.67200000001353E-9
0.001301731193154829      -0.004987175798444136    1.67200000001353E-9      1.67200000001353E-9
0.0012990913750398807     -0.00491177134109611     1.67200000001353E-9      1.67200000001353E-9
0.0012914256573364749     -0.004833546517410286    1.67200000001353E-9      1.67200000001353E-9
0.0012589406519619274     -0.004666010234197564    1.67200000001353E-9      1.67200000001353E-9
0.0012363207448268065     -0.004589979412159874    1.67200000001353E-9      1.67200000001353E-9
0.0012762107402114157     -0.00474143084080682     1.67200000001353E-9      1.67200000001353E-9
0.0012875420159704338     -0.004801165325863505    1.67200000001353E-9      1.67200000001353E-9
-8.09834161776607E-4      -0.0039750088954330015   1.67200000001353E-9      1.67200000001353E-9
-8.762801678267973E-4     -0.004031448092517782    1.67200000001353E-9      1.67200000001353E-9
-7.416018203880742E-4     -0.0039247155723391445   1.67200000001353E-9      1.67200000001353E-9
-0.0010536555041948024    -0.004229872489177694    1.67200000001353E-9      1.67200000001353E-9
-9.96229729170106E-4      -0.004155587999318279    1.67200000001353E-9      1.67200000001353E-9
-9.366217826736992E-4     -0.00408972407447321     1.67200000001353E-9      1.67200000001353E-9
-6.806575671569906E-4     -0.0038847850782356094   1.67200000001353E-9      1.67200000001353E-9
0.0011719636088671063     -0.004428235901759026    1.67200000001353E-9      1.67200000001353E-9
0.0011263720998910731     -0.0043429994276615435   1.67200000001353E-9      1.67200000001353E-9
0.0012083317738051645     -0.004511820861019351    1.67200000001353E-9      1.67200000001353E-9
0.0010279229684047708     -0.0041960436421220534   1.67200000001353E-9      1.67200000001353E-9
9.746180123389401E-4      -0.004131890746930859    1.67200000001353E-9      1.67200000001353E-9
0.0010754941076022465     -0.0042617198469560216   1.67200000001353E-9      1.67200000001353E-9
0.001112229877901236      -0.0043177290581105305   1.67200000001353E-9      1.67200000001353E-9
-6.625742243454432E-4     -0.0038744015449812294   1.67200000001353E-9      1.67200000001353E-9
-5.865647391846173E-4     -0.003832266114839188    1.67200000001353E-9      1.67200000001353E-9
-5.115629505080719E-4     -0.0037974573690495277   1.67200000001353E-9      1.67200000001353E-9
-4.3429302799962257E-4    -0.003767573999488945    1.67200000001353E-9      1.67200000001353E-9
-3.532381400840437E-4     -0.00374168449196814     1.67200000001353E-9      1.67200000001353E-9
-2.734790831139445E-4     -0.0037220649009893567   1.67200000001353E-9      1.67200000001353E-9
-2.0530311899289485E-4    -0.003708979458416538    1.67200000001353E-9      1.67200000001353E-9
-1.847032204585224E-4     -0.0037065030338980505   1.67200000001353E-9      1.67200000001353E-9
-8.98014424980756E-5      -0.0036960873569620084   1.67200000001353E-9      1.67200000001353E-9
1.0169112317593245E-7     -0.0036933083044680876   1.67200000001353E-9      1.67200000001353E-9
8.349815542541694E-5      -0.0036961561074196946   1.67200000001353E-9      1.67200000001353E-9
1.6447583601017333E-4     -0.00370358306956478     1.67200000001353E-9      1.67200000001353E-9
2.4252637829019655E-4     -0.0037159414090714533   1.67200000001353E-9      1.67200000001353E-9
3.0820313465153255E-4     -0.0037296176915583776   1.67200000001353E-9      1.67200000001353E-9
9.210744326916295E-4      -0.004074150382142453    1.67200000001353E-9      1.67200000001353E-9
8.589690797094691E-4      -0.004015625840237998    1.67200000001353E-9      1.67200000001353E-9
7.882310936249483E-4      -0.003958880703954786    1.67200000001353E-9      1.67200000001353E-9
3.316615516257952E-4      -0.003736258839078138    1.67200000001353E-9      1.67200000001353E-9
4.974104259577438E-4      -0.003791790378696119    1.67200000001353E-9      1.67200000001353E-9
4.178739832403328E-4      -0.003761856736865343    1.67200000001353E-9      1.67200000001353E-9
5.692961092286394E-4      -0.0038245053564935545   1.67200000001353E-9      1.67200000001353E-9
7.657186912614429E-4      -0.00394116447850854     1.67200000001353E-9      1.67200000001353E-9
6.427358029142987E-4      -0.0038629468652282995   1.67200000001353E-9      1.67200000001353E-9
7.113562330820777E-4      -0.0039047585102321702   1.67200000001353E-9      1.67200000001353E-9
-0.001260204697681353     0.005315528800150121     1.67200000001353E-9      1.67200000001353E-9
-6.624014042275386E-4     0.006111487812194439     1.67200000001353E-9      1.67200000001353E-9
-6.75568119416013E-4      0.006104091288833326     1.67200000001353E-9      1.67200000001353E-9
-8.735922953094388E-4     0.005955908378077791     1.67200000001353E-9      1.67200000001353E-9
-8.070911040885778E-4     0.006012532311431987     1.67200000001353E-9      1.67200000001353E-9
-7.388961658573992E-4     0.006062756993186249     1.67200000001353E-9      1.67200000001353E-9
-0.0010008272860079473    0.005823194876867259     1.67200000001353E-9      1.67200000001353E-9
-9.933852822053852E-4     0.005831948083828779     1.67200000001353E-9      1.67200000001353E-9
-9.342969987981786E-4     0.005897272972737021     1.67200000001353E-9      1.67200000001353E-9
-4.350127640801489E-4     0.006217850840949862     1.67200000001353E-9      1.67200000001353E-9
-5.11200891347663E-4      0.006188368504824255     1.67200000001353E-9      1.67200000001353E-9
-5.863303005734751E-4     0.0061534924290502346    1.67200000001353E-9      1.67200000001353E-9
-0.0012887038072072405    0.004813849090326283     1.67200000001353E-9      1.67200000001353E-9
-0.0012871274592087996    0.004800135038410609     1.67200000001353E-9      1.67200000001353E-9
-0.0010462651954020832    0.005764968933781356     1.67200000001353E-9      1.67200000001353E-9
-0.0010494940631609413    0.0057604382238833005    1.67200000001353E-9      1.67200000001353E-9
-2.0194622358574356E-4    0.0062766424098110885    1.67200000001353E-9      1.67200000001353E-9
-3.5484929326200503E-4    0.006243262537303455     1.67200000001353E-9      1.67200000001353E-9
-2.7580886486147465E-4    0.006262845066876493     1.67200000001353E-9      1.67200000001353E-9
-1.936606544225324E-4     0.006277651066863182     1.67200000001353E-9      1.67200000001353E-9
-1.0038735413891142E-4    0.0062885469360278385    1.67200000001353E-9      1.67200000001353E-9
-1.1610748741627383E-5    0.0062923603095204       1.67200000001353E-9      1.67200000001353E-9
7.272314726609517E-5      0.006290166887684596     1.67200000001353E-9      1.67200000001353E-9
-0.001253849582533904     0.004643816671737829     1.67200000001353E-9      1.67200000001353E-9
-0.0012274731776953452    0.004560626286373361     1.67200000001353E-9      1.67200000001353E-9
-0.0012736636959833662    0.004725821339144306     1.67200000001353E-9      1.67200000001353E-9
-0.0011221870928403925    0.004334217090312577     1.67200000001353E-9      1.67200000001353E-9
-0.0011991300500599187    0.004486592739311196     1.67200000001353E-9      1.67200000001353E-9
-0.0011643790846525934    0.004411105820998898     1.67200000001353E-9      1.67200000001353E-9
-0.0011173576662202713    0.004325501884561326     1.67200000001353E-9      1.67200000001353E-9
-0.001136308398549642     0.005626225188665334     1.67200000001353E-9      1.67200000001353E-9
-0.0011749201032521727    0.005551835871017563     1.67200000001353E-9      1.67200000001353E-9
-0.0010940870179130307    0.005695909458318144     1.67200000001353E-9      1.67200000001353E-9
-0.001065961128115024     0.005735996942743377     1.67200000001353E-9      1.67200000001353E-9
-0.0012594751889749736    0.005318628755862257     1.67200000001353E-9      1.67200000001353E-9
-0.0012988993530298584    0.005073009379487073     1.67200000001353E-9      1.67200000001353E-9
-0.0012910412340665892    0.005156967549060056     1.67200000001353E-9      1.67200000001353E-9
-0.0012779203331068935    0.00523806207909045      1.67200000001353E-9      1.67200000001353E-9
-0.0012630649568156067    0.005302032797223883     1.67200000001353E-9      1.67200000001353E-9
-0.001301546996669269     0.004992739619104686     1.67200000001353E-9      1.67200000001353E-9
-0.0012985816236852463    0.004905532816996171     1.67200000001353E-9      1.67200000001353E-9
-0.0012397328745344196    0.005387948548872264     1.67200000001353E-9      1.67200000001353E-9
-0.0012358481503759475    0.00539951653779211      1.67200000001353E-9      1.67200000001353E-9
-0.001207065508659865     0.005478473729875422     1.67200000001353E-9      1.67200000001353E-9
-9.727139751627048E-4     0.004127843849347362     1.67200000001353E-9      1.67200000001353E-9
-0.0010273189706214315    0.004193705948670773     1.67200000001353E-9      1.67200000001353E-9
-0.0010760891812003504    0.004260991336577121     1.67200000001353E-9      1.67200000001353E-9
3.0467495330574636E-4     0.006256461933937843     1.67200000001353E-9      1.67200000001353E-9
1.5481011194690817E-4     0.006283199440910565     1.67200000001353E-9      1.67200000001353E-9
2.338426862383127E-4      0.006271276682424384     1.67200000001353E-9      1.67200000001353E-9
-7.778648921377159E-4     0.003949418531328869     1.67200000001353E-9      1.67200000001353E-9
-9.167308443350504E-4     0.004068455198263066     1.67200000001353E-9      1.67200000001353E-9
-8.517835510546638E-4     0.004008184501021763     1.67200000001353E-9      1.67200000001353E-9
-7.766440864411581E-4     0.003948450491808492     1.67200000001353E-9      1.67200000001353E-9
5.633784156612057E-4      0.006165310602674513     1.67200000001353E-9      1.67200000001353E-9
3.1704831450011096E-4     0.0062530901455489715    1.67200000001353E-9      1.67200000001353E-9
4.887664127325191E-4      0.0061982197642463785    1.67200000001353E-9      1.67200000001353E-9
4.064054605169015E-4      0.006228003567053533     1.67200000001353E-9      1.67200000001353E-9
7.627374943274415E-4      0.006047663566333573     1.67200000001353E-9      1.67200000001353E-9
6.355522095710047E-4      0.006128301739916275     1.67200000001353E-9      1.67200000001353E-9
7.031668042567409E-4      0.006087973664089026     1.67200000001353E-9      1.67200000001353E-9
-5.676959953538532E-4     0.003820811416629471     1.67200000001353E-9      1.67200000001353E-9
-6.424980607168222E-4     0.003859821347655992     1.67200000001353E-9      1.67200000001353E-9
-7.122028347609784E-4     0.0039026016468105057    1.67200000001353E-9      1.67200000001353E-9
7.720722665571026E-4      0.006040536546687929     1.67200000001353E-9      1.67200000001353E-9
9.094932244969485E-4      0.00592552219605697      1.67200000001353E-9      1.67200000001353E-9
8.449314919337377E-4      0.00598380389009644      1.67200000001353E-9      1.67200000001353E-9
9.651558203255631E-4      0.005868077481619452     1.67200000001353E-9      1.67200000001353E-9
-3.259126641010613E-4     0.0037317460058681165    1.67200000001353E-9      1.67200000001353E-9
-4.125757642229071E-4     0.0037572424315987273    1.67200000001353E-9      1.67200000001353E-9
-4.930005999368556E-4     0.0037872314416589788    1.67200000001353E-9      1.67200000001353E-9
-3.184762827206336E-4     0.0037296384749486437    1.67200000001353E-9      1.67200000001353E-9
0.0011155272031335554     0.0056670475920433065    1.67200000001353E-9      1.67200000001353E-9
0.001108202324932541      0.005679704459178888     1.67200000001353E-9      1.67200000001353E-9
0.001019616968034284      0.005804716535041643     1.67200000001353E-9      1.67200000001353E-9
0.0010682053345923322     0.005739879595112432     1.67200000001353E-9      1.67200000001353E-9
-7.410670505202556E-5     0.003692343181139721     1.67200000001353E-9      1.67200000001353E-9
-1.6008354148264154E-4    0.003699850699890361     1.67200000001353E-9      1.67200000001353E-9
-2.427030558755777E-4     0.003712793001480077     1.67200000001353E-9      1.67200000001353E-9
0.001228012203076895      0.005429923451649568     1.67200000001353E-9      1.67200000001353E-9
0.0011613737510371169     0.0055858090241932955    1.67200000001353E-9      1.67200000001353E-9
0.0011985674538776483     0.005506018576852085     1.67200000001353E-9      1.67200000001353E-9
1.7149055624703734E-4     0.003701597012858774     1.67200000001353E-9      1.67200000001353E-9
4.636232235678204E-6      0.0036897107393329158    1.67200000001353E-9      1.67200000001353E-9
8.609665259378847E-5      0.0036924042156000697    1.67200000001353E-9      1.67200000001353E-9
2.0187055237604924E-4     0.003705518949540948     1.67200000001353E-9      1.67200000001353E-9
0.0012859940184786704     0.005206031938122748     1.67200000001353E-9      1.67200000001353E-9
0.0012530699325484424     0.005352399930059861     1.67200000001353E-9      1.67200000001353E-9
0.001272479778814544      0.00527554809219463      1.67200000001353E-9      1.67200000001353E-9
3.570494972094199E-4      0.00374095435633346      1.67200000001353E-9      1.67200000001353E-9
4.4505718105884273E-4     0.0037701272939052316    1.67200000001353E-9      1.67200000001353E-9
2.706333331514106E-4      0.0037192874790899074    1.67200000001353E-9      1.67200000001353E-9
0.0012880122910857226     0.005190824859012256     1.67200000001353E-9      1.67200000001353E-9
0.0012990865246590895     0.005102120456286689     1.67200000001353E-9      1.67200000001353E-9
0.0013029872372260385     0.005017959984751148     1.67200000001353E-9      1.67200000001353E-9
5.163349159446948E-4      0.0037982201678868413    1.67200000001353E-9      1.67200000001353E-9
5.869093465953651E-4      0.0038316359157685655    1.67200000001353E-9      1.67200000001353E-9
6.585759573259416E-4      0.0038714283773821807    1.67200000001353E-9      1.67200000001353E-9
0.0013009115070789007     0.004930690619137505     1.67200000001353E-9      1.67200000001353E-9
0.0012848240065309517     0.004782555792339708     1.67200000001353E-9      1.67200000001353E-9
0.0012950675133249713     0.004854899301219573     1.67200000001353E-9      1.67200000001353E-9
7.282859735001173E-4      0.00391491110209349      1.67200000001353E-9      1.67200000001353E-9
7.88270840186538E-4       0.00395798933723753      1.67200000001353E-9      1.67200000001353E-9
8.475675806355344E-4      0.004006735335169185     1.67200000001353E-9      1.67200000001353E-9
0.0012699306184798373     0.0047070636354248005    1.67200000001353E-9      1.67200000001353E-9
0.0012498622164723203     0.004629234006229555     1.67200000001353E-9      1.67200000001353E-9
0.0012252761970794092     0.004555704514957782     1.67200000001353E-9      1.67200000001353E-9
9.697630439104497E-4      0.004127072769847817     1.67200000001353E-9      1.67200000001353E-9
9.634191915493068E-4      0.004120138672741327     1.67200000001353E-9      1.67200000001353E-9
9.087503028894292E-4      0.004063220364044881     1.67200000001353E-9      1.67200000001353E-9
0.0010129869082076283     0.004178026839065186     1.67200000001353E-9      1.67200000001353E-9
0.0012013513884658292     0.004491590669597298     1.67200000001353E-9      1.67200000001353E-9
0.0010190809991660345     0.00418631703113371      1.67200000001353E-9      1.67200000001353E-9
0.0011556041228464803     0.004397231559534485     1.67200000001353E-9      1.67200000001353E-9
0.0011789414907987133     0.004441675680039793     1.67200000001353E-9      1.67200000001353E-9
0.0010654929698551373     0.0042489770611788425    1.67200000001353E-9      1.67200000001353E-9
0.0011119191042325387     0.0043197117925476225    1.67200000001353E-9      1.67200000001353E-9
0.001153644474282817      0.004393157432864011     1.67200000001353E-9      1.67200000001353E-9
0.0011230132390042898     0.004337394313067622     1.67200000001353E-9      1.67200000001353E-9
-0.001106803996194524     -0.0056733473478439225   1.67200000001353E-9      1.67200000001353E-9
-9.477761648477678E-4     -0.005881970642808706    1.67200000001353E-9      1.67200000001353E-9
-9.993177429966534E-4     -0.005823155278727046    1.67200000001353E-9      1.67200000001353E-9
-0.0010535951507824482    -0.005753275616426731    1.67200000001353E-9      1.67200000001353E-9
-8.90736289492509E-4      -0.005938924228882869    1.67200000001353E-9      1.67200000001353E-9
-8.235722076726203E-4     -0.00599670432533419     1.67200000001353E-9      1.67200000001353E-9
-5.434306686393116E-4     -0.006172673495932265    1.67200000001353E-9      1.67200000001353E-9
-6.177223013033065E-4     -0.0061350476663683175   1.67200000001353E-9      1.67200000001353E-9
-6.98399125020605E-4      -0.006087499192690405    1.67200000001353E-9      1.67200000001353E-9
-4.257980852315151E-5     -0.006292564888313976    1.67200000001353E-9      1.67200000001353E-9
3.949717788997245E-5      -0.00629306023603241     1.67200000001353E-9      1.67200000001353E-9
1.1936452059929622E-4     -0.0062883455529463336   1.67200000001353E-9      1.67200000001353E-9
-4.1319880638874347E-4    -0.006223790878389684    1.67200000001353E-9      1.67200000001353E-9
-3.231373153063201E-4     -0.006252024888149347    1.67200000001353E-9      1.67200000001353E-9
2.1665935551778032E-4     -0.006275141056878583    1.67200000001353E-9      1.67200000001353E-9
3.9670896556033634E-4     -0.0062323901429419785   1.67200000001353E-9      1.67200000001353E-9
3.111623937359324E-4      -0.006256296815567646    1.67200000001353E-9      1.67200000001353E-9
-1.2524738519516026E-4    -0.006286131819782775    1.67200000001353E-9      1.67200000001353E-9
-2.2751737681279418E-4    -0.006271918345137578    1.67200000001353E-9      1.67200000001353E-9
4.6625023355959205E-4     -0.0062087230208337126   1.67200000001353E-9      1.67200000001353E-9
5.410185150075768E-4      -0.006177613101461253    1.67200000001353E-9      1.67200000001353E-9
6.124092208148519E-4      -0.006142526709274235    1.67200000001353E-9      1.67200000001353E-9
6.845567778951333E-4      -0.006101430526673911    1.67200000001353E-9      1.67200000001353E-9
7.47771140954444E-4       -0.006060415158305477    1.67200000001353E-9      1.67200000001353E-9
8.068430696763929E-4      -0.006016446077371715    1.67200000001353E-9      1.67200000001353E-9
-0.001281946408755189     -0.0052175569654088      1.67200000001353E-9      1.67200000001353E-9
-0.0012123585657242836    -0.0054656599904733105   1.67200000001353E-9      1.67200000001353E-9
-0.0012371081886131527    -0.005395731743775278    1.67200000001353E-9      1.67200000001353E-9
-0.0012619265091438295    -0.005311036314943209    1.67200000001353E-9      1.67200000001353E-9
-0.001181756715843362     -0.005536932396040796    1.67200000001353E-9      1.67200000001353E-9
-0.0011475284521553738    -0.005604588885455156    1.67200000001353E-9      1.67200000001353E-9
8.643080374533507E-4      -0.005967703807436869    1.67200000001353E-9      1.67200000001353E-9
9.745100948855892E-4      -0.0058570129573558794   1.67200000001353E-9      1.67200000001353E-9
9.201776914790842E-4      -0.0059153308616589585   1.67200000001353E-9      1.67200000001353E-9
0.001054670555907705      -0.005757765995738729    1.67200000001353E-9      1.67200000001353E-9
0.0011160630246150622     -0.005664294393141055    1.67200000001353E-9      1.67200000001353E-9
0.0011501706423960854     -0.005605148567792618    1.67200000001353E-9      1.67200000001353E-9
-0.0012564421976877156    -0.004651849721015789    1.67200000001353E-9      1.67200000001353E-9
-0.001302721670599479     -0.004960813410925347    1.67200000001353E-9      1.67200000001353E-9
-0.0013020295566451938    -0.005044481363486056    1.67200000001353E-9      1.67200000001353E-9
-0.0012958814619746207    -0.005125574743182124    1.67200000001353E-9      1.67200000001353E-9
-0.0012977180471274862    -0.00488207512303537     1.67200000001353E-9      1.67200000001353E-9
-0.0012852843170054007    -0.004781884112775673    1.67200000001353E-9      1.67200000001353E-9
0.001182283953476543      -0.005539881436924748    1.67200000001353E-9      1.67200000001353E-9
0.0012161191320753488     -0.005459657523521115    1.67200000001353E-9      1.67200000001353E-9
0.0012633080382749922     -0.0053099561732016356   1.67200000001353E-9      1.67200000001353E-9
0.0012429476365528277     -0.005383595968298757    1.67200000001353E-9      1.67200000001353E-9
0.0012796003507936284     -0.0052348194398661625   1.67200000001353E-9      1.67200000001353E-9
0.0012987374536555726     -0.005083487775445302    1.67200000001353E-9      1.67200000001353E-9
0.0012918473488713073     -0.005158000938481621    1.67200000001353E-9      1.67200000001353E-9
-0.0012222180731184264    -0.004541393837460752    1.67200000001353E-9      1.67200000001353E-9
-0.0011940636134768498    -0.0044714174711150394   1.67200000001353E-9      1.67200000001353E-9
-0.001160207754622986     -0.004402286771314221    1.67200000001353E-9      1.67200000001353E-9
-0.0011138569636636498    -0.004319787798384816    1.67200000001353E-9      1.67200000001353E-9
-0.0010560822712932006    -0.004233323628567392    1.67200000001353E-9      1.67200000001353E-9
0.0013018639890442284     -0.005012791286364566    1.67200000001353E-9      1.67200000001353E-9
0.0013008975809791314     -0.004940098854804599    1.67200000001353E-9      1.67200000001353E-9
0.001295814039300694      -0.004869000911093335    1.67200000001353E-9      1.67200000001353E-9
0.0012379660033871886     -0.004595265957118554    1.67200000001353E-9      1.67200000001353E-9
0.0012613669517256144     -0.0046760740612346655   1.67200000001353E-9      1.67200000001353E-9
0.0012802572235696983     -0.004764891998960542    1.67200000001353E-9      1.67200000001353E-9
-8.528812559196373E-4     -0.004011246973994746    1.67200000001353E-9      1.67200000001353E-9
-7.823550459738209E-4     -0.003954448159333249    1.67200000001353E-9      1.67200000001353E-9
-7.002896478946461E-4     -0.003898147704156184    1.67200000001353E-9      1.67200000001353E-9
-9.074326953051528E-4     -0.004060296165569955    1.67200000001353E-9      1.67200000001353E-9
-0.0010111367204050366    -0.0041733391991906      1.67200000001353E-9      1.67200000001353E-9
-9.620377557326243E-4     -0.0041161524000613925   1.67200000001353E-9      1.67200000001353E-9
0.0012157073753331028     -0.0045304895976050735   1.67200000001353E-9      1.67200000001353E-9
0.0011475526453555585     -0.0043797777776948465   1.67200000001353E-9      1.67200000001353E-9
0.0011836269435360708     -0.0044524939802967605   1.67200000001353E-9      1.67200000001353E-9
9.898247552145652E-4      -0.00414971825270696     1.67200000001353E-9      1.67200000001353E-9
0.0010422118078613602     -0.004215273496816807    1.67200000001353E-9      1.67200000001353E-9
0.001093721580484666      -0.004290043157800259    1.67200000001353E-9      1.67200000001353E-9
-6.18569026021914E-4      -0.003848868447067302    1.67200000001353E-9      1.67200000001353E-9
-5.50256157453635E-4      -0.003814369279838698    1.67200000001353E-9      1.67200000001353E-9
-4.774486665234891E-4     -0.0037833770579890295   1.67200000001353E-9      1.67200000001353E-9
-4.057851394464769E-4     -0.0037580968587273564   1.67200000001353E-9      1.67200000001353E-9
-3.203012435809525E-4     -0.0037332184328541396   1.67200000001353E-9      1.67200000001353E-9
-2.259297405907666E-4     -0.0037133591594665514   1.67200000001353E-9      1.67200000001353E-9
-1.3337722716254846E-4    -0.003699594310175135    1.67200000001353E-9      1.67200000001353E-9
-5.4298510107891136E-5    -0.0036938808111744216   1.67200000001353E-9      1.67200000001353E-9
2.7860142041594562E-5     -0.003693519757989934    1.67200000001353E-9      1.67200000001353E-9
9.582614563055846E-5      -0.0036971431094397064   1.67200000001353E-9      1.67200000001353E-9
1.8437812788020533E-4     -0.003706535232718938    1.67200000001353E-9      1.67200000001353E-9
2.8031362406708796E-4     -0.0037242134563424513   1.67200000001353E-9      1.67200000001353E-9
9.451709670596873E-4      -0.0040991002434133915   1.67200000001353E-9      1.67200000001353E-9
8.853986316721008E-4      -0.004039135219702949    1.67200000001353E-9      1.67200000001353E-9
8.236197835570502E-4      -0.003985802943898704    1.67200000001353E-9      1.67200000001353E-9
5.243554610654852E-4      -0.003802979867137234    1.67200000001353E-9      1.67200000001353E-9
4.5128397105272556E-4     -0.003773284061988005    1.67200000001353E-9      1.67200000001353E-9
3.783198014207185E-4      -0.0037488690794513836   1.67200000001353E-9      1.67200000001353E-9
7.37405208603301E-4       -0.003922692797200704    1.67200000001353E-9      1.67200000001353E-9
5.807438485877282E-4      -0.00383031354975455     1.67200000001353E-9      1.67200000001353E-9
6.57529038706578E-4       -0.003871728530526473    1.67200000001353E-9      1.67200000001353E-9
-6.909754503537176E-4     0.0060936397322385195    1.67200000001353E-9      1.67200000001353E-9
-8.949268741553852E-4     0.005936372310178005     1.67200000001353E-9      1.67200000001353E-9
-8.382480691364434E-4     0.005986589450568489     1.67200000001353E-9      1.67200000001353E-9
-7.697713492258325E-4     0.0060405269457662215    1.67200000001353E-9      1.67200000001353E-9
-0.001027983969234639     0.005787691645896961     1.67200000001353E-9      1.67200000001353E-9
-9.506525819531571E-4     0.005880462125081408     1.67200000001353E-9      1.67200000001353E-9
-4.644929382544808E-4     0.006207246525302159     1.67200000001353E-9      1.67200000001353E-9
-5.403728979296383E-4     0.006175749703304961     1.67200000001353E-9      1.67200000001353E-9
-6.115088635620847E-4     0.006140543492383372     1.67200000001353E-9      1.67200000001353E-9
-0.0012841270293223444    0.004785208187630646     1.67200000001353E-9      1.67200000001353E-9
-2.1056131585842468E-4    0.006274869982539306     1.67200000001353E-9      1.67200000001353E-9
-3.903359962205519E-4     0.006232372528445326     1.67200000001353E-9      1.67200000001353E-9
-3.046513166513349E-4     0.006256012951325295     1.67200000001353E-9      1.67200000001353E-9
-1.2761893728689824E-4    0.006286335167245916     1.67200000001353E-9      1.67200000001353E-9
-4.908665637472195E-5     0.006291797179909766     1.67200000001353E-9      1.67200000001353E-9
3.21735349378476E-5       0.0062922447363736415    1.67200000001353E-9      1.67200000001353E-9
-0.001240978868308979     0.004601731548460736     1.67200000001353E-9      1.67200000001353E-9
-0.0012651118161783863    0.004688665703326825     1.67200000001353E-9      1.67200000001353E-9
-0.0012177024828922284    0.004532465260190136     1.67200000001353E-9      1.67200000001353E-9
-0.0011877675286368554    0.004459580588845072     1.67200000001353E-9      1.67200000001353E-9
-0.0011540794397108991    0.004390482092512511     1.67200000001353E-9      1.67200000001353E-9
-0.0011114609918535794    0.004316660178928571     1.67200000001353E-9      1.67200000001353E-9
-0.0011501978445450983    0.0055999826915457945    1.67200000001353E-9      1.67200000001353E-9
-0.0011021912401372974    0.005682828637548075     1.67200000001353E-9      1.67200000001353E-9
-0.0012545432598336428    0.005334848951312297     1.67200000001353E-9      1.67200000001353E-9
-0.0013009714250413788    0.005038139773595223     1.67200000001353E-9      1.67200000001353E-9
-0.00129523221808863      0.005114157660765273     1.67200000001353E-9      1.67200000001353E-9
-0.0012821146912835554    0.005213089105807653     1.67200000001353E-9      1.67200000001353E-9
-0.001301315755623302     0.004955371228860996     1.67200000001353E-9      1.67200000001353E-9
-0.0012963529541577387    0.004875339898392649     1.67200000001353E-9      1.67200000001353E-9
-0.0011861182248911692    0.005528224871621227     1.67200000001353E-9      1.67200000001353E-9
-0.0012154365818784819    0.00545790992775848      1.67200000001353E-9      1.67200000001353E-9
-9.527477957530701E-4     0.004105347491657363     1.67200000001353E-9      1.67200000001353E-9
-0.0010014418377719738    0.0041619788605471095    1.67200000001353E-9      1.67200000001353E-9
-0.0010569667490307087    0.004234102833278496     1.67200000001353E-9      1.67200000001353E-9
2.89473921643225E-4       0.006259355487352045     1.67200000001353E-9      1.67200000001353E-9
1.0362824399919957E-4     0.006287793423448046     1.67200000001353E-9      1.67200000001353E-9
1.9283602245893922E-4     0.006277717939843381     1.67200000001353E-9      1.67200000001353E-9
-8.960032184612925E-4     0.004047734278729638     1.67200000001353E-9      1.67200000001353E-9
-8.372362976722229E-4     0.003995495759369446     1.67200000001353E-9      1.67200000001353E-9
-7.752672287616868E-4     0.003947524275563302     1.67200000001353E-9      1.67200000001353E-9
5.241078465003499E-4      0.006183781348860714     1.67200000001353E-9      1.67200000001353E-9
4.4996768156613606E-4     0.00621344534505663      1.67200000001353E-9      1.67200000001353E-9
3.761405082835464E-4      0.0062376460737406485    1.67200000001353E-9      1.67200000001353E-9
7.506448443132192E-4      0.006055520893061369     1.67200000001353E-9      1.67200000001353E-9
5.853410181605964E-4      0.006154246382723163     1.67200000001353E-9      1.67200000001353E-9
6.659556763690981E-4      0.006110399975355375     1.67200000001353E-9      1.67200000001353E-9
-5.376607872731177E-4     0.003806341330010161     1.67200000001353E-9      1.67200000001353E-9
-6.059938267643221E-4     0.0038404510326686325    1.67200000001353E-9      1.67200000001353E-9
-6.884455991268844E-4     0.003887728820958841     1.67200000001353E-9      1.67200000001353E-9
9.400492266367628E-4      0.0058954577456334645    1.67200000001353E-9      1.67200000001353E-9
8.822785553966901E-4      0.005951595873565871     1.67200000001353E-9      1.67200000001353E-9
8.226101838037522E-4      0.0060025362975328015    1.67200000001353E-9      1.67200000001353E-9
-3.905431611876643E-4     0.003749892819098379     1.67200000001353E-9      1.67200000001353E-9
-4.638964913391268E-4     0.0037753819373617945    1.67200000001353E-9      1.67200000001353E-9
-3.0946644118566525E-4    0.0037278369409813124    1.67200000001353E-9      1.67200000001353E-9
0.0010986946930681015     0.005693398311077357     1.67200000001353E-9      1.67200000001353E-9
9.86502730109423E-4       0.005843661093292167     1.67200000001353E-9      1.67200000001353E-9
0.001042953789242595      0.005774030509136118     1.67200000001353E-9      1.67200000001353E-9
-3.170560262138399E-5     0.0036901046209002093    1.67200000001353E-9      1.67200000001353E-9
-1.0251766359599026E-4    0.0036945973767353295    1.67200000001353E-9      1.67200000001353E-9
-2.0126616133935252E-4    0.0037060579114693813    1.67200000001353E-9      1.67200000001353E-9
0.0012110789580428859     0.0054759983934837275    1.67200000001353E-9      1.67200000001353E-9
0.0011448836028647616     0.0056174070536035275    1.67200000001353E-9      1.67200000001353E-9
0.0011798013442371105     0.005548946949807017     1.67200000001353E-9      1.67200000001353E-9
4.9245727726817406E-5     0.0036901807652920298    1.67200000001353E-9      1.67200000001353E-9
1.279159440064486E-4      0.003695820005416358     1.67200000001353E-9      1.67200000001353E-9
2.342450997600364E-4      0.0037123781052148938    1.67200000001353E-9      1.67200000001353E-9
0.0012822522365961255     0.005223305473417171     1.67200000001353E-9      1.67200000001353E-9
0.0012344530193200622     0.0054104991051380944    1.67200000001353E-9      1.67200000001353E-9
0.0012608742691238408     0.005322272213425617     1.67200000001353E-9      1.67200000001353E-9
4.128880211964884E-4      0.0037588734104864936    1.67200000001353E-9      1.67200000001353E-9
3.2794176581140783E-4     0.0037331457709461977    1.67200000001353E-9      1.67200000001353E-9
4.771743158533184E-4      0.0037816297886574227    1.67200000001353E-9      1.67200000001353E-9
0.0012960238407725188     0.0051363538180056725    1.67200000001353E-9      1.67200000001353E-9
0.0013020429365637929     0.005063438409091214     1.67200000001353E-9      1.67200000001353E-9
0.0013032253740635036     0.004988346143013488     1.67200000001353E-9      1.67200000001353E-9
5.482781516792295E-4      0.003812341135888525     1.67200000001353E-9      1.67200000001353E-9
6.16194981665122E-4       0.003846832030626822     1.67200000001353E-9      1.67200000001353E-9
6.877958336679703E-4      0.00388888683848093      1.67200000001353E-9      1.67200000001353E-9
0.0012818331003820035     0.004765874986571054     1.67200000001353E-9      1.67200000001353E-9
0.0012934520150623887     0.0048408064452523485    1.67200000001353E-9      1.67200000001353E-9
0.0013000475601231234     0.004913781415643414     1.67200000001353E-9      1.67200000001353E-9
7.525550241002595E-4      0.0039315418076934045    1.67200000001353E-9      1.67200000001353E-9
8.12785267426373E-4       0.003977268057154829     1.67200000001353E-9      1.67200000001353E-9
8.759509381580084E-4      0.004032022790448341     1.67200000001353E-9      1.67200000001353E-9
0.0012663859366768958     0.004691470611698977     1.67200000001353E-9      1.67200000001353E-9
0.0012475737817407287     0.004621603408693489     1.67200000001353E-9      1.67200000001353E-9
0.0012231978848679897     0.004550153827703428     1.67200000001353E-9      1.67200000001353E-9
9.912984112989784E-4      0.004153183704598935     1.67200000001353E-9      1.67200000001353E-9
9.248738101458406E-4      0.004078857268635907     1.67200000001353E-9      1.67200000001353E-9
0.0011923038453424597     0.004472554235175988     1.67200000001353E-9      1.67200000001353E-9
0.0010517997024650427     0.004229060943393063     1.67200000001353E-9      1.67200000001353E-9
0.0010889115197576923     0.00428264224512541      1.67200000001353E-9      1.67200000001353E-9
0.0011482624436191943     0.004383642123068662     1.67200000001353E-9      1.67200000001353E-9
-5.783795587489509E-4     -0.0058218442114238      2.1470000000135303E-9    2.1470000000135303E-9
-6.405279137613639E-4     -0.005775469286865809    2.1470000000135303E-9    2.1470000000135303E-9
-5.824054524283137E-4     -0.005819144259266013    2.1470000000135303E-9    2.1470000000135303E-9
-6.529766511544146E-4     -0.00576444946256543     2.1470000000135303E-9    2.1470000000135303E-9
-4.548193918628102E-4     -0.0058959690600989935   2.1470000000135303E-9    2.1470000000135303E-9
-4.1366681780925075E-4    -0.005916845705874155    2.1470000000135303E-9    2.1470000000135303E-9
-5.231053859163718E-4     -0.005860322950520622    2.1470000000135303E-9    2.1470000000135303E-9
-4.687847376629149E-4     -0.005889429354229538    2.1470000000135303E-9    2.1470000000135303E-9
-9.163136438069349E-4     -0.005419533115361792    2.1470000000135303E-9    2.1470000000135303E-9
-9.494654429625779E-4     -0.005333714382997621    2.1470000000135303E-9    2.1470000000135303E-9
-9.386913438426995E-4     -0.005365836818078384    2.1470000000135303E-9    2.1470000000135303E-9
-9.784269758029646E-4     -0.005244427873236345    2.1470000000135303E-9    2.1470000000135303E-9
-9.598342904268166E-4     -0.0053055682870371025   2.1470000000135303E-9    2.1470000000135303E-9
-9.900462204513408E-4     -0.005184643528426856    2.1470000000135303E-9    2.1470000000135303E-9
-0.0010032621471059667    -0.005101112180942431    2.1470000000135303E-9    2.1470000000135303E-9
-9.924865418726645E-4     -0.005173331387005601    2.1470000000135303E-9    2.1470000000135303E-9
-0.0010042602939378897    -0.005086934383374423    2.1470000000135303E-9    2.1470000000135303E-9
-2.286589631469869E-4     -0.005978042314512761    2.1470000000135303E-9    2.1470000000135303E-9
-1.5596204817609836E-4    -0.005994073672253869    2.1470000000135303E-9    2.1470000000135303E-9
-2.2921532794277524E-4    -0.005977885265472259    2.1470000000135303E-9    2.1470000000135303E-9
-3.201851319848927E-4     -0.005952839233075724    2.1470000000135303E-9    2.1470000000135303E-9
-1.0997816783677082E-4    -0.005998385470758557    2.1470000000135303E-9    2.1470000000135303E-9
-9.327685317481428E-5     -0.006000858566549788    2.1470000000135303E-9    2.1470000000135303E-9
-3.0474808679845334E-5    -0.00600573624886187     2.1470000000135303E-9    2.1470000000135303E-9
2.9850706756700368E-5     -0.0060054984871600135   2.1470000000135303E-9    2.1470000000135303E-9
1.397565250903674E-4      -0.005994909473124556    2.1470000000135303E-9    2.1470000000135303E-9
5.065110073344212E-5      -0.006003901832309824    2.1470000000135303E-9    2.1470000000135303E-9
2.3556419973659712E-4     -0.0059774045381386295   2.1470000000135303E-9    2.1470000000135303E-9
4.6760868654569285E-4     -0.005890291426511773    2.1470000000135303E-9    2.1470000000135303E-9
4.935210086099978E-4      -0.0058776634814520536   2.1470000000135303E-9    2.1470000000135303E-9
5.465950230881653E-4      -0.005847278936567413    2.1470000000135303E-9    2.1470000000135303E-9
3.0935516097603825E-4     -0.0059578939805134115   2.1470000000135303E-9    2.1470000000135303E-9
3.8506097175299784E-4     -0.005929683430410617    2.1470000000135303E-9    2.1470000000135303E-9
4.393698973080217E-4      -0.00590594241512617     2.1470000000135303E-9    2.1470000000135303E-9
3.7772773576397303E-4     -0.0059323103454611585   2.1470000000135303E-9    2.1470000000135303E-9
6.084160833765761E-4      -0.005803664523784507    2.1470000000135303E-9    2.1470000000135303E-9
-8.465159805976972E-4     -0.005542904354815301    2.1470000000135303E-9    2.1470000000135303E-9
-8.87843962491852E-4      -0.0054742315818541035   2.1470000000135303E-9    2.1470000000135303E-9
-8.513052772228787E-4     -0.005535756096542467    2.1470000000135303E-9    2.1470000000135303E-9
-8.946705738484376E-4     -0.005460578764297778    2.1470000000135303E-9    2.1470000000135303E-9
-7.536780251163379E-4     -0.005664772480706263    2.1470000000135303E-9    2.1470000000135303E-9
-7.283100414576205E-4     -0.005693890947974316    2.1470000000135303E-9    2.1470000000135303E-9
-8.126549140109595E-4     -0.005595446976079656    2.1470000000135303E-9    2.1470000000135303E-9
-7.714477871103161E-4     -0.005645507169959948    2.1470000000135303E-9    2.1470000000135303E-9
-6.870221163875386E-4     -0.005735540221333489    2.1470000000135303E-9    2.1470000000135303E-9
6.734951862630569E-4      -0.005749684071463644    2.1470000000135303E-9    2.1470000000135303E-9
7.372038629897699E-4      -0.005687862018882059    2.1470000000135303E-9    2.1470000000135303E-9
-0.0010087702222954156    -0.005039127085167662    2.1470000000135303E-9    2.1470000000135303E-9
-0.0010059404949429884    -0.0049336182707482      2.1470000000135303E-9    2.1470000000135303E-9
-0.00100901913090588      -0.0049802666661467095   2.1470000000135303E-9    2.1470000000135303E-9
-9.99483301672966E-4      -0.004853994184634335    2.1470000000135303E-9    2.1470000000135303E-9
-0.0010053971845431094    -0.004917062487212691    2.1470000000135303E-9    2.1470000000135303E-9
-3.611523530078405E-4     -0.005939518621767961    2.1470000000135303E-9    2.1470000000135303E-9
-9.857756287346413E-4     -0.00478748638498031     2.1470000000135303E-9    2.1470000000135303E-9
-9.672983885823743E-4     -0.004710807239486817    2.1470000000135303E-9    2.1470000000135303E-9
-9.848167959127486E-4     -0.00478231617525277     2.1470000000135303E-9    2.1470000000135303E-9
-9.609645442292022E-4     -0.004692101851918122    2.1470000000135303E-9    2.1470000000135303E-9
-9.475830176698129E-4     -0.004649718072246579    2.1470000000135303E-9    2.1470000000135303E-9
7.874868441182197E-4      -0.005628546505966568    2.1470000000135303E-9    2.1470000000135303E-9
8.320220408507181E-4      -0.005568737623102345    2.1470000000135303E-9    2.1470000000135303E-9
8.741508581432497E-4      -0.005502847142632894    2.1470000000135303E-9    2.1470000000135303E-9
9.054377461050012E-4      -0.005445933981928721    2.1470000000135303E-9    2.1470000000135303E-9
9.318045029556968E-4      -0.005386525664884076    2.1470000000135303E-9    2.1470000000135303E-9
9.551571601924973E-4      -0.005323861094068003    2.1470000000135303E-9    2.1470000000135303E-9
9.769906530712176E-4      -0.005248951405316334    2.1470000000135303E-9    2.1470000000135303E-9
9.768676413871803E-4      -0.005249572354175166    2.1470000000135303E-9    2.1470000000135303E-9
9.608652662702671E-4      -0.005307297746217116    2.1470000000135303E-9    2.1470000000135303E-9
9.91202666678619E-4       -0.00518567228193126     2.1470000000135303E-9    2.1470000000135303E-9
-9.035693895142039E-4     -0.004552950153629258    2.1470000000135303E-9    2.1470000000135303E-9
-9.245447147525363E-4     -0.004594837453823628    2.1470000000135303E-9    2.1470000000135303E-9
-8.666993549250898E-4     -0.004481356330716199    2.1470000000135303E-9    2.1470000000135303E-9
-8.965776255391053E-4     -0.004537667963282611    2.1470000000135303E-9    2.1470000000135303E-9
-8.311116568428896E-4     -0.004429140299326226    2.1470000000135303E-9    2.1470000000135303E-9
-7.834910006479976E-4     -0.0043641568086982595   2.1470000000135303E-9    2.1470000000135303E-9
-8.265230729505574E-4     -0.004422115640880185    2.1470000000135303E-9    2.1470000000135303E-9
-7.74059691785849E-4      -0.004353343844536724    2.1470000000135303E-9    2.1470000000135303E-9
-7.453763745964964E-4     -0.004318978832085072    2.1470000000135303E-9    2.1470000000135303E-9
0.0010045952722931497     -0.005084720853668049    2.1470000000135303E-9    2.1470000000135303E-9
0.0010056689147346458     -0.005075869696454495    2.1470000000135303E-9    2.1470000000135303E-9
0.001009289586505199      -0.005011747117966576    2.1470000000135303E-9    2.1470000000135303E-9
0.001008073741050484      -0.004950990241885222    2.1470000000135303E-9    2.1470000000135303E-9
0.0010052855158186693     -0.004920868541364608    2.1470000000135303E-9    2.1470000000135303E-9
9.920936669137962E-4      -0.004819713251008485    2.1470000000135303E-9    2.1470000000135303E-9
9.78937106874206E-4       -0.004753399135232855    2.1470000000135303E-9    2.1470000000135303E-9
9.930455433139352E-4      -0.004826763430654225    2.1470000000135303E-9    2.1470000000135303E-9
9.60459851080044E-4       -0.004693782993237829    2.1470000000135303E-9    2.1470000000135303E-9
9.592949692737042E-4      -0.004689555028432433    2.1470000000135303E-9    2.1470000000135303E-9
9.373899254977945E-4      -0.004626409186599704    2.1470000000135303E-9    2.1470000000135303E-9
8.954772613196927E-4      -0.004536919869477237    2.1470000000135303E-9    2.1470000000135303E-9
9.134151085798616E-4      -0.004571121004361056    2.1470000000135303E-9    2.1470000000135303E-9
-6.69212794345788E-4      -0.0042464992428252885   2.1470000000135303E-9    2.1470000000135303E-9
-7.037008457311227E-4     -0.004276824976638428    2.1470000000135303E-9    2.1470000000135303E-9
-6.052307489974732E-4     -0.00419189390627332     2.1470000000135303E-9    2.1470000000135303E-9
-6.552502699670345E-4     -0.004233428478581795    2.1470000000135303E-9    2.1470000000135303E-9
-5.480516335357251E-4     -0.004154257517688038    2.1470000000135303E-9    2.1470000000135303E-9
-4.8697115731780846E-4    -0.0041163917234350875   2.1470000000135303E-9    2.1470000000135303E-9
-5.467601735531042E-4     -0.004153360493442504    2.1470000000135303E-9    2.1470000000135303E-9
-4.6484329806029427E-4    -0.004105430109252217    2.1470000000135303E-9    2.1470000000135303E-9
8.485507176322579E-4      -0.004456022361710888    2.1470000000135303E-9    2.1470000000135303E-9
8.850748310311048E-4      -0.004515952578761126    2.1470000000135303E-9    2.1470000000135303E-9
8.494026650029094E-4      -0.004457278954856575    2.1470000000135303E-9    2.1470000000135303E-9
7.639023428096469E-4      -0.004342375328600607    2.1470000000135303E-9    2.1470000000135303E-9
7.303596216146117E-4      -0.004303664497604272    2.1470000000135303E-9    2.1470000000135303E-9
8.12192458687607E-4       -0.004399965479536488    2.1470000000135303E-9    2.1470000000135303E-9
7.72006294630099E-4       -0.0043511691962564705   2.1470000000135303E-9    2.1470000000135303E-9
6.571264460660799E-4      -0.004234739911867263    2.1470000000135303E-9    2.1470000000135303E-9
6.900158451431362E-4      -0.0042626009922833615   2.1470000000135303E-9    2.1470000000135303E-9
3.530017775074328E-4      -0.00405465059334097     2.1470000000135303E-9    2.1470000000135303E-9
5.814071681519424E-4      -0.0041764525608960715   2.1470000000135303E-9    2.1470000000135303E-9
6.420870817997514E-4      -0.004221499216660641    2.1470000000135303E-9    2.1470000000135303E-9
5.834389430936338E-4      -0.004177810597425101    2.1470000000135303E-9    2.1470000000135303E-9
4.678422055591512E-4      -0.004106965199768117    2.1470000000135303E-9    2.1470000000135303E-9
4.6648577174161987E-4     -0.004106178328721533    2.1470000000135303E-9    2.1470000000135303E-9
4.0862160359023407E-4     -0.004077260201667007    2.1470000000135303E-9    2.1470000000135303E-9
-1.8097947452412028E-4    -0.004008318990397994    2.1470000000135303E-9    2.1470000000135303E-9
-2.5013441271138146E-4    -0.004021825775062448    2.1470000000135303E-9    2.1470000000135303E-9
-1.8018796500768113E-4    -0.004008212452018807    2.1470000000135303E-9    2.1470000000135303E-9
-8.250693409327079E-5     -0.0039954363267353426   2.1470000000135303E-9    2.1470000000135303E-9
-3.162058683392105E-4     -0.004042916776569072    2.1470000000135303E-9    2.1470000000135303E-9
-3.7441544916310635E-4    -0.004063103947444799    2.1470000000135303E-9    2.1470000000135303E-9
-3.126077036858143E-4     -0.004041540266620006    2.1470000000135303E-9    2.1470000000135303E-9
-4.3008000643059857E-4    -0.004086726978921396    2.1470000000135303E-9    2.1470000000135303E-9
2.192239652757568E-4      -0.004016727011172405    2.1470000000135303E-9    2.1470000000135303E-9
1.4835374927934115E-4     -0.0040017951406848265   2.1470000000135303E-9    2.1470000000135303E-9
2.1999844964009355E-4     -0.004016936437339537    2.1470000000135303E-9    2.1470000000135303E-9
3.164572242856412E-4      -0.004043016229672139    2.1470000000135303E-9    2.1470000000135303E-9
8.511734969810907E-5      -0.003995860426558318    2.1470000000135303E-9    2.1470000000135303E-9
8.200848414156393E-5      -0.003995449986588837    2.1470000000135303E-9    2.1470000000135303E-9
1.5571988636362273E-5     -0.003991166066778849    2.1470000000135303E-9    2.1470000000135303E-9
-4.6613108740532945E-5    -0.003991981421009709    2.1470000000135303E-9    2.1470000000135303E-9
-8.283138780793519E-4     0.005570219702054833     2.1470000000135303E-9    2.1470000000135303E-9
-7.821052700213026E-4     0.005633028210419015     2.1470000000135303E-9    2.1470000000135303E-9
-8.243823872804163E-4     0.005576129972903475     2.1470000000135303E-9    2.1470000000135303E-9
-7.736694449505485E-4     0.005642855023398058     2.1470000000135303E-9    2.1470000000135303E-9
-8.984259447946828E-4     0.005452596662019375     2.1470000000135303E-9    2.1470000000135303E-9
-9.219291276938678E-4     0.005406267918207229     2.1470000000135303E-9    2.1470000000135303E-9
-8.642472569902209E-4     0.005518103236252481     2.1470000000135303E-9    2.1470000000135303E-9
-8.938059295294161E-4     0.005462521349483273     2.1470000000135303E-9    2.1470000000135303E-9
-9.445748450699868E-4     0.005351955545446162     2.1470000000135303E-9    2.1470000000135303E-9
-9.840798737767995E-4     0.005213330414669341     2.1470000000135303E-9    2.1470000000135303E-9
-9.649166281615829E-4     0.00529113404777685      2.1470000000135303E-9    2.1470000000135303E-9
-9.829084878806463E-4     0.005219537385007275     2.1470000000135303E-9    2.1470000000135303E-9
-9.582041509814309E-4     0.005310601104124271     2.1470000000135303E-9    2.1470000000135303E-9
-0.0010052527244367284    0.005063629841018732     2.1470000000135303E-9    2.1470000000135303E-9
-0.0010084271043383057    0.005021863678681047     2.1470000000135303E-9    2.1470000000135303E-9
-9.980097541540114E-4     0.005147760951682834     2.1470000000135303E-9    2.1470000000135303E-9
-0.0010043348936194228    0.00508488174985812      2.1470000000135303E-9    2.1470000000135303E-9
-0.0010087076837592204    0.0049630595963018505    2.1470000000135303E-9    2.1470000000135303E-9
-9.903460062645989E-4     0.004814941665327452     2.1470000000135303E-9    2.1470000000135303E-9
-0.0010033148611168015    0.004900514774492427     2.1470000000135303E-9    2.1470000000135303E-9
-9.929788024435082E-4     0.004827525772427637     2.1470000000135303E-9    2.1470000000135303E-9
-0.001004144370454657     0.004913152205773612     2.1470000000135303E-9    2.1470000000135303E-9
-9.494846958798706E-4     0.00466303826684048      2.1470000000135303E-9    2.1470000000135303E-9
-9.394928287222539E-4     0.004632877257879278     2.1470000000135303E-9    2.1470000000135303E-9
-9.790888699735747E-4     0.004755685458986003     2.1470000000135303E-9    2.1470000000135303E-9
-9.606478113023798E-4     0.004693842759076461     2.1470000000135303E-9    2.1470000000135303E-9
-5.470624036408246E-4     0.005843263449735219     2.1470000000135303E-9    2.1470000000135303E-9
-4.849195997645732E-4     0.00588143094468966      2.1470000000135303E-9    2.1470000000135303E-9
-5.433038623011103E-4     0.005845821067291782     2.1470000000135303E-9    2.1470000000135303E-9
-4.668569034226069E-4     0.005890574651097161     2.1470000000135303E-9    2.1470000000135303E-9
-6.707452530255093E-4     0.005748703988982239     2.1470000000135303E-9    2.1470000000135303E-9
-7.023660241820533E-4     0.005721070375001673     2.1470000000135303E-9    2.1470000000135303E-9
-6.003851943663181E-4     0.0058086505329175975    2.1470000000135303E-9    2.1470000000135303E-9
-6.521925127645571E-4     0.005765838945260031     2.1470000000135303E-9    2.1470000000135303E-9
-7.445953360156843E-4     0.005678430316020076     2.1470000000135303E-9    2.1470000000135303E-9
-1.8348783778257487E-4    0.0059876914737290446    2.1470000000135303E-9    2.1470000000135303E-9
-1.7880375377925218E-4    0.005988682217268788     2.1470000000135303E-9    2.1470000000135303E-9
-1.0884971703153335E-4    0.005999554276736346     2.1470000000135303E-9    2.1470000000135303E-9
-8.58473000148458E-5      0.006001187498710119     2.1470000000135303E-9    2.1470000000135303E-9
-3.2443820071009907E-4    0.005950819883312477     2.1470000000135303E-9    2.1470000000135303E-9
-3.7397245407484086E-4    0.00593393474361011      2.1470000000135303E-9    2.1470000000135303E-9
-2.4786890651122236E-4    0.0059753993019831825    2.1470000000135303E-9    2.1470000000135303E-9
-3.1131436327209484E-4    0.005955734780663505     2.1470000000135303E-9    2.1470000000135303E-9
-4.302157456804638E-4     0.00591017866677687      2.1470000000135303E-9    2.1470000000135303E-9
-9.173525831079597E-4     0.004578902527649026     2.1470000000135303E-9    2.1470000000135303E-9
-8.47267946847479E-4      0.004453711201048391     2.1470000000135303E-9    2.1470000000135303E-9
-8.889072247443991E-4     0.004523344662028063     2.1470000000135303E-9    2.1470000000135303E-9
-8.519032966068655E-4     0.00446062331346526      2.1470000000135303E-9    2.1470000000135303E-9
-8.957275494838441E-4     0.004537229247185594     2.1470000000135303E-9    2.1470000000135303E-9
-7.594165808964599E-4     0.004336751262272301     2.1470000000135303E-9    2.1470000000135303E-9
-7.298372622255465E-4     0.00430252283289472      2.1470000000135303E-9    2.1470000000135303E-9
-8.126271358132751E-4     0.0043998838520007124    2.1470000000135303E-9    2.1470000000135303E-9
-7.72069562810827E-4      0.004350472976879592     2.1470000000135303E-9    2.1470000000135303E-9
2.1416548093823812E-4     0.005981309578036528     2.1470000000135303E-9    2.1470000000135303E-9
2.902085982959849E-4      0.005962925903391376     2.1470000000135303E-9    2.1470000000135303E-9
2.1957930254964887E-4     0.005980301703423577     2.1470000000135303E-9    2.1470000000135303E-9
3.1097291565234113E-4     0.005955868869047972     2.1470000000135303E-9    2.1470000000135303E-9
7.224862131987763E-5      0.006001550315783232     2.1470000000135303E-9    2.1470000000135303E-9
1.5772154520940054E-5     0.006005429548117734     2.1470000000135303E-9    2.1470000000135303E-9
1.488235188619979E-4      0.005994894014722546     2.1470000000135303E-9    2.1470000000135303E-9
8.234412439123853E-5      0.0060011803867469115    2.1470000000135303E-9    2.1470000000135303E-9
-4.59200123786467E-5      0.006004834598123468     2.1470000000135303E-9    2.1470000000135303E-9
-6.886325735114811E-4     0.004261134390686497     2.1470000000135303E-9    2.1470000000135303E-9
-5.822304106919425E-4     0.004176353840907629     2.1470000000135303E-9    2.1470000000135303E-9
-5.225586522429108E-4     0.004135267053656865     2.1470000000135303E-9    2.1470000000135303E-9
-5.833746586154969E-4     0.004177247022550187     2.1470000000135303E-9    2.1470000000135303E-9
-6.573096730502596E-4     0.0042341766238165775    2.1470000000135303E-9    2.1470000000135303E-9
-4.7507873940080977E-4    0.004109761406228103     2.1470000000135303E-9    2.1470000000135303E-9
-4.6657592468072505E-4    0.0041046968281046115    2.1470000000135303E-9    2.1470000000135303E-9
-4.096856897807233E-4     0.004075959458056808     2.1470000000135303E-9    2.1470000000135303E-9
4.545884077509933E-4      0.005896595849209733     2.1470000000135303E-9    2.1470000000135303E-9
4.0669301356120085E-4     0.005920460187687339     2.1470000000135303E-9    2.1470000000135303E-9
5.211085434673741E-4      0.005862159392690998     2.1470000000135303E-9    2.1470000000135303E-9
4.6427990325354504E-4     0.005892147803791702     2.1470000000135303E-9    2.1470000000135303E-9
3.519285471839624E-4      0.005942907787898008     2.1470000000135303E-9    2.1470000000135303E-9
5.742073207695502E-4      0.005825893612456926     2.1470000000135303E-9    2.1470000000135303E-9
6.367082761955675E-4      0.005780427014326335     2.1470000000135303E-9    2.1470000000135303E-9
5.794403410948712E-4      0.005822468979152362     2.1470000000135303E-9    2.1470000000135303E-9
6.502558195750884E-4      0.005768734509275983     2.1470000000135303E-9    2.1470000000135303E-9
-3.543973251333706E-4     0.004053497513031553     2.1470000000135303E-9    2.1470000000135303E-9
-3.23967286153789E-4      0.004043709656963485     2.1470000000135303E-9    2.1470000000135303E-9
-2.2280188979911076E-4    0.0040153294878283435    2.1470000000135303E-9    2.1470000000135303E-9
-1.5230537800378893E-4    0.004001458687708705     2.1470000000135303E-9    2.1470000000135303E-9
-2.3351784557532727E-4    0.004018317716937134     2.1470000000135303E-9    2.1470000000135303E-9
7.545945063567429E-4      0.005666572270105855     2.1470000000135303E-9    2.1470000000135303E-9
7.246836757266149E-4      0.005700274995951774     2.1470000000135303E-9    2.1470000000135303E-9
8.09579618493832E-4       0.005602296609432823     2.1470000000135303E-9    2.1470000000135303E-9
7.681209885027219E-4      0.005652120851389919     2.1470000000135303E-9    2.1470000000135303E-9
6.833426032732835E-4      0.005741208198000865     2.1470000000135303E-9    2.1470000000135303E-9
8.453641400921779E-4      0.0055488789777285875    2.1470000000135303E-9    2.1470000000135303E-9
8.848684017706124E-4      0.0054852368457869415    2.1470000000135303E-9    2.1470000000135303E-9
8.483034282923914E-4      0.005544677805156693     2.1470000000135303E-9    2.1470000000135303E-9
8.935137073213757E-4      0.005468113126809304     2.1470000000135303E-9    2.1470000000135303E-9
-1.1772335015627382E-4    0.003998316423327531     2.1470000000135303E-9    2.1470000000135303E-9
-9.088789128914545E-5     0.003994342933077599     2.1470000000135303E-9    2.1470000000135303E-9
-2.9310759480166805E-5    0.003989727450461842     2.1470000000135303E-9    2.1470000000135303E-9
3.016420732180888E-5      0.003990073461763187     2.1470000000135303E-9    2.1470000000135303E-9
9.568786371878728E-4      0.005318207729191385     2.1470000000135303E-9    2.1470000000135303E-9
9.376006321387281E-4      0.005374228550298626     2.1470000000135303E-9    2.1470000000135303E-9
9.787651797668027E-4      0.005249840806071506     2.1470000000135303E-9    2.1470000000135303E-9
9.590894669139373E-4      0.005312357591819677     2.1470000000135303E-9    2.1470000000135303E-9
9.139320523513306E-4      0.005429455762236634     2.1470000000135303E-9    2.1470000000135303E-9
4.8671166864848174E-5     0.00399154777410332      2.1470000000135303E-9    2.1470000000135303E-9
1.3820735558205582E-4     0.0040004232690671595    2.1470000000135303E-9    2.1470000000135303E-9
2.3502740007240919E-4     0.004018480096389903     2.1470000000135303E-9    2.1470000000135303E-9
9.919856408591526E-4      0.005183152777482678     2.1470000000135303E-9    2.1470000000135303E-9
9.921437525264986E-4      0.005182071260833029     2.1470000000135303E-9    2.1470000000135303E-9
0.001005663973942862      0.005088070380053484     2.1470000000135303E-9    2.1470000000135303E-9
3.1095050576669073E-4     0.004039235202658859     2.1470000000135303E-9    2.1470000000135303E-9
3.872174071723269E-4      0.004067542438032997     2.1470000000135303E-9    2.1470000000135303E-9
4.413994727682749E-4      0.0040913016223753425    2.1470000000135303E-9    2.1470000000135303E-9
3.8004130679384875E-4     0.004064940059630381     2.1470000000135303E-9    2.1470000000135303E-9
0.0010092535778507764     0.005052725363370092     2.1470000000135303E-9    2.1470000000135303E-9
0.0010071524176634137     0.004931123077764321     2.1470000000135303E-9    2.1470000000135303E-9
0.0010104046147559227     0.004992912123600058     2.1470000000135303E-9    2.1470000000135303E-9
0.0010017912756639963     0.004864163347806993     2.1470000000135303E-9    2.1470000000135303E-9
0.0010070892712971983     0.004928524808593395     2.1470000000135303E-9    2.1470000000135303E-9
4.7516576995730695E-4     0.004110558037458894     2.1470000000135303E-9    2.1470000000135303E-9
4.960479470541749E-4      0.004121146894391607     2.1470000000135303E-9    2.1470000000135303E-9
5.499057154250466E-4      0.004152620783580485     2.1470000000135303E-9    2.1470000000135303E-9
6.124846866391845E-4      0.004197346851859784     2.1470000000135303E-9    2.1470000000135303E-9
9.936427928961362E-4      0.004819333957366364     2.1470000000135303E-9    2.1470000000135303E-9
9.788464933980854E-4      0.004752364546658372     2.1470000000135303E-9    2.1470000000135303E-9
9.78565325293753E-4       0.004750984554551685     2.1470000000135303E-9    2.1470000000135303E-9
9.620347604771633E-4      0.0046914483529000885    2.1470000000135303E-9    2.1470000000135303E-9
6.761726545723125E-4      0.00425130805224041      2.1470000000135303E-9    2.1470000000135303E-9
7.385856059491688E-4      0.004312240618534365     2.1470000000135303E-9    2.1470000000135303E-9
7.900708975487041E-4      0.004373021164822074     2.1470000000135303E-9    2.1470000000135303E-9
9.028043791558765E-4      0.004547266590471093     2.1470000000135303E-9    2.1470000000135303E-9
9.31087881691101E-4       0.004609478355204759     2.1470000000135303E-9    2.1470000000135303E-9
9.562816698808224E-4      0.0046752303054864094    2.1470000000135303E-9    2.1470000000135303E-9
8.321625548674874E-4      0.004429435841840314     2.1470000000135303E-9    2.1470000000135303E-9
8.720440031199512E-4      0.004491556700278067     2.1470000000135303E-9    2.1470000000135303E-9
-5.952054343046746E-4     -0.005809058295726883    2.1470000000135303E-9    2.1470000000135303E-9
-4.008255889638223E-4     -0.005921881756891648    2.1470000000135303E-9    2.1470000000135303E-9
-4.7299346540768516E-4    -0.005887006030662358    2.1470000000135303E-9    2.1470000000135303E-9
-9.339736359313774E-4     -0.005376484053641509    2.1470000000135303E-9    2.1470000000135303E-9
-9.628193878863213E-4     -0.005294764744895783    2.1470000000135303E-9    2.1470000000135303E-9
-9.96655409050136E-4      -0.005141963888940351    2.1470000000135303E-9    2.1470000000135303E-9
-2.2714666111483297E-4    -0.005978311473606005    2.1470000000135303E-9    2.1470000000135303E-9
-3.0120809603034185E-4    -0.0059595988644343      2.1470000000135303E-9    2.1470000000135303E-9
-8.408040981397818E-5     -0.0060011975549674685   2.1470000000135303E-9    2.1470000000135303E-9
5.594708721794384E-6      -0.006005028728010426    2.1470000000135303E-9    2.1470000000135303E-9
1.0244685531182027E-4     -0.00600004700040351     2.1470000000135303E-9    2.1470000000135303E-9
1.8571229805511508E-4     -0.005988139333912629    2.1470000000135303E-9    2.1470000000135303E-9
2.650144025508975E-4      -0.005970763890119649    2.1470000000135303E-9    2.1470000000135303E-9
5.013462136752146E-4      -0.005872810321887373    2.1470000000135303E-9    2.1470000000135303E-9
5.661187559588215E-4      -0.0058335970710387385   2.1470000000135303E-9    2.1470000000135303E-9
4.0858282978847046E-4     -0.005918579887067826    2.1470000000135303E-9    2.1470000000135303E-9
3.2987677625407843E-4     -0.005951713384845782    2.1470000000135303E-9    2.1470000000135303E-9
-8.638600386954309E-4     -0.005513663568500797    2.1470000000135303E-9    2.1470000000135303E-9
-7.195128395541131E-4     -0.005702294197473078    2.1470000000135303E-9    2.1470000000135303E-9
-7.768902766387296E-4     -0.00563854695341216     2.1470000000135303E-9    2.1470000000135303E-9
6.359442511055575E-4      -0.0057821139466227335   2.1470000000135303E-9    2.1470000000135303E-9
6.9728155630475E-4        -0.005728027693654465    2.1470000000135303E-9    2.1470000000135303E-9
7.52268615294973E-4       -0.005671888501613301    2.1470000000135303E-9    2.1470000000135303E-9
-0.0010084821938898783    -0.0049955592500853      2.1470000000135303E-9    2.1470000000135303E-9
-0.0010046915600884928    -0.0049112960550997285   2.1470000000135303E-9    2.1470000000135303E-9
-9.808870507979784E-4     -0.004767849336506359    2.1470000000135303E-9    2.1470000000135303E-9
-9.304731833612736E-4     -0.004610230729198797    2.1470000000135303E-9    2.1470000000135303E-9
7.915035666707904E-4      -0.00562337275268968     2.1470000000135303E-9    2.1470000000135303E-9
8.447255308753242E-4      -0.005549535920659517    2.1470000000135303E-9    2.1470000000135303E-9
8.889967261890262E-4      -0.005476413355469419    2.1470000000135303E-9    2.1470000000135303E-9
9.18595704551689E-4       -0.005418368919146715    2.1470000000135303E-9    2.1470000000135303E-9
9.41561689687084E-4       -0.005362788578627403    2.1470000000135303E-9    2.1470000000135303E-9
9.762487965438824E-4      -0.00525143735011149     2.1470000000135303E-9    2.1470000000135303E-9
9.99736040851805E-4       -0.005139928232485106    2.1470000000135303E-9    2.1470000000135303E-9
9.895891744934853E-4      -0.005194770829521969    2.1470000000135303E-9    2.1470000000135303E-9
-8.934749852357732E-4     -0.0045321705602987      2.1470000000135303E-9    2.1470000000135303E-9
-8.104523145214429E-4     -0.004401316209226245    2.1470000000135303E-9    2.1470000000135303E-9
-7.129083612918191E-4     -0.004286665842653173    2.1470000000135303E-9    2.1470000000135303E-9
0.0010057899977584262     -0.005071019428835483    2.1470000000135303E-9    2.1470000000135303E-9
0.0010082656065653962     -0.004980289394123766    2.1470000000135303E-9    2.1470000000135303E-9
9.891651020900447E-4      -0.0048069420003286146   2.1470000000135303E-9    2.1470000000135303E-9
0.0010027537752883276     -0.004886797696884489    2.1470000000135303E-9    2.1470000000135303E-9
9.586248613974854E-4      -0.004687789341617512    2.1470000000135303E-9    2.1470000000135303E-9
9.279467200623127E-4      -0.004605431093696892    2.1470000000135303E-9    2.1470000000135303E-9
-6.506127773333904E-4     -0.004229773945562572    2.1470000000135303E-9    2.1470000000135303E-9
-5.432920350823805E-4     -0.0041513659508334725   2.1470000000135303E-9    2.1470000000135303E-9
8.513921814632063E-4      -0.004460774476955046    2.1470000000135303E-9    2.1470000000135303E-9
7.185757461166749E-4      -0.004292295318816984    2.1470000000135303E-9    2.1470000000135303E-9
7.744967145803248E-4      -0.004354339637857486    2.1470000000135303E-9    2.1470000000135303E-9
3.8534980564173627E-4     -0.004068278074557386    2.1470000000135303E-9    2.1470000000135303E-9
5.236568822918028E-4      -0.004136628375690074    2.1470000000135303E-9    2.1470000000135303E-9
5.895499632191498E-4      -0.00418259968299768     2.1470000000135303E-9    2.1470000000135303E-9
4.6580117152401895E-4     -0.004105867877226461    2.1470000000135303E-9    2.1470000000135303E-9
-1.823997782097238E-4     -0.004008659844286869    2.1470000000135303E-9    2.1470000000135303E-9
-1.109629183348347E-4     -0.003997206173942544    2.1470000000135303E-9    2.1470000000135303E-9
-3.949212067059236E-4     -0.004072519811481341    2.1470000000135303E-9    2.1470000000135303E-9
-3.111247838203685E-4     -0.0040411149125791305   2.1470000000135303E-9    2.1470000000135303E-9
2.176826501979781E-4      -0.004016465187836196    2.1470000000135303E-9    2.1470000000135303E-9
2.899911130001539E-4      -0.004033987578365709    2.1470000000135303E-9    2.1470000000135303E-9
8.041627575185144E-5      -0.003995410189505062    2.1470000000135303E-9    2.1470000000135303E-9
-1.1906456904819476E-5    -0.003992135975677915    2.1470000000135303E-9    2.1470000000135303E-9
-8.089480995901917E-4     0.005596098217130768     2.1470000000135303E-9    2.1470000000135303E-9
-9.28455807940728E-4      0.005389730072298162     2.1470000000135303E-9    2.1470000000135303E-9
-8.918419005273877E-4     0.005465968661018066     2.1470000000135303E-9    2.1470000000135303E-9
-9.784961718908556E-4     0.005235503555322845     2.1470000000135303E-9    2.1470000000135303E-9
-0.001008143552438901     0.005007741147738867     2.1470000000135303E-9    2.1470000000135303E-9
-0.001003359471049238     0.005092465809824913     2.1470000000135303E-9    2.1470000000135303E-9
-9.9752896619719E-4       0.004863100398603621     2.1470000000135303E-9    2.1470000000135303E-9
-9.35163625723608E-4      0.004622923296611364     2.1470000000135303E-9    2.1470000000135303E-9
-9.638515928126867E-4     0.004705563737936639     2.1470000000135303E-9    2.1470000000135303E-9
-5.327283596885587E-4     0.00585190298590746      2.1470000000135303E-9    2.1470000000135303E-9
-7.108786179358124E-4     0.005712214506171426     2.1470000000135303E-9    2.1470000000135303E-9
-6.461048530417697E-4     0.005770655988591082     2.1470000000135303E-9    2.1470000000135303E-9
-1.67279873282793E-4      0.00599017442245765      2.1470000000135303E-9    2.1470000000135303E-9
-3.917647410513564E-4     0.005925970605896971     2.1470000000135303E-9    2.1470000000135303E-9
-3.058004720049962E-4     0.005957297400562595     2.1470000000135303E-9    2.1470000000135303E-9
-8.641700889508422E-4     0.004482360516498054     2.1470000000135303E-9    2.1470000000135303E-9
-7.185123663364826E-4     0.004291685049147112     2.1470000000135303E-9    2.1470000000135303E-9
-7.763146692831026E-4     0.004355930003190745     2.1470000000135303E-9    2.1470000000135303E-9
2.3305521353848084E-4     0.005976620251487923     2.1470000000135303E-9    2.1470000000135303E-9
-6.712565758718048E-6     0.0060047621085931       2.1470000000135303E-9    2.1470000000135303E-9
8.677822085394408E-5      0.006000627496183438     2.1470000000135303E-9    2.1470000000135303E-9
-5.791601168203737E-4     0.004174412802648317     2.1470000000135303E-9    2.1470000000135303E-9
-6.408661382196353E-4     0.004219533057495138     2.1470000000135303E-9    2.1470000000135303E-9
-4.625258211110245E-4     0.0041028736866352165    2.1470000000135303E-9    2.1470000000135303E-9
-3.851849678897136E-4     0.004066646826446392     2.1470000000135303E-9    2.1470000000135303E-9
3.8811074069076284E-4     0.0059275540765106535    2.1470000000135303E-9    2.1470000000135303E-9
4.6806213214570317E-4     0.005889997864923084     2.1470000000135303E-9    2.1470000000135303E-9
5.937762574859836E-4      0.0058114255815874235    2.1470000000135303E-9    2.1470000000135303E-9
-1.9766109272016902E-4    0.004011184442512652     2.1470000000135303E-9    2.1470000000135303E-9
-2.9306920924276176E-4    0.004032789770139095     2.1470000000135303E-9    2.1470000000135303E-9
7.143006049824454E-4      0.005710053472488701     2.1470000000135303E-9    2.1470000000135303E-9
7.723310175845335E-4      0.005646831496229026     2.1470000000135303E-9    2.1470000000135303E-9
8.553254226176412E-4      0.005532697480597043     2.1470000000135303E-9    2.1470000000135303E-9
-7.677477354824675E-5     0.003993821677656597     2.1470000000135303E-9    2.1470000000135303E-9
9.583045056043606E-6      0.003990432203258448     2.1470000000135303E-9    2.1470000000135303E-9
9.29463544325003E-4       0.00539211859716951      2.1470000000135303E-9    2.1470000000135303E-9
9.597055681698476E-4      0.005310191487948391     2.1470000000135303E-9    2.1470000000135303E-9
1.0460590933919505E-4     0.003995795859138149     2.1470000000135303E-9    2.1470000000135303E-9
1.8793228201986105E-4     0.004008092871458079     2.1470000000135303E-9    2.1470000000135303E-9
2.6714691976189637E-4     0.004026096572452207     2.1470000000135303E-9    2.1470000000135303E-9
9.914977898284698E-4      0.005185142227395661     2.1470000000135303E-9    2.1470000000135303E-9
0.0010034635079297102     0.00511584404339987      2.1470000000135303E-9    2.1470000000135303E-9
4.0872297909366425E-4     0.004077794322042557     2.1470000000135303E-9    2.1470000000135303E-9
3.321594370354473E-4      0.004045587354494532     2.1470000000135303E-9    2.1470000000135303E-9
0.001009426968202509      0.005018279101105996     2.1470000000135303E-9    2.1470000000135303E-9
0.0010069619114944205     0.004927333740597562     2.1470000000135303E-9    2.1470000000135303E-9
5.021067379996303E-4      0.004124922424840529     2.1470000000135303E-9    2.1470000000135303E-9
5.677019643946969E-4      0.004165059035021522     2.1470000000135303E-9    2.1470000000135303E-9
9.916478595684937E-4      0.004807587520731072     2.1470000000135303E-9    2.1470000000135303E-9
9.771901970018308E-4      0.00474671800072004      2.1470000000135303E-9    2.1470000000135303E-9
6.378838533272489E-4      0.0042179756677498854    2.1470000000135303E-9    2.1470000000135303E-9
7.016403330435254E-4      0.004275167251900856     2.1470000000135303E-9    2.1470000000135303E-9
7.589489526361789E-4      0.004334193218454321     2.1470000000135303E-9    2.1470000000135303E-9
9.180312545188537E-4      0.0045786857398375565    2.1470000000135303E-9    2.1470000000135303E-9
9.41852891977357E-4       0.004635136610783868     2.1470000000135303E-9    2.1470000000135303E-9
8.886559681435795E-4      0.004521091086728896     2.1470000000135303E-9    2.1470000000135303E-9
7.986655236910216E-4      0.0043841828429726495    2.1470000000135303E-9    2.1470000000135303E-9
8.476141466837533E-4      0.004452893261931996     2.1470000000135303E-9    2.1470000000135303E-9
-7.618522115123534E-4     -0.005329604293779837    2.62200000001353E-9      2.62200000001353E-9
-7.800011860262715E-4     -0.005290627162856308    2.62200000001353E-9      2.62200000001353E-9
-7.979218517661555E-4     -0.005241133516890949    2.62200000001353E-9      2.62200000001353E-9
-8.095506857905475E-4     -0.005189763638538222    2.62200000001353E-9      2.62200000001353E-9
-8.312517330480496E-4     -0.005030041657410719    2.62200000001353E-9      2.62200000001353E-9
-8.273776421823778E-4     -0.005086287372791461    2.62200000001353E-9      2.62200000001353E-9
-8.250995697638804E-4     -0.0050994389037446915   2.62200000001353E-9      2.62200000001353E-9
-8.105840564723522E-4     -0.005183265993077841    2.62200000001353E-9      2.62200000001353E-9
1.954421654311285E-5      -0.005832701289586557    2.62200000001353E-9      2.62200000001353E-9
-3.707752020294069E-5     -0.005830093950210485    2.62200000001353E-9      2.62200000001353E-9
-5.866622803171286E-5     -0.005827867472820365    2.62200000001353E-9      2.62200000001353E-9
5.758992542288088E-5      -0.005829101593644702    2.62200000001353E-9      2.62200000001353E-9
7.077001587079458E-5      -0.005828580726780849    2.62200000001353E-9      2.62200000001353E-9
5.070855742497435E-4      -0.00565980142803111     2.62200000001353E-9      2.62200000001353E-9
4.387544103780317E-4      -0.005707141332252354    2.62200000001353E-9      2.62200000001353E-9
3.7051327018335084E-4     -0.0057458728634527155   2.62200000001353E-9      2.62200000001353E-9
1.2153995371502018E-4     -0.005822146542612893    2.62200000001353E-9      2.62200000001353E-9
1.2938019362112576E-4     -0.0058204297291307334   2.62200000001353E-9      2.62200000001353E-9
1.7154966121858418E-4     -0.00581431576622222     2.62200000001353E-9      2.62200000001353E-9
2.375417721146429E-4      -0.005797415370284621    2.62200000001353E-9      2.62200000001353E-9
3.0299936053174403E-4     -0.005775208837415793    2.62200000001353E-9      2.62200000001353E-9
-9.144530421051167E-5     -0.005827020034940468    2.62200000001353E-9      2.62200000001353E-9
-1.437919565155376E-4     -0.005820227050692926    2.62200000001353E-9      2.62200000001353E-9
-5.727075966000267E-4     -0.005603796254896736    2.62200000001353E-9      2.62200000001353E-9
-5.283299054748888E-4     -0.00563994000383902     2.62200000001353E-9      2.62200000001353E-9
-5.269823895294395E-4     -0.005640902048569971    2.62200000001353E-9      2.62200000001353E-9
-4.659776116905912E-4     -0.005687529614283694    2.62200000001353E-9      2.62200000001353E-9
-7.580644194154607E-4     -0.005339790364500566    2.62200000001353E-9      2.62200000001353E-9
-7.344493191905135E-4     -0.005390251157359957    2.62200000001353E-9      2.62200000001353E-9
-7.274758125634052E-4     -0.005401521005618212    2.62200000001353E-9      2.62200000001353E-9
-6.869840660716837E-4     -0.005467322640470108    2.62200000001353E-9      2.62200000001353E-9
-6.033595922242604E-4     -0.005569636878585775    2.62200000001353E-9      2.62200000001353E-9
-6.111763844720223E-4     -0.005562373743079854    2.62200000001353E-9      2.62200000001353E-9
-6.473682988818922E-4     -0.0055239428370159795   2.62200000001353E-9      2.62200000001353E-9
-6.783371848613067E-4     -0.00548123100014299     2.62200000001353E-9      2.62200000001353E-9
-8.302742752332494E-4     -0.005000997458293122    2.62200000001353E-9      2.62200000001353E-9
-8.315983072741136E-4     -0.004974049039866175    2.62200000001353E-9      2.62200000001353E-9
-8.301037398690433E-4     -0.0049199195240106595   2.62200000001353E-9      2.62200000001353E-9
-8.220660498540339E-4     -0.004866369566827165    2.62200000001353E-9      2.62200000001353E-9
-7.969756835034119E-4     -0.004761562832325045    2.62200000001353E-9      2.62200000001353E-9
-7.983135066604038E-4     -0.004767505073597291    2.62200000001353E-9      2.62200000001353E-9
-8.17933605246573E-4      -0.004848610393585074    2.62200000001353E-9      2.62200000001353E-9
-6.490548866947699E-4     -0.004478945511735479    2.62200000001353E-9      2.62200000001353E-9
-6.545530937806244E-4     -0.004486842529664091    2.62200000001353E-9      2.62200000001353E-9
-7.005109274437214E-4     -0.004551538459382977    2.62200000001353E-9      2.62200000001353E-9
-7.617327777475038E-4     -0.004667412856805574    2.62200000001353E-9      2.62200000001353E-9
-7.566487296893912E-4     -0.004653500393229501    2.62200000001353E-9      2.62200000001353E-9
-7.353527925570976E-4     -0.00460641870981921     2.62200000001353E-9      2.62200000001353E-9
-7.085816690675602E-4     -0.004562862507766802    2.62200000001353E-9      2.62200000001353E-9
-2.4813185979068316E-4    -0.005791777931618658    2.62200000001353E-9      2.62200000001353E-9
-2.4652787351720623E-4    -0.0057923473689881575   2.62200000001353E-9      2.62200000001353E-9
-3.4842737933720477E-4    -0.00575287011117545     2.62200000001353E-9      2.62200000001353E-9
-1.9517685298386963E-4    -0.0058087940833884575   2.62200000001353E-9      2.62200000001353E-9
-1.7709005963763877E-4    -0.005811767014091524    2.62200000001353E-9      2.62200000001353E-9
-3.527958968558143E-4     -0.005751189560510728    2.62200000001353E-9      2.62200000001353E-9
-4.0038498734308174E-4    -0.005729609222656913    2.62200000001353E-9      2.62200000001353E-9
-4.45164056210853E-4      -0.005702914537616165    2.62200000001353E-9      2.62200000001353E-9
-7.790841706621588E-4     -0.004705373843353679    2.62200000001353E-9      2.62200000001353E-9
5.752612167188383E-4      -0.0056015679748949426   2.62200000001353E-9      2.62200000001353E-9
6.794729329762197E-4      -0.005482597625905088    2.62200000001353E-9      2.62200000001353E-9
6.274252559598211E-4      -0.005547872650540731    2.62200000001353E-9      2.62200000001353E-9
6.937480809373188E-4      -0.005463365948683197    2.62200000001353E-9      2.62200000001353E-9
7.244496478915887E-4      -0.005413842039458636    2.62200000001353E-9      2.62200000001353E-9
7.513471320747672E-4      -0.005361792436375061    2.62200000001353E-9      2.62200000001353E-9
7.756865404725768E-4      -0.005304399592466069    2.62200000001353E-9      2.62200000001353E-9
8.011628895611167E-4      -0.005230647193485328    2.62200000001353E-9      2.62200000001353E-9
8.201638337691226E-4      -0.005148296251317311    2.62200000001353E-9      2.62200000001353E-9
8.327052546246886E-4      -0.005001181754724167    2.62200000001353E-9      2.62200000001353E-9
8.336265731219409E-4      -0.005027707676794035    2.62200000001353E-9      2.62200000001353E-9
8.31398212254463E-4       -0.005081972019979576    2.62200000001353E-9      2.62200000001353E-9
8.228034297411105E-4      -0.005136163574604089    2.62200000001353E-9      2.62200000001353E-9
-5.904054815287672E-4     -0.004415305073212832    2.62200000001353E-9      2.62200000001353E-9
-5.743102473316072E-4     -0.00439761713906523     2.62200000001353E-9      2.62200000001353E-9
-5.347915551174848E-4     -0.004360032270719183    2.62200000001353E-9      2.62200000001353E-9
-4.913250967093118E-4     -0.0043271391863616716   2.62200000001353E-9      2.62200000001353E-9
-3.9836130664094784E-4    -0.0042704598947067825   2.62200000001353E-9      2.62200000001353E-9
-4.0192622536643985E-4    -0.004272695861078143    2.62200000001353E-9      2.62200000001353E-9
-4.7378175164705313E-4    -0.004316143909803816    2.62200000001353E-9      2.62200000001353E-9
-6.141142519099183E-4     -0.004437708635983413    2.62200000001353E-9      2.62200000001353E-9
8.336912939224917E-4      -0.004971686801346251    2.62200000001353E-9      2.62200000001353E-9
8.292727151797367E-4      -0.004914077127340515    2.62200000001353E-9      2.62200000001353E-9
8.277609772104631E-4      -0.004904729670529016    2.62200000001353E-9      2.62200000001353E-9
8.145759764604364E-4      -0.004823950371784665    2.62200000001353E-9      2.62200000001353E-9
7.721554197923955E-4      -0.004689708169158165    2.62200000001353E-9      2.62200000001353E-9
7.80175918053288E-4       -0.004707324498905913    2.62200000001353E-9      2.62200000001353E-9
7.988000036322168E-4      -0.004756988088178475    2.62200000001353E-9      2.62200000001353E-9
8.118820708501291E-4      -0.004808700343074021    2.62200000001353E-9      2.62200000001353E-9
5.315979895433066E-4      -0.004360270298903529    2.62200000001353E-9      2.62200000001353E-9
5.276197609394168E-4      -0.004357328678918379    2.62200000001353E-9      2.62200000001353E-9
4.6235291728812823E-4     -0.004307911169691383    2.62200000001353E-9      2.62200000001353E-9
3.522051648434485E-4      -0.004247189868980774    2.62200000001353E-9      2.62200000001353E-9
3.5571181208541875E-4     -0.004248551951280945    2.62200000001353E-9      2.62200000001353E-9
4.031132869522378E-4      -0.004270022637091998    2.62200000001353E-9      2.62200000001353E-9
4.476402811752101E-4      -0.004297079653062462    2.62200000001353E-9      2.62200000001353E-9
7.336657243042712E-4      -0.0046055616807844976   2.62200000001353E-9      2.62200000001353E-9
7.29638952307754E-4       -0.004599037652443482    2.62200000001353E-9      2.62200000001353E-9
6.871433513833262E-4      -0.004529415064925588    2.62200000001353E-9      2.62200000001353E-9
6.03327357447254E-4       -0.004428248274874505    2.62200000001353E-9      2.62200000001353E-9
6.13261412858191E-4       -0.004437448779479333    2.62200000001353E-9      2.62200000001353E-9
6.486537273532923E-4      -0.004475020286746349    2.62200000001353E-9      2.62200000001353E-9
6.792663003229563E-4      -0.004516742319467312    2.62200000001353E-9      2.62200000001353E-9
7.59629707138021E-4       -0.0046557201908514435   2.62200000001353E-9      2.62200000001353E-9
-3.4576691911439756E-4    -0.0042427696197873815   2.62200000001353E-9      2.62200000001353E-9
5.757185653835772E-4      -0.004397653588710418    2.62200000001353E-9      2.62200000001353E-9
-3.0393387451384203E-4    -0.004227239628080924    2.62200000001353E-9      2.62200000001353E-9
-2.928356790524278E-4     -0.004221958002354797    2.62200000001353E-9      2.62200000001353E-9
-2.4343878644087025E-4    -0.004202711361604489    2.62200000001353E-9      2.62200000001353E-9
-1.918671550810283E-4     -0.004190221102432213    2.62200000001353E-9      2.62200000001353E-9
3.0427294636020224E-4     -0.00422348740642327     2.62200000001353E-9      2.62200000001353E-9
2.4558160013240756E-4     -0.004205463800588698    2.62200000001353E-9      2.62200000001353E-9
2.4553536705526987E-4     -0.004205452511652001    2.62200000001353E-9      2.62200000001353E-9
1.620088973906794E-4      -0.0041836545744271605   2.62200000001353E-9      2.62200000001353E-9
-2.851555954217501E-5     -0.004167177824894114    2.62200000001353E-9      2.62200000001353E-9
2.0884525889333442E-5     -0.004169378397408666    2.62200000001353E-9      2.62200000001353E-9
-8.675614548429766E-5     -0.004173177169834223    2.62200000001353E-9      2.62200000001353E-9
-9.115325907015483E-5     -0.0041739574581726125   2.62200000001353E-9      2.62200000001353E-9
-1.7514267475242774E-4    -0.0041874170729435355   2.62200000001353E-9      2.62200000001353E-9
3.002734530917096E-5      -0.004169031757730025    2.62200000001353E-9      2.62200000001353E-9
8.478850921257859E-5      -0.004170531951631002    2.62200000001353E-9      2.62200000001353E-9
1.3912305447138856E-4     -0.004178361903045153    2.62200000001353E-9      2.62200000001353E-9
-7.586787534277806E-4     0.005338867781401477     2.62200000001353E-9      2.62200000001353E-9
-7.792889890421381E-4     0.0052945843204251514    2.62200000001353E-9      2.62200000001353E-9
-8.304525941778295E-4     0.0050017303138700595    2.62200000001353E-9      2.62200000001353E-9
-8.314471912720068E-4     0.004970472935629094     2.62200000001353E-9      2.62200000001353E-9
-6.123352457814352E-4     0.005564320462721327     2.62200000001353E-9      2.62200000001353E-9
-5.787096751072219E-4     0.0055955833528994955    2.62200000001353E-9      2.62200000001353E-9
-3.4660599464120885E-4    0.005756607460121028     2.62200000001353E-9      2.62200000001353E-9
-3.0674722155499094E-4    0.00577129041552439      2.62200000001353E-9      2.62200000001353E-9
-7.966639872299526E-4     0.005238070795753177     2.62200000001353E-9      2.62200000001353E-9
-7.97563651361391E-4      0.005234074383339523     2.62200000001353E-9      2.62200000001353E-9
-8.17329824741697E-4      0.005151980563014365     2.62200000001353E-9      2.62200000001353E-9
-8.315857643735787E-4     0.0050265303353382714    2.62200000001353E-9      2.62200000001353E-9
-8.297541700315553E-4     0.00508031300519992      2.62200000001353E-9      2.62200000001353E-9
-8.21549901808E-4         0.005133349227017553     2.62200000001353E-9      2.62200000001353E-9
-6.473181849454132E-4     0.005521387792416335     2.62200000001353E-9      2.62200000001353E-9
-6.495786287371592E-4     0.005518192248996951     2.62200000001353E-9      2.62200000001353E-9
-6.966012145431871E-4     0.005453999587565185     2.62200000001353E-9      2.62200000001353E-9
-7.559145040809053E-4     0.0053461772202443554    2.62200000001353E-9      2.62200000001353E-9
-7.34467670227498E-4      0.005393583292851929     2.62200000001353E-9      2.62200000001353E-9
-7.080443059308776E-4     0.005437965705487827     2.62200000001353E-9      2.62200000001353E-9
-8.276563587351475E-4     0.004913315976767766     2.62200000001353E-9      2.62200000001353E-9
-8.254774776187132E-4     0.004900612168137999     2.62200000001353E-9      2.62200000001353E-9
-8.100933241163076E-4     0.004815247819801196     2.62200000001353E-9      2.62200000001353E-9
-7.569353201999021E-4     0.004658454433049176     2.62200000001353E-9      2.62200000001353E-9
-7.795638674336559E-4     0.004706968170367821     2.62200000001353E-9      2.62200000001353E-9
-7.973813795110502E-4     0.004757020145376431     2.62200000001353E-9      2.62200000001353E-9
-8.08969506572585E-4      0.004808934339800213     2.62200000001353E-9      2.62200000001353E-9
-7.568991672925484E-4     0.004658357703235981     2.62200000001353E-9      2.62200000001353E-9
-3.978934440508624E-4     0.005729914356604743     2.62200000001353E-9      2.62200000001353E-9
-4.022824452313667E-4     0.005727130158442345     2.62200000001353E-9      2.62200000001353E-9
-4.733912014877993E-4     0.005683334452421624     2.62200000001353E-9      2.62200000001353E-9
-5.70827812806974E-4      0.0056041643103520835    2.62200000001353E-9      2.62200000001353E-9
-5.320270559679937E-4     0.005641175135853503     2.62200000001353E-9      2.62200000001353E-9
-4.892846197123125E-4     0.005673227775500231     2.62200000001353E-9      2.62200000001353E-9
-2.800247171778584E-5     0.005831625550231811     2.62200000001353E-9      2.62200000001353E-9
1.819879391960075E-5      0.005829868505421812     2.62200000001353E-9      2.62200000001353E-9
-8.556947690386343E-5     0.005826122276911586     2.62200000001353E-9      2.62200000001353E-9
-9.12412890324232E-5      0.005825144484845329     2.62200000001353E-9      2.62200000001353E-9
-1.7492477259404386E-4    0.0058117502987441874    2.62200000001353E-9      2.62200000001353E-9
-2.9293632445307664E-4    0.005777679028618001     2.62200000001353E-9      2.62200000001353E-9
-2.42669386658351E-4      0.005796703310965849     2.62200000001353E-9      2.62200000001353E-9
-1.9038317464023074E-4    0.005809177770381545     2.62200000001353E-9      2.62200000001353E-9
-7.343270240424999E-4     0.0046080685402551625    2.62200000001353E-9      2.62200000001353E-9
-7.261038007741939E-4     0.004594697817560725     2.62200000001353E-9      2.62200000001353E-9
-6.859833251251861E-4     0.004529941205284349     2.62200000001353E-9      2.62200000001353E-9
-5.916189761549667E-4     0.004416785125985612     2.62200000001353E-9      2.62200000001353E-9
-6.105351909856489E-4     0.004434578532479168     2.62200000001353E-9      2.62200000001353E-9
-6.466209738915878E-4     0.004473869979654632     2.62200000001353E-9      2.62200000001353E-9
-6.78043343815794E-4      0.004517224574614127     2.62200000001353E-9      2.62200000001353E-9
-5.719867923926975E-4     0.004395087780220339     2.62200000001353E-9      2.62200000001353E-9
3.023681409636091E-4      0.0057755825621713655    2.62200000001353E-9      2.62200000001353E-9
3.486298774352829E-4      0.00575339061682513      2.62200000001353E-9      2.62200000001353E-9
2.4451372883843933E-4     0.005793481610568777     2.62200000001353E-9      2.62200000001353E-9
2.4259567810672942E-4     0.0057939346074386685    2.62200000001353E-9      2.62200000001353E-9
1.5851748361462225E-4     0.005815521235917184     2.62200000001353E-9      2.62200000001353E-9
3.0308869075010147E-5     0.005830363399854504     2.62200000001353E-9      2.62200000001353E-9
8.484285654033783E-5      0.0058287708470684185    2.62200000001353E-9      2.62200000001353E-9
1.3883723718102238E-4     0.005820225293972821     2.62200000001353E-9      2.62200000001353E-9
-5.285305561345018E-4     0.00435766794288301      2.62200000001353E-9      2.62200000001353E-9
-5.239840642549743E-4     0.0043544101174404       2.62200000001353E-9      2.62200000001353E-9
-4.6453683695696737E-4    0.004309601664904303     2.62200000001353E-9      2.62200000001353E-9
-2.968751511869421E-4     0.004220697278353944     2.62200000001353E-9      2.62200000001353E-9
-3.483858946932016E-4     0.0042447416322559176    2.62200000001353E-9      2.62200000001353E-9
-3.509002822745269E-4     0.004246103014380851     2.62200000001353E-9      2.62200000001353E-9
-3.969374985684217E-4     0.0042665879353762344    2.62200000001353E-9      2.62200000001353E-9
-4.4248507037905095E-4    0.004293621417113863     2.62200000001353E-9      2.62200000001353E-9
-2.466414464906656E-4     0.004206013399097643     2.62200000001353E-9      2.62200000001353E-9
-2.4186196170646848E-4    0.004204352355974165     2.62200000001353E-9      2.62200000001353E-9
3.53721163371206E-4       0.00575148598944124      2.62200000001353E-9      2.62200000001353E-9
4.0099662546290985E-4     0.0057303623906772745    2.62200000001353E-9      2.62200000001353E-9
4.450902111936876E-4      0.005703188652508732     2.62200000001353E-9      2.62200000001353E-9
5.701701804219756E-4      0.005606323373139085     2.62200000001353E-9      2.62200000001353E-9
5.291090853762877E-4      0.005642510840953237     2.62200000001353E-9      2.62200000001353E-9
5.198922591432897E-4      0.005649115415900926     2.62200000001353E-9      2.62200000001353E-9
4.5740821351779895E-4     0.0056943333066228445    2.62200000001353E-9      2.62200000001353E-9
5.835084075795363E-4      0.005591951065212091     2.62200000001353E-9      2.62200000001353E-9
-1.9047224249081095E-4    0.004189134418590621     2.62200000001353E-9      2.62200000001353E-9
-1.7495187419077775E-4    0.004186677875900698     2.62200000001353E-9      2.62200000001353E-9
-5.903853751858228E-5     0.004171091670502432     2.62200000001353E-9      2.62200000001353E-9
-8.839357213812322E-5     0.004171812011586913     2.62200000001353E-9      2.62200000001353E-9
-1.3998987614409275E-4    0.004178160179802325     2.62200000001353E-9      2.62200000001353E-9
2.0564983382213545E-5     0.004166426558805304     2.62200000001353E-9      2.62200000001353E-9
-3.4812522107113495E-5    0.004168638409910471     2.62200000001353E-9      2.62200000001353E-9
6.089701547712767E-4      0.005568528170336505     2.62200000001353E-9      2.62200000001353E-9
6.447907460339841E-4      0.005529759816840311     2.62200000001353E-9      2.62200000001353E-9
6.758822447778042E-4      0.005486759492191219     2.62200000001353E-9      2.62200000001353E-9
7.582609537781915E-4      0.005345908828176364     2.62200000001353E-9      2.62200000001353E-9
7.318941879031306E-4      0.005397101927851967     2.62200000001353E-9      2.62200000001353E-9
7.261753266420407E-4      0.005406256202314601     2.62200000001353E-9      2.62200000001353E-9
6.806474643582687E-4      0.005479098525151015     2.62200000001353E-9      2.62200000001353E-9
7.701817608193172E-4      0.0053135872312284164    2.62200000001353E-9      2.62200000001353E-9
5.8930662760493086E-5     0.004170051450204324     2.62200000001353E-9      2.62200000001353E-9
7.196577007563883E-5      0.004170548971062621     2.62200000001353E-9      2.62200000001353E-9
1.2284386559681477E-4     0.0041770229641912935    2.62200000001353E-9      2.62200000001353E-9
1.3116929020498823E-4     0.004178940639027549     2.62200000001353E-9      2.62200000001353E-9
7.794783116108266E-4      0.005293694932900894     2.62200000001353E-9      2.62200000001353E-9
7.986502735668053E-4      0.005243369010658903     2.62200000001353E-9      2.62200000001353E-9
8.112293704557255E-4      0.005190757116363271     2.62200000001353E-9      2.62200000001353E-9
8.285775141242289E-4      0.005084645996546431     2.62200000001353E-9      2.62200000001353E-9
8.270089049038933E-4      0.005093702191420394     2.62200000001353E-9      2.62200000001353E-9
8.137841923688318E-4      0.005175245874977386     2.62200000001353E-9      2.62200000001353E-9
8.326035081536855E-4      0.0050271771152219005    2.62200000001353E-9      2.62200000001353E-9
1.7281803589078788E-4     0.004185253775826301     2.62200000001353E-9      2.62200000001353E-9
2.397919412882162E-4      0.00420278137001073      2.62200000001353E-9      2.62200000001353E-9
3.06219679915428E-4       0.0042256152371659104    2.62200000001353E-9      2.62200000001353E-9
3.748139721523942E-4      0.004255934542765298     2.62200000001353E-9      2.62200000001353E-9
8.316543409424588E-4      0.004997845111427422     2.62200000001353E-9      2.62200000001353E-9
8.329835200451149E-4      0.004971898457417857     2.62200000001353E-9      2.62200000001353E-9
8.312668540945472E-4      0.00491851919011388      2.62200000001353E-9      2.62200000001353E-9
8.222576222065059E-4      0.004865091733027717     2.62200000001353E-9      2.62200000001353E-9
5.103023699289124E-4      0.004342826829244293     2.62200000001353E-9      2.62200000001353E-9
4.4253576609407715E-4     0.004294927192610997     2.62200000001353E-9      2.62200000001353E-9
5.779632449901739E-4      0.004401795859788492     2.62200000001353E-9      2.62200000001353E-9
7.751575948960899E-4      0.004695106988994763     2.62200000001353E-9      2.62200000001353E-9
8.007295448280061E-4      0.004770943839240373     2.62200000001353E-9      2.62200000001353E-9
8.200582956149733E-4      0.004855203520467103     2.62200000001353E-9      2.62200000001353E-9
6.834276281361938E-4      0.0045254394930280325    2.62200000001353E-9      2.62200000001353E-9
6.307247199695643E-4      0.0044577288427879985    2.62200000001353E-9      2.62200000001353E-9
6.938809227240435E-4      0.004539315831544119     2.62200000001353E-9      2.62200000001353E-9
7.239404119973841E-4      0.004587499896605613     2.62200000001353E-9      2.62200000001353E-9
7.504455015162739E-4      0.004638024272603808     2.62200000001353E-9      2.62200000001353E-9
-7.847788085584604E-4     -0.005274337878149531    2.62200000001353E-9      2.62200000001353E-9
-8.076688995655698E-4     -0.005195752629832467    2.62200000001353E-9      2.62200000001353E-9
-8.281391620886388E-4     -0.00505642284796504     2.62200000001353E-9      2.62200000001353E-9
-8.217541939396133E-4     -0.005139006596868905    2.62200000001353E-9      2.62200000001353E-9
-2.610825485140326E-5     -0.0058300638375699855   2.62200000001353E-9      2.62200000001353E-9
1.0222556462686263E-4     -0.005823607294836304    2.62200000001353E-9      2.62200000001353E-9
5.669971248711526E-4      -0.005610100024055951    2.62200000001353E-9      2.62200000001353E-9
5.017122904316888E-4      -0.00566383780636172     2.62200000001353E-9      2.62200000001353E-9
4.286951512022505E-4      -0.005713332524546592    2.62200000001353E-9      2.62200000001353E-9
2.1479022035772032E-4     -0.005803462195706327    2.62200000001353E-9      2.62200000001353E-9
2.8466441425352613E-4     -0.005781626276230838    2.62200000001353E-9      2.62200000001353E-9
3.488855327212225E-4      -0.0057558206608518715   2.62200000001353E-9      2.62200000001353E-9
-1.0732027226205112E-4    -0.005823734496677082    2.62200000001353E-9      2.62200000001353E-9
-5.316025714158026E-4     -0.005636819052878622    2.62200000001353E-9      2.62200000001353E-9
-4.8814525111877453E-4    -0.005673972176290781    2.62200000001353E-9      2.62200000001353E-9
-7.519381254294408E-4     -0.005351256416352558    2.62200000001353E-9      2.62200000001353E-9
-7.085824924302115E-4     -0.005437535437488004    2.62200000001353E-9      2.62200000001353E-9
-6.141525011848072E-4     -0.00555861169506008     2.62200000001353E-9      2.62200000001353E-9
-6.671480545022499E-4     -0.005494738916820998    2.62200000001353E-9      2.62200000001353E-9
-8.305768765876471E-4     -0.004964326503167652    2.62200000001353E-9      2.62200000001353E-9
-8.235394968553794E-4     -0.0048837876053554      2.62200000001353E-9      2.62200000001353E-9
-7.914647894541884E-4     -0.004747374792153655    2.62200000001353E-9      2.62200000001353E-9
-8.129671323911329E-4     -0.004813660945754836    2.62200000001353E-9      2.62200000001353E-9
-6.330292909685036E-4     -0.004461620049093597    2.62200000001353E-9      2.62200000001353E-9
-6.812861234942794E-4     -0.004519314959966258    2.62200000001353E-9      2.62200000001353E-9
-7.535528064433751E-4     -0.004647759237499554    2.62200000001353E-9      2.62200000001353E-9
-7.154159790113133E-4     -0.004575571919439462    2.62200000001353E-9      2.62200000001353E-9
-3.025046658650327E-4     -0.005775322654163536    2.62200000001353E-9      2.62200000001353E-9
-2.4220073132367282E-4    -0.005793415949515464    2.62200000001353E-9      2.62200000001353E-9
-3.543256869396509E-4     -0.005750324147755943    2.62200000001353E-9      2.62200000001353E-9
-4.224030817073885E-4     -0.005715061296102559    2.62200000001353E-9      2.62200000001353E-9
6.562320922766434E-4      -0.005515098226797215    2.62200000001353E-9      2.62200000001353E-9
6.140379079659647E-4      -0.005563724449986699    2.62200000001353E-9      2.62200000001353E-9
7.046087657273082E-4      -0.005444953238711294    2.62200000001353E-9      2.62200000001353E-9
7.42141773094685E-4       -0.005378579383834817    2.62200000001353E-9      2.62200000001353E-9
7.713077961654242E-4      -0.005315082244135986    2.62200000001353E-9      2.62200000001353E-9
7.953563730701974E-4      -0.005253184197164123    2.62200000001353E-9      2.62200000001353E-9
8.121258066537189E-4      -0.0051947087103227565   2.62200000001353E-9      2.62200000001353E-9
8.324182019830737E-4      -0.005039046464944046    2.62200000001353E-9      2.62200000001353E-9
8.239569673550631E-4      -0.005123900530267811    2.62200000001353E-9      2.62200000001353E-9
-5.67677453307943E-4      -0.004392158426827034    2.62200000001353E-9      2.62200000001353E-9
-5.063327465334828E-4     -0.004339845848509211    2.62200000001353E-9      2.62200000001353E-9
-3.8873189431301493E-4    -0.004266209706233799    2.62200000001353E-9      2.62200000001353E-9
-4.4702911769569503E-4    -0.004296201654721985    2.62200000001353E-9      2.62200000001353E-9
8.30219375443619E-4       -0.004938462346995949    2.62200000001353E-9      2.62200000001353E-9
8.232607253272318E-4      -0.004860396813076169    2.62200000001353E-9      2.62200000001353E-9
7.825738013908818E-4      -0.004715332772120855    2.62200000001353E-9      2.62200000001353E-9
8.072539452089265E-4      -0.004794001429234606    2.62200000001353E-9      2.62200000001353E-9
5.400889784264657E-4      -0.004368507276552605    2.62200000001353E-9      2.62200000001353E-9
4.910229560779954E-4      -0.004325946759309742    2.62200000001353E-9      2.62200000001353E-9
3.5735217997443766E-4     -0.004249477341462518    2.62200000001353E-9      2.62200000001353E-9
4.313240656676134E-4      -0.004288472073974921    2.62200000001353E-9      2.62200000001353E-9
7.411361356699047E-4      -0.0046219518602278456   2.62200000001353E-9      2.62200000001353E-9
7.086300322995396E-4      -0.004559272856664562    2.62200000001353E-9      2.62200000001353E-9
6.171799619384774E-4      -0.004442312207875751    2.62200000001353E-9      2.62200000001353E-9
6.697224904300531E-4      -0.004505323700063656    2.62200000001353E-9      2.62200000001353E-9
-2.8760923915158756E-4    -0.0042204161641978865   2.62200000001353E-9      2.62200000001353E-9
-2.0774599511254354E-4    -0.004195186782531262    2.62200000001353E-9      2.62200000001353E-9
2.456848301591252E-4      -0.004205504890255409    2.62200000001353E-9      2.62200000001353E-9
1.925850156611945E-4      -0.004188460445530572    2.62200000001353E-9      2.62200000001353E-9
-7.683416502714209E-5     -0.004172881270375039    2.62200000001353E-9      2.62200000001353E-9
-1.403690365003551E-4     -0.004178414095680559    2.62200000001353E-9      2.62200000001353E-9
3.37592009210767E-5       -0.004169428171064291    2.62200000001353E-9      2.62200000001353E-9
1.1684474658533311E-4     -0.004176281568784811    2.62200000001353E-9      2.62200000001353E-9
-7.932782172544386E-4     0.005246995722851765     2.62200000001353E-9      2.62200000001353E-9
-8.283972007894123E-4     0.004941954751771891     2.62200000001353E-9      2.62200000001353E-9
-6.410137233055918E-4     0.0055281880344060595    2.62200000001353E-9      2.62200000001353E-9
-3.861352932617002E-4     0.0057351327716344234    2.62200000001353E-9      2.62200000001353E-9
-8.123859095838849E-4     0.005186094085183051     2.62200000001353E-9      2.62200000001353E-9
-8.306805527447111E-4     0.005035390554372966     2.62200000001353E-9      2.62200000001353E-9
-8.23353990907794E-4      0.005115353286831907     2.62200000001353E-9      2.62200000001353E-9
-6.801107170767514E-4     0.005481152856901143     2.62200000001353E-9      2.62200000001353E-9
-7.54313464653647E-4      0.005349138754813507     2.62200000001353E-9      2.62200000001353E-9
-7.174072806569441E-4     0.005420425424935971     2.62200000001353E-9      2.62200000001353E-9
-8.216800104534924E-4     0.0048601186002313265    2.62200000001353E-9      2.62200000001353E-9
-7.84996789639249E-4      0.004725439945001012     2.62200000001353E-9      2.62200000001353E-9
-8.072429291092079E-4     0.004803309422674961     2.62200000001353E-9      2.62200000001353E-9
-7.568395236696134E-4     0.004658245043355542     2.62200000001353E-9      2.62200000001353E-9
-4.457343409535172E-4     0.005704269621660362     2.62200000001353E-9      2.62200000001353E-9
-5.669295579848546E-4     0.005607352451784243     2.62200000001353E-9      2.62200000001353E-9
-5.035452196506646E-4     0.00566124794756387      2.62200000001353E-9      2.62200000001353E-9
-7.286651418594674E-5     0.005826542133977621     2.62200000001353E-9      2.62200000001353E-9
-1.3892768664255868E-4    0.005820735907264667     2.62200000001353E-9      2.62200000001353E-9
-2.86443832907183E-4      0.005779567098363353     2.62200000001353E-9      2.62200000001353E-9
-2.0530759644791076E-4    0.0058045821839274245    2.62200000001353E-9      2.62200000001353E-9
-7.082844852701883E-4     0.004560817473966104     2.62200000001353E-9      2.62200000001353E-9
-6.168079944839794E-4     0.004442508275380893     2.62200000001353E-9      2.62200000001353E-9
-6.679865598578408E-4     0.004505090652575129     2.62200000001353E-9      2.62200000001353E-9
-5.429764664599609E-4     0.004371287357477759     2.62200000001353E-9      2.62200000001353E-9
2.486540301746828E-4      0.005791815605224869     2.62200000001353E-9      2.62200000001353E-9
1.9196165153963107E-4     0.005810540822011321     2.62200000001353E-9      2.62200000001353E-9
3.538014034337586E-5      0.005829782746219742     2.62200000001353E-9      2.62200000001353E-9
1.1944081441127318E-4     0.0058220994300166974    2.62200000001353E-9      2.62200000001353E-9
-4.867789769555192E-4     0.00432325170349637      2.62200000001353E-9      2.62200000001353E-9
-3.4709307693626783E-4    0.0042442235486391325    2.62200000001353E-9      2.62200000001353E-9
-4.171109007573895E-4     0.0042799243902225045    2.62200000001353E-9      2.62200000001353E-9
-2.2944351421979182E-4    0.004201426775178917     2.62200000001353E-9      2.62200000001353E-9
3.560909332725216E-4      0.005750162189240236     2.62200000001353E-9      2.62200000001353E-9
4.304835888628855E-4      0.005710924091564703     2.62200000001353E-9      2.62200000001353E-9
5.525771705618579E-4      0.0056205797183958225    2.62200000001353E-9      2.62200000001353E-9
4.88381697843269E-4       0.0056752874839876635    2.62200000001353E-9      2.62200000001353E-9
-1.0223698021897306E-4    0.004174574784416409     2.62200000001353E-9      2.62200000001353E-9
-2.3211845621829963E-5    0.004168740453236897     2.62200000001353E-9      2.62200000001353E-9
6.180564267903271E-4      0.005557339407655759     2.62200000001353E-9      2.62200000001353E-9
6.703659341221171E-4      0.0054933060612471826    2.62200000001353E-9      2.62200000001353E-9
7.415907181255338E-4      0.005375718401624381     2.62200000001353E-9      2.62200000001353E-9
7.062760928728538E-4      0.005444067573396835     2.62200000001353E-9      2.62200000001353E-9
1.0285711833794934E-4     0.004175455518867948     2.62200000001353E-9      2.62200000001353E-9
7.819434173891119E-4      0.005285022594546555     2.62200000001353E-9      2.62200000001353E-9
8.064587643261854E-4      0.005205605981833126     2.62200000001353E-9      2.62200000001353E-9
8.291550922972786E-4      0.0050606009459948       2.62200000001353E-9      2.62200000001353E-9
8.231232710160174E-4      0.005138817981318756     2.62200000001353E-9      2.62200000001353E-9
2.1555909964783131E-4     0.004196272807294617     2.62200000001353E-9      2.62200000001353E-9
2.862643266120437E-4      0.0042186082858383395    2.62200000001353E-9      2.62200000001353E-9
3.5132671348441966E-4     0.004244836004132647     2.62200000001353E-9      2.62200000001353E-9
8.317336234949499E-4      0.00496036423220254      2.62200000001353E-9      2.62200000001353E-9
8.231243913285562E-4      0.004874917013160376     2.62200000001353E-9      2.62200000001353E-9
5.677653097956561E-4      0.004391396386909225     2.62200000001353E-9      2.62200000001353E-9
5.030512243037517E-4      0.004337370254123837     2.62200000001353E-9      2.62200000001353E-9
4.306485761210226E-4      0.004287635304077472     2.62200000001353E-9      2.62200000001353E-9
7.939735770518587E-4      0.004744751975046944     2.62200000001353E-9      2.62200000001353E-9
8.110744496031273E-4      0.004804941406323452     2.62200000001353E-9      2.62200000001353E-9
7.686536121469587E-4      0.0046798685355719655    2.62200000001353E-9      2.62200000001353E-9
6.566893098861951E-4      0.004487161643419245     2.62200000001353E-9      2.62200000001353E-9
6.147337443988195E-4      0.00443814416789223      2.62200000001353E-9      2.62200000001353E-9
7.015571881939777E-4      0.004552307175826056     2.62200000001353E-9      2.62200000001353E-9
7.390951576252991E-4      0.004617409616680063     2.62200000001353E-9      2.62200000001353E-9
-7.004034305486709E-4     -0.005157215785299728    3.0960000000135303E-9    3.0960000000135303E-9
-7.078710950299095E-4     -0.005104225381975489    3.0960000000135303E-9    3.0960000000135303E-9
-7.077988995711401E-4     -0.005105024980119723    3.0960000000135303E-9    3.0960000000135303E-9
4.402211875994257E-4      -0.005566883059354175    3.0960000000135303E-9    3.0960000000135303E-9
3.7189695380341914E-4     -0.005613560285947705    3.0960000000135303E-9    3.0960000000135303E-9
-6.599434501640814E-4     -0.005280825424924947    3.0960000000135303E-9    3.0960000000135303E-9
-6.199397541800394E-4     -0.005356130044601073    3.0960000000135303E-9    3.0960000000135303E-9
-6.822365129370398E-4     -0.005213664741409988    3.0960000000135303E-9    3.0960000000135303E-9
-6.84402646485721E-4      -0.005207664143879029    3.0960000000135303E-9    3.0960000000135303E-9
8.161434557355477E-5      -0.005711193163928382    3.0960000000135303E-9    3.0960000000135303E-9
1.5461984782697339E-4     -0.005700052482089176    3.0960000000135303E-9    3.0960000000135303E-9
1.5996512577164148E-4     -0.005699317550457701    3.0960000000135303E-9    3.0960000000135303E-9
2.2565801045957215E-4     -0.005679446773860274    3.0960000000135303E-9    3.0960000000135303E-9
2.980826401583585E-4      -0.0056548272299886985   3.0960000000135303E-9    3.0960000000135303E-9
-8.050554543746883E-5     -0.0057130676140684485   3.0960000000135303E-9    3.0960000000135303E-9
-1.3257449626121243E-4    -0.005703381992357104    3.0960000000135303E-9    3.0960000000135303E-9
-1.4243736729512576E-5    -0.005717373291172412    3.0960000000135303E-9    3.0960000000135303E-9
-4.4633837140453414E-4    -0.005559669622188738    3.0960000000135303E-9    3.0960000000135303E-9
-4.3202990756982616E-4    -0.005571840097508173    3.0960000000135303E-9    3.0960000000135303E-9
-3.894530989507241E-4     -0.005601518457398232    3.0960000000135303E-9    3.0960000000135303E-9
-5.110202642106709E-4     -0.005503764160838168    3.0960000000135303E-9    3.0960000000135303E-9
-6.167691298727901E-4     -0.005362282802413555    3.0960000000135303E-9    3.0960000000135303E-9
-5.894623262939891E-4     -0.005408386839851216    3.0960000000135303E-9    3.0960000000135303E-9
-5.570307654699466E-4     -0.005449899830137505    3.0960000000135303E-9    3.0960000000135303E-9
-5.705766190218663E-4     -0.005430904793072174    3.0960000000135303E-9    3.0960000000135303E-9
-7.131643239143167E-4     -0.004930277461139123    3.0960000000135303E-9    3.0960000000135303E-9
-7.09934696189846E-4      -0.00490968855513944     3.0960000000135303E-9    3.0960000000135303E-9
-7.17764914050867E-4      -0.0050089476372321045   3.0960000000135303E-9    3.0960000000135303E-9
-6.913613555206377E-4     -0.004812078324641871    3.0960000000135303E-9    3.0960000000135303E-9
-6.951632670147735E-4     -0.004824095451700468    3.0960000000135303E-9    3.0960000000135303E-9
-7.072824884526409E-4     -0.0048765365486157265   3.0960000000135303E-9    3.0960000000135303E-9
-6.665257114353599E-4     -0.004735237789075764    3.0960000000135303E-9    3.0960000000135303E-9
-5.794697677203632E-4     -0.00458142962976866     3.0960000000135303E-9    3.0960000000135303E-9
-5.813267546875494E-4     -0.004583678959340903    3.0960000000135303E-9    3.0960000000135303E-9
-6.12155327855145E-4      -0.004624951584954704    3.0960000000135303E-9    3.0960000000135303E-9
-6.352285247815816E-4     -0.0046708888879067705   3.0960000000135303E-9    3.0960000000135303E-9
-6.312701846066687E-4     -0.0046641817565944085   3.0960000000135303E-9    3.0960000000135303E-9
-2.0738559684600337E-4    -0.005685571219075073    3.0960000000135303E-9    3.0960000000135303E-9
-1.3386679679357148E-4    -0.0057030352152555395   3.0960000000135303E-9    3.0960000000135303E-9
-3.4454210474233187E-4    -0.005627973033256186    3.0960000000135303E-9    3.0960000000135303E-9
-3.758344550054509E-4     -0.005608556468860687    3.0960000000135303E-9    3.0960000000135303E-9
-2.843889194055427E-4     -0.005658064279844774    3.0960000000135303E-9    3.0960000000135303E-9
5.072461069731245E-4      -0.005508223102157253    3.0960000000135303E-9    3.0960000000135303E-9
5.124249790353101E-4      -0.005503423759273482    3.0960000000135303E-9    3.0960000000135303E-9
5.573266436888846E-4      -0.005451333257432479    3.0960000000135303E-9    3.0960000000135303E-9
5.735050416361515E-4      -0.005426803516997026    3.0960000000135303E-9    3.0960000000135303E-9
5.961633623545366E-4      -0.005398575264755078    3.0960000000135303E-9    3.0960000000135303E-9
6.905328476753009E-4      -0.0051913259362882805   3.0960000000135303E-9    3.0960000000135303E-9
6.647012627316061E-4      -0.005272989662238191    3.0960000000135303E-9    3.0960000000135303E-9
6.301944947868459E-4      -0.0053431338095565875   3.0960000000135303E-9    3.0960000000135303E-9
7.118322922098426E-4      -0.005080604999107913    3.0960000000135303E-9    3.0960000000135303E-9
7.100654337545032E-4      -0.005091742117281343    3.0960000000135303E-9    3.0960000000135303E-9
-5.178461154222837E-4     -0.004503703075758553    3.0960000000135303E-9    3.0960000000135303E-9
5.10411166061151E-4       -0.004495126425726067    3.0960000000135303E-9    3.0960000000135303E-9
4.4370946091712557E-4     -0.004438033890842744    3.0960000000135303E-9    3.0960000000135303E-9
-4.587446423681868E-4     -0.0044504114041522495   3.0960000000135303E-9    3.0960000000135303E-9
-4.3856913359927334E-4    -0.004435171770582088    3.0960000000135303E-9    3.0960000000135303E-9
-3.5696142877647774E-4    -0.0043800398196504565   3.0960000000135303E-9    3.0960000000135303E-9
-3.705785609821284E-4     -0.004387060505087497    3.0960000000135303E-9    3.0960000000135303E-9
-4.166524816176004E-4     -0.004415885014419393    3.0960000000135303E-9    3.0960000000135303E-9
-2.77711711887036E-4      -0.004338647163311165    3.0960000000135303E-9    3.0960000000135303E-9
7.187053073718843E-4      -0.005000676861206817    3.0960000000135303E-9    3.0960000000135303E-9
7.100458569446882E-4      -0.004907579439470408    3.0960000000135303E-9    3.0960000000135303E-9
6.631877665010536E-4      -0.004723723209768767    3.0960000000135303E-9    3.0960000000135303E-9
6.194471435815369E-4      -0.004641389137750905    3.0960000000135303E-9    3.0960000000135303E-9
7.096014032489832E-4      -0.004902412181973397    3.0960000000135303E-9    3.0960000000135303E-9
7.024620402440645E-4      -0.004849148613102367    3.0960000000135303E-9    3.0960000000135303E-9
6.871202515524242E-4      -0.004798271688117185    3.0960000000135303E-9    3.0960000000135303E-9
6.904382924756332E-4      -0.004811667592118202    3.0960000000135303E-9    3.0960000000135303E-9
4.365398329192696E-4      -0.004431830482942421    3.0960000000135303E-9    3.0960000000135303E-9
3.9462111711610333E-4     -0.004400118285743545    3.0960000000135303E-9    3.0960000000135303E-9
3.495488001689786E-4      -0.004374121062187083    3.0960000000135303E-9    3.0960000000135303E-9
3.66613329007323E-4       -0.004384973176609903    3.0960000000135303E-9    3.0960000000135303E-9
6.177801729933782E-4      -0.004638163033367832    3.0960000000135303E-9    3.0960000000135303E-9
5.91646873815112E-4       -0.00459282732491073     3.0960000000135303E-9    3.0960000000135303E-9
5.593650681886449E-4      -0.004552554783254033    3.0960000000135303E-9    3.0960000000135303E-9
5.655925618346437E-4      -0.00456125829230934     3.0960000000135303E-9    3.0960000000135303E-9
-2.0739850695000435E-4    -0.004314679698312176    3.0960000000135303E-9    3.0960000000135303E-9
-1.8853595055420993E-4    -0.004310191099685566    3.0960000000135303E-9    3.0960000000135303E-9
2.8590745072814595E-4     -0.0043413433154200695   3.0960000000135303E-9    3.0960000000135303E-9
2.0436474604103316E-4     -0.004313283641557773    3.0960000000135303E-9    3.0960000000135303E-9
1.8461714817590979E-4     -0.00430668000699984     3.0960000000135303E-9    3.0960000000135303E-9
1.3131925428595597E-4     -0.004294147191570526    3.0960000000135303E-9    3.0960000000135303E-9
-9.23344077199523E-5      -0.004290047388871646    3.0960000000135303E-9    3.0960000000135303E-9
-1.0409029341499165E-4    -0.0042911232804731785   3.0960000000135303E-9    3.0960000000135303E-9
-1.5657056854119944E-4    -0.004299878966970283    3.0960000000135303E-9    3.0960000000135303E-9
7.691550526649087E-5      -0.004287344019059487    3.0960000000135303E-9    3.0960000000135303E-9
1.1134281947619009E-4     -0.004292593210178639    3.0960000000135303E-9    3.0960000000135303E-9
2.277989443908935E-6      -0.004282715830667588    3.0960000000135303E-9    3.0960000000135303E-9
-6.908749660459392E-4     0.005185300112775378     3.0960000000135303E-9    3.0960000000135303E-9
-6.949630760956398E-4     0.005172340040019395     3.0960000000135303E-9    3.0960000000135303E-9
-7.072183715422967E-4     0.005119957274326667     3.0960000000135303E-9    3.0960000000135303E-9
-7.126496084114361E-4     0.005066596240056839     3.0960000000135303E-9    3.0960000000135303E-9
-7.095996785414474E-4     0.005087122314207998     3.0960000000135303E-9    3.0960000000135303E-9
-5.730868865817294E-4     0.00542696450482963      3.0960000000135303E-9    3.0960000000135303E-9
-5.79098535240913E-4      0.005419779477524942     3.0960000000135303E-9    3.0960000000135303E-9
-6.097315818811417E-4     0.0053782324733077915    3.0960000000135303E-9    3.0960000000135303E-9
-6.336211994802686E-4     0.005332310596871763     3.0960000000135303E-9    3.0960000000135303E-9
-6.248053439735957E-4     0.005347365980719554     3.0960000000135303E-9    3.0960000000135303E-9
-6.653727671742494E-4     0.005267460852959125     3.0960000000135303E-9    3.0960000000135303E-9
-7.070794005958062E-4     0.0048960856620493265    3.0960000000135303E-9    3.0960000000135303E-9
-7.069436307043613E-4     0.004894418023601573     3.0960000000135303E-9    3.0960000000135303E-9
-7.002539489674102E-4     0.004841433891776539     3.0960000000135303E-9    3.0960000000135303E-9
-7.168113685870336E-4     0.004989197983572364     3.0960000000135303E-9    3.0960000000135303E-9
-3.6094586306966564E-4    0.005618466610264945     3.0960000000135303E-9    3.0960000000135303E-9
-3.7265025611995655E-4    0.005612338128173222     3.0960000000135303E-9    3.0960000000135303E-9
-4.180723523797106E-4     0.005583650816229266     3.0960000000135303E-9    3.0960000000135303E-9
-4.591246990421937E-4     0.005549472235472601     3.0960000000135303E-9    3.0960000000135303E-9
-4.4087678736865827E-4    0.005563322745351779     3.0960000000135303E-9    3.0960000000135303E-9
-5.148795168390364E-4     0.0054988109626387775    3.0960000000135303E-9    3.0960000000135303E-9
-9.363896911226258E-5     0.005708555531114387     3.0960000000135303E-9    3.0960000000135303E-9
-1.0407493285737637E-4    0.005707685701727432     3.0960000000135303E-9    3.0960000000135303E-9
-1.567118424879978E-4     0.005699959685521324     3.0960000000135303E-9    3.0960000000135303E-9
-2.0818152356043805E-4    0.005684836683846798     3.0960000000135303E-9    3.0960000000135303E-9
-1.8984316134197925E-4    0.0056892380309584165    3.0960000000135303E-9    3.0960000000135303E-9
-2.800239711819538E-4     0.005660582932797465     3.0960000000135303E-9    3.0960000000135303E-9
-6.187612106220339E-4     0.004642480902717481     3.0960000000135303E-9    3.0960000000135303E-9
-6.174537588812539E-4     0.0046399566508081936    3.0960000000135303E-9    3.0960000000135303E-9
-5.904828270349601E-4     0.004593514476692321     3.0960000000135303E-9    3.0960000000135303E-9
-6.591140278303416E-4     0.004717433811421335     3.0960000000135303E-9    3.0960000000135303E-9
-6.815926604193831E-4     0.0047839712617269315    3.0960000000135303E-9    3.0960000000135303E-9
-6.839861706619074E-4     0.004790604839049166     3.0960000000135303E-9    3.0960000000135303E-9
-5.573006278203073E-4     0.004551693189314583     3.0960000000135303E-9    3.0960000000135303E-9
-5.662040915531432E-4     0.0045641824569157075    3.0960000000135303E-9    3.0960000000135303E-9
2.0076659750997553E-4     0.005687338975745193     3.0960000000135303E-9    3.0960000000135303E-9
1.8285916649037477E-4     0.005693252495632814     3.0960000000135303E-9    3.0960000000135303E-9
1.2992729583598945E-4     0.005705417952589165     3.0960000000135303E-9    3.0960000000135303E-9
7.580380787446836E-5      0.00571229991804884      3.0960000000135303E-9    3.0960000000135303E-9
1.0522500515712186E-4     0.005707480476680821     3.0960000000135303E-9    3.0960000000135303E-9
9.491252087206725E-7      0.005717342344690587     3.0960000000135303E-9    3.0960000000135303E-9
-4.441945612491834E-4     0.004438298920508279     3.0960000000135303E-9    3.0960000000135303E-9
-4.313780686875326E-4     0.004427544385713087     3.0960000000135303E-9    3.0960000000135303E-9
-3.87479546466255E-4      0.004397169784910499     3.0960000000135303E-9    3.0960000000135303E-9
-5.099992860718146E-4     0.004494377548919063     3.0960000000135303E-9    3.0960000000135303E-9
-3.418884107070551E-4     0.004370218312677523     3.0960000000135303E-9    3.0960000000135303E-9
-3.769686261154945E-4     0.0043917953762656285    3.0960000000135303E-9    3.0960000000135303E-9
3.465969960829099E-4      0.00562692488903578      3.0960000000135303E-9    3.0960000000135303E-9
3.601639680141179E-4      0.005618396422456897     3.0960000000135303E-9    3.0960000000135303E-9
2.8203929303302193E-4     0.005659761463847303     3.0960000000135303E-9    3.0960000000135303E-9
4.3530203428116595E-4     0.005568014943041126     3.0960000000135303E-9    3.0960000000135303E-9
4.3299175550529377E-4     0.0055699669640355       3.0960000000135303E-9    3.0960000000135303E-9
3.917574860630724E-4      0.005601779802740511     3.0960000000135303E-9    3.0960000000135303E-9
-2.0237598443445548E-4    0.0043128995989862315    3.0960000000135303E-9    3.0960000000135303E-9
-1.2964981227105133E-4    0.004296106794761961     3.0960000000135303E-9    3.0960000000135303E-9
-2.8136490346574155E-4    0.0043404516408583615    3.0960000000135303E-9    3.0960000000135303E-9
-7.813386202734227E-5     0.004286847690934366     3.0960000000135303E-9    3.0960000000135303E-9
-1.2947462804614352E-4    0.004296061045947023     3.0960000000135303E-9    3.0960000000135303E-9
5.563580886837391E-4      0.005450623184730534     3.0960000000135303E-9    3.0960000000135303E-9
5.571995483358359E-4      0.005449471158323666     3.0960000000135303E-9    3.0960000000135303E-9
5.043497245299952E-4      0.0055111919633032335    3.0960000000135303E-9    3.0960000000135303E-9
6.175007039524287E-4      0.005362741717638091     3.0960000000135303E-9    3.0960000000135303E-9
6.168348642398017E-4      0.005364028390838439     3.0960000000135303E-9    3.0960000000135303E-9
5.903782852472574E-4      0.005410243693706289     3.0960000000135303E-9    3.0960000000135303E-9
-1.1424827713934866E-5    0.004282681528920809     3.0960000000135303E-9    3.0960000000135303E-9
8.356564758937941E-5      0.00428924812999381      3.0960000000135303E-9    3.0960000000135303E-9
1.5734173322323218E-4     0.004301210773124058     3.0960000000135303E-9    3.0960000000135303E-9
6.875009814817233E-4      0.00520482974542233      3.0960000000135303E-9    3.0960000000135303E-9
6.917621615843417E-4      0.005185817250521705     3.0960000000135303E-9    3.0960000000135303E-9
6.619779796573637E-4      0.005278969129058834     3.0960000000135303E-9    3.0960000000135303E-9
7.110357563215613E-4      0.0050903885718097       3.0960000000135303E-9    3.0960000000135303E-9
7.102359368219416E-4      0.0050996760773737       3.0960000000135303E-9    3.0960000000135303E-9
7.018756204367383E-4      0.0051528404270390635    3.0960000000135303E-9    3.0960000000135303E-9
1.6083108834338922E-4     0.0043017127389876455    3.0960000000135303E-9    3.0960000000135303E-9
2.275328668852561E-4      0.004321884176512651     3.0960000000135303E-9    3.0960000000135303E-9
3.7548778584089304E-4     0.00438987035913413      3.0960000000135303E-9    3.0960000000135303E-9
3.00981699336675E-4       0.004347132166038544     3.0960000000135303E-9    3.0960000000135303E-9
7.188015230695353E-4      0.00499788975411881      3.0960000000135303E-9    3.0960000000135303E-9
7.120743954926636E-4      0.004917731558069472     3.0960000000135303E-9    3.0960000000135303E-9
7.105074325577058E-4      0.004908683703640777     3.0960000000135303E-9    3.0960000000135303E-9
4.4324469817530644E-4     0.0044358435893393725    3.0960000000135303E-9    3.0960000000135303E-9
5.103480498037397E-4      0.0044954119659994084    3.0960000000135303E-9    3.0960000000135303E-9
5.135301551971042E-4      0.004498346891743866     3.0960000000135303E-9    3.0960000000135303E-9
5.584983071644148E-4      0.004549929503526447     3.0960000000135303E-9    3.0960000000135303E-9
5.770860973934797E-4      0.0045781884621463615    3.0960000000135303E-9    3.0960000000135303E-9
6.903967624110373E-4      0.004809459606821839     3.0960000000135303E-9    3.0960000000135303E-9
6.645361916016322E-4      0.004728934043505381     3.0960000000135303E-9    3.0960000000135303E-9
6.305236796058249E-4      0.0046594064351134674    3.0960000000135303E-9    3.0960000000135303E-9
5.964199178679094E-4      0.0046034867383986395    3.0960000000135303E-9    3.0960000000135303E-9
-6.847078501515109E-4     -0.005206459284330012    3.0960000000135303E-9    3.0960000000135303E-9
-7.075226873508786E-4     -0.005106278170476227    3.0960000000135303E-9    3.0960000000135303E-9
4.6045558346886103E-4     -0.005551635878631235    3.0960000000135303E-9    3.0960000000135303E-9
3.893992242258584E-4      -0.005602206565163888    3.0960000000135303E-9    3.0960000000135303E-9
-6.539923462734827E-4     -0.005293763325641403    3.0960000000135303E-9    3.0960000000135303E-9
1.1012586769134389E-4     -0.005708840356679309    3.0960000000135303E-9    3.0960000000135303E-9
1.6525574251675506E-4     -0.005697775260786025    3.0960000000135303E-9    3.0960000000135303E-9
2.3524154071142108E-4     -0.005676017711948541    3.0960000000135303E-9    3.0960000000135303E-9
3.1881400889720627E-4     -0.00564499843202289     3.0960000000135303E-9    3.0960000000135303E-9
-4.90982196548837E-5      -0.0057146138563234855   3.0960000000135303E-9    3.0960000000135303E-9
-1.3113010471562205E-4    -0.005703531680056327    3.0960000000135303E-9    3.0960000000135303E-9
4.5033117157242E-5        -0.0057159289189888845   3.0960000000135303E-9    3.0960000000135303E-9
-4.0182724705402085E-4    -0.005591838061732252    3.0960000000135303E-9    3.0960000000135303E-9
-4.8640326219308E-4       -0.005527237174794546    3.0960000000135303E-9    3.0960000000135303E-9
-5.472583944078016E-4     -0.005460367707009673    3.0960000000135303E-9    3.0960000000135303E-9
-6.083263554245165E-4     -0.005374983831939812    3.0960000000135303E-9    3.0960000000135303E-9
-7.134473481416345E-4     -0.004941343907424425    3.0960000000135303E-9    3.0960000000135303E-9
-7.173514215134029E-4     -0.005029001162480095    3.0960000000135303E-9    3.0960000000135303E-9
-6.990523401074658E-4     -0.004845550143367787    3.0960000000135303E-9    3.0960000000135303E-9
-6.738905624829132E-4     -0.0047543326772575      3.0960000000135303E-9    3.0960000000135303E-9
-6.370899124523457E-4     -0.004675176155370543    3.0960000000135303E-9    3.0960000000135303E-9
-5.841954534328596E-4     -0.004588125230951648    3.0960000000135303E-9    3.0960000000135303E-9
-1.8406886911447268E-4    -0.005693089370041012    3.0960000000135303E-9    3.0960000000135303E-9
-3.2708398975756756E-4    -0.005636001964353216    3.0960000000135303E-9    3.0960000000135303E-9
-2.4826627934622716E-4    -0.005672510823895761    3.0960000000135303E-9    3.0960000000135303E-9
5.212141106150514E-4      -0.005492083106099963    3.0960000000135303E-9    3.0960000000135303E-9
6.130918920801031E-4      -0.005369479632309666    3.0960000000135303E-9    3.0960000000135303E-9
7.06217643084933E-4       -0.005134830626188366    3.0960000000135303E-9    3.0960000000135303E-9
6.898002598988426E-4      -0.005194108099859341    3.0960000000135303E-9    3.0960000000135303E-9
6.625029393346016E-4      -0.00527799232356041     3.0960000000135303E-9    3.0960000000135303E-9
7.120676013958649E-4      -0.005074058435639013    3.0960000000135303E-9    3.0960000000135303E-9
-5.343247044489342E-4     -0.004521328807558813    3.0960000000135303E-9    3.0960000000135303E-9
-4.6799650848254647E-4    -0.004459345966655988    3.0960000000135303E-9    3.0960000000135303E-9
4.942796005223906E-4      -0.004479618026058064    3.0960000000135303E-9    3.0960000000135303E-9
5.547746894086858E-4      -0.004547609360196161    3.0960000000135303E-9    3.0960000000135303E-9
-3.9277744976398015E-4    -0.00440221759409405     3.0960000000135303E-9    3.0960000000135303E-9
-3.054181226310314E-4     -0.004351231364308453    3.0960000000135303E-9    3.0960000000135303E-9
-2.1855784399332683E-4    -0.0043189893319042355   3.0960000000135303E-9    3.0960000000135303E-9
7.182575168056856E-4      -0.004979903010828942    3.0960000000135303E-9    3.0960000000135303E-9
6.548810804752362E-4      -0.004704728605395872    3.0960000000135303E-9    3.0960000000135303E-9
6.843034503635053E-4      -0.004790807667343687    3.0960000000135303E-9    3.0960000000135303E-9
7.077555841668285E-4      -0.004892846278601223    3.0960000000135303E-9    3.0960000000135303E-9
4.230916267601287E-4      -0.004422687322274703    3.0960000000135303E-9    3.0960000000135303E-9
3.3745357466262855E-4     -0.004368413355952248    3.0960000000135303E-9    3.0960000000135303E-9
6.142843221561788E-4      -0.004632897742223945    3.0960000000135303E-9    3.0960000000135303E-9
2.5364555537729617E-4     -0.004328658865657108    3.0960000000135303E-9    3.0960000000135303E-9
1.504542500135433E-4      -0.00429966911506425     3.0960000000135303E-9    3.0960000000135303E-9
-1.2249782175105525E-4    -0.004295182092170089    3.0960000000135303E-9    3.0960000000135303E-9
5.7414965199800215E-5     -0.0042867890694654005   3.0960000000135303E-9    3.0960000000135303E-9
-3.131153954522308E-5     -0.004283205048070157    3.0960000000135303E-9    3.0960000000135303E-9
-6.992017965422458E-4     0.005149652772228695     3.0960000000135303E-9    3.0960000000135303E-9
-7.128965452445478E-4     0.005055825066311554     3.0960000000135303E-9    3.0960000000135303E-9
-5.883271303429379E-4     0.0054058241646284975    3.0960000000135303E-9    3.0960000000135303E-9
-6.376439625750453E-4     0.005323179435211994     3.0960000000135303E-9    3.0960000000135303E-9
-6.749313442950193E-4     0.005242375284063275     3.0960000000135303E-9    3.0960000000135303E-9
-7.063890960049102E-4     0.004891736221527123     3.0960000000135303E-9    3.0960000000135303E-9
-7.162589145318073E-4     0.00496962604352485      3.0960000000135303E-9    3.0960000000135303E-9
-6.842474744973869E-4     0.004791603171581664     3.0960000000135303E-9    3.0960000000135303E-9
-3.9137908542564363E-4    0.00559928379165405      3.0960000000135303E-9    3.0960000000135303E-9
-4.686308137347066E-4     0.005540255402063546     3.0960000000135303E-9    3.0960000000135303E-9
-5.336235184690587E-4     0.005478622663186916     3.0960000000135303E-9    3.0960000000135303E-9
-1.2109357732014E-4       0.005704230157306293     3.0960000000135303E-9    3.0960000000135303E-9
-2.188953654651168E-4     0.005680750560486278     3.0960000000135303E-9    3.0960000000135303E-9
-3.066454698295388E-4     0.0056487291898812825    3.0960000000135303E-9    3.0960000000135303E-9
-6.13821008282951E-4      0.004634492020745613     3.0960000000135303E-9    3.0960000000135303E-9
-6.54647728863287E-4      0.004707653919234495     3.0960000000135303E-9    3.0960000000135303E-9
-5.516176928093161E-4     0.0045455223137686905    3.0960000000135303E-9    3.0960000000135303E-9
1.533200953644335E-4      0.005698901819877639     3.0960000000135303E-9    3.0960000000135303E-9
5.8396391147533404E-5     0.0057128386004238856    3.0960000000135303E-9    3.0960000000135303E-9
-3.102869186761321E-5     0.00571653696476762      3.0960000000135303E-9    3.0960000000135303E-9
-3.9883248118288066E-4    0.004405936217079562     3.0960000000135303E-9    3.0960000000135303E-9
-4.88775321965458E-4      0.00447419872830163      3.0960000000135303E-9    3.0960000000135303E-9
-3.219884405929406E-4     0.004361243643773844     3.0960000000135303E-9    3.0960000000135303E-9
3.368633642172964E-4      0.005631384512132758     3.0960000000135303E-9    3.0960000000135303E-9
2.5266607174417855E-4     0.0056713168817021       3.0960000000135303E-9    3.0960000000135303E-9
4.279152310732147E-4      0.005573380627113123     3.0960000000135303E-9    3.0960000000135303E-9
-1.8005993750710685E-4    0.004305881048314069     3.0960000000135303E-9    3.0960000000135303E-9
-2.4371411003035404E-4    0.004325613049508886     3.0960000000135303E-9    3.0960000000135303E-9
-4.9182149882187795E-5    0.0042855487054457965    3.0960000000135303E-9    3.0960000000135303E-9
-1.2928150414402484E-4    0.00429604187183671      3.0960000000135303E-9    3.0960000000135303E-9
5.557941627954374E-4      0.005451221782960942     3.0960000000135303E-9    3.0960000000135303E-9
4.943039065646147E-4      0.005520602892024518     3.0960000000135303E-9    3.0960000000135303E-9
6.155325552307407E-4      0.005365961860290545     3.0960000000135303E-9    3.0960000000135303E-9
4.522856523258516E-5      0.004284226459438056     3.0960000000135303E-9    3.0960000000135303E-9
1.110480285455919E-4      0.00429162519692599      3.0960000000135303E-9    3.0960000000135303E-9
6.835145542019832E-4      0.005215525291066294     3.0960000000135303E-9    3.0960000000135303E-9
6.537469107389963E-4      0.005297572368496503     3.0960000000135303E-9    3.0960000000135303E-9
7.067310260635987E-4      0.005115997922545185     3.0960000000135303E-9    3.0960000000135303E-9
1.6430208096102043E-4     0.0043027337072339186    3.0960000000135303E-9    3.0960000000135303E-9
2.3548828787946715E-4     0.004324737422114904     3.0960000000135303E-9    3.0960000000135303E-9
3.2023695351388076E-4     0.004356484911805853     3.0960000000135303E-9    3.0960000000135303E-9
7.181816657311919E-4      0.005020994078077476     3.0960000000135303E-9    3.0960000000135303E-9
7.122748769654153E-4      0.004923449355072206     3.0960000000135303E-9    3.0960000000135303E-9
7.060669558559569E-4      0.004864323937034982     3.0960000000135303E-9    3.0960000000135303E-9
4.622927426672031E-4      0.004450263314019332     3.0960000000135303E-9    3.0960000000135303E-9
3.909689847495377E-4      0.004399926207826375     3.0960000000135303E-9    3.0960000000135303E-9
5.188194481944336E-4      0.004505123727526979     3.0960000000135303E-9    3.0960000000135303E-9
6.884194109420917E-4      0.004802215853587557     3.0960000000135303E-9    3.0960000000135303E-9
6.598271901721233E-4      0.00471827958280378      3.0960000000135303E-9    3.0960000000135303E-9
6.098009667263378E-4      0.004627242472250814     3.0960000000135303E-9    3.0960000000135303E-9
3.7298971348819507E-4     -0.005509066853786439    3.5710000000135304E-9    3.5710000000135304E-9
1.794129862610209E-4      -0.00560312946397455     3.5710000000135304E-9    3.5710000000135304E-9
2.253688853689052E-4      -0.0055908549583813996   3.5710000000135304E-9    3.5710000000135304E-9
2.9909548121325965E-4     -0.005557975891551775    3.5710000000135304E-9    3.5710000000135304E-9
5.137004742987481E-5      -0.005629538029774564    3.5710000000135304E-9    3.5710000000135304E-9
6.710203597163242E-5      -0.005627858489274689    3.5710000000135304E-9    3.5710000000135304E-9
-4.0372882338554256E-5    -0.00563020932220282     3.5710000000135304E-9    3.5710000000135304E-9
-1.0213503554365004E-4    -0.0056206055593327866   3.5710000000135304E-9    3.5710000000135304E-9
-4.7045142662215854E-4    -0.005421532514801147    3.5710000000135304E-9    3.5710000000135304E-9
-5.187654906360886E-4     -0.005360467538311744    3.5710000000135304E-9    3.5710000000135304E-9
-4.1144696344128E-4       -0.0054790610387945695   3.5710000000135304E-9    3.5710000000135304E-9
-5.928307806554582E-4     -0.005218321103372904    3.5710000000135304E-9    3.5710000000135304E-9
-6.159439358076118E-4     -0.005144015848018314    3.5710000000135304E-9    3.5710000000135304E-9
-5.593506699065612E-4     -0.005293080064121803    3.5710000000135304E-9    3.5710000000135304E-9
-6.314783175872076E-4     -0.004978817409875159    3.5710000000135304E-9    3.5710000000135304E-9
-6.237528646942611E-4     -0.004895551650424161    3.5710000000135304E-9    3.5710000000135304E-9
-6.282216832051179E-4     -0.005069828871943603    3.5710000000135304E-9    3.5710000000135304E-9
-5.791291570366255E-4     -0.004747653977209224    3.5710000000135304E-9    3.5710000000135304E-9
-5.466720383855292E-4     -0.00468134923927262     3.5710000000135304E-9    3.5710000000135304E-9
-6.06056159310722E-4      -0.004821573494993979    3.5710000000135304E-9    3.5710000000135304E-9
-2.047202527056129E-4     -0.005595780095637375    3.5710000000135304E-9    3.5710000000135304E-9
-1.999340206186653E-4     -0.005597348581230383    3.5710000000135304E-9    3.5710000000135304E-9
-2.777953448692958E-4     -0.005565202104314462    3.5710000000135304E-9    3.5710000000135304E-9
-2.787514831693082E-4     -0.005564631349612169    3.5710000000135304E-9    3.5710000000135304E-9
1.4862587520917946E-4     -0.005612930771429747    3.5710000000135304E-9    3.5710000000135304E-9
-1.2524987164058712E-4    -0.0056177525388547206   3.5710000000135304E-9    3.5710000000135304E-9
-3.448931803372089E-4     -0.00552912920938789     3.5710000000135304E-9    3.5710000000135304E-9
-1.230313635576518E-4     -0.005618212274900735    3.5710000000135304E-9    3.5710000000135304E-9
1.5262015620785734E-4     -0.005611902731412592    3.5710000000135304E-9    3.5710000000135304E-9
3.7730927952103863E-4     -0.005506009754383811    3.5710000000135304E-9    3.5710000000135304E-9
5.10877212166035E-4       -0.00537256319059047     3.5710000000135304E-9    3.5710000000135304E-9
4.4070147748807734E-4     -0.00545240083642232     3.5710000000135304E-9    3.5710000000135304E-9
4.3437593905494906E-4     -0.005459310415084606    3.5710000000135304E-9    3.5710000000135304E-9
5.293720410534783E-4      -0.0053487618487392885   3.5710000000135304E-9    3.5710000000135304E-9
5.692417943528132E-4      -0.005277622069418409    3.5710000000135304E-9    3.5710000000135304E-9
6.007320964749903E-4      -0.005199870252843197    3.5710000000135304E-9    3.5710000000135304E-9
6.2175951536367E-4        -0.005119422036552143    3.5710000000135304E-9    3.5710000000135304E-9
-4.3515553537368793E-4    -0.004542616076374978    3.5710000000135304E-9    3.5710000000135304E-9
-3.694917064358578E-4     -0.004487840368211697    3.5710000000135304E-9    3.5710000000135304E-9
-4.985280494016536E-4     -0.0046115665070914896   3.5710000000135304E-9    3.5710000000135304E-9
5.1671008349912E-4        -0.004635906634501691    3.5710000000135304E-9    3.5710000000135304E-9
4.6714030246358885E-4     -0.004575242733072479    3.5710000000135304E-9    3.5710000000135304E-9
4.065428999511907E-4      -0.004516870796726944    3.5710000000135304E-9    3.5710000000135304E-9
3.464489448130678E-4      -0.0044708375222093765   3.5710000000135304E-9    3.5710000000135304E-9
-2.177765550063751E-4     -0.004407295092290157    3.5710000000135304E-9    3.5710000000135304E-9
-1.4133720696458534E-4    -0.004383483706297484    3.5710000000135304E-9    3.5710000000135304E-9
-2.9594829634123495E-4    -0.004442460817336342    3.5710000000135304E-9    3.5710000000135304E-9
6.315615376041618E-4      -0.005037089162942149    3.5710000000135304E-9    3.5710000000135304E-9
6.305497837723787E-4      -0.004948560699073       3.5710000000135304E-9    3.5710000000135304E-9
6.15928761611649E-4       -0.004859771701006696    3.5710000000135304E-9    3.5710000000135304E-9
5.933890071785639E-4      -0.004782658282066087    3.5710000000135304E-9    3.5710000000135304E-9
5.567264934285152E-4      -0.0047009248403228465   3.5710000000135304E-9    3.5710000000135304E-9
2.7712104417137984E-4     -0.004432956637539396    3.5710000000135304E-9    3.5710000000135304E-9
1.9966354946140966E-4     -0.004401733003442612    3.5710000000135304E-9    3.5710000000135304E-9
3.3661187440952586E-5     -0.004370807400679779    3.5710000000135304E-9    3.5710000000135304E-9
1.1695887339301277E-4     -0.004379941821412735    3.5710000000135304E-9    3.5710000000135304E-9
-5.712983574798105E-5     -0.004371883443828221    3.5710000000135304E-9    3.5710000000135304E-9
-6.306260929324142E-4     0.005017481536241694     3.5710000000135304E-9    3.5710000000135304E-9
-6.234952981399216E-4     0.005099125341758181     3.5710000000135304E-9    3.5710000000135304E-9
-6.275184099510836E-4     0.0049286781417729394    3.5710000000135304E-9    3.5710000000135304E-9
-6.159283089044248E-4     0.0048554511174541525    3.5710000000135304E-9    3.5710000000135304E-9
-5.775888740710157E-4     0.005255685943595174     3.5710000000135304E-9    3.5710000000135304E-9
-5.428829552323389E-4     0.005323862014059376     3.5710000000135304E-9    3.5710000000135304E-9
-6.058835964357533E-4     0.005177731656244027     3.5710000000135304E-9    3.5710000000135304E-9
-4.3541312161912715E-4    0.005457371873142113     3.5710000000135304E-9    3.5710000000135304E-9
-3.7370137399306145E-4    0.005509911788540958     3.5710000000135304E-9    3.5710000000135304E-9
-4.949418980400959E-4     0.0053922242363280875    3.5710000000135304E-9    3.5710000000135304E-9
-5.927414092410067E-4     0.004781629704315752     3.5710000000135304E-9    3.5710000000135304E-9
-5.595516364254981E-4     0.004707381192425546     3.5710000000135304E-9    3.5710000000135304E-9
-5.201722992435562E-4     0.0046413287626121515    3.5710000000135304E-9    3.5710000000135304E-9
-2.2028802760693244E-4    0.00559200930256342      3.5710000000135304E-9    3.5710000000135304E-9
-1.4244013550441246E-4    0.00561639096240884      3.5710000000135304E-9    3.5710000000135304E-9
-3.000262092465273E-4     0.005555943933522796     3.5710000000135304E-9    3.5710000000135304E-9
3.206855130831377E-5      0.005630951000577602     3.5710000000135304E-9    3.5710000000135304E-9
1.1368729387802262E-4     0.005620988033138909     3.5710000000135304E-9    3.5710000000135304E-9
-5.793089554193245E-5     0.0056294138555086       3.5710000000135304E-9    3.5710000000135304E-9
-4.7178497551407983E-4    0.00457989647888685      3.5710000000135304E-9    3.5710000000135304E-9
-4.121869633856336E-4     0.004521942718649106     3.5710000000135304E-9    3.5710000000135304E-9
-3.439449030937004E-4     0.0044712396340344605    3.5710000000135304E-9    3.5710000000135304E-9
2.73562190017148E-4       0.005569838946149998     3.5710000000135304E-9    3.5710000000135304E-9
3.4294405211139623E-4     0.005532561899226716     3.5710000000135304E-9    3.5710000000135304E-9
1.960002700893242E-4      0.005600323406597559     3.5710000000135304E-9    3.5710000000135304E-9
-2.0130313217292468E-4    0.004403289244768444     3.5710000000135304E-9    3.5710000000135304E-9
-1.9800864760785385E-4    0.004402229182126553     3.5710000000135304E-9    3.5710000000135304E-9
-2.759915267846419E-4     0.004434216613537777     3.5710000000135304E-9    3.5710000000135304E-9
-2.7942801322501177E-4    0.004436272161184808     3.5710000000135304E-9    3.5710000000135304E-9
-1.235967014477844E-4     0.0043818306605678025    3.5710000000135304E-9    3.5710000000135304E-9
-1.1934025011143171E-4    0.004380991490305183     3.5710000000135304E-9    3.5710000000135304E-9
4.650724345623132E-4      0.0054284568542949845    3.5710000000135304E-9    3.5710000000135304E-9
5.155040322023521E-4      0.005367342073151794     3.5710000000135304E-9    3.5710000000135304E-9
4.031744893240012E-4      0.005487019321916368     3.5710000000135304E-9    3.5710000000135304E-9
5.476427005132626E-5      0.004371574747610306     3.5710000000135304E-9    3.5710000000135304E-9
6.658863747405929E-5      0.004372874648864977     3.5710000000135304E-9    3.5710000000135304E-9
-3.6374827875595166E-5    0.004370180619692772     3.5710000000135304E-9    3.5710000000135304E-9
-7.947020357147144E-5     0.004376664589870266     3.5710000000135304E-9    3.5710000000135304E-9
1.4863682234246526E-4     0.004387568878087716     3.5710000000135304E-9    3.5710000000135304E-9
1.5364393913552566E-4     0.004388874132006957     3.5710000000135304E-9    3.5710000000135304E-9
5.925357653194198E-4      0.005219468881217136     3.5710000000135304E-9    3.5710000000135304E-9
6.170280897515763E-4      0.0051402741151164045    3.5710000000135304E-9    3.5710000000135304E-9
5.551592660438616E-4      0.0053028513660979305    3.5710000000135304E-9    3.5710000000135304E-9
1.8717702323647908E-4     0.00439996498728465      3.5710000000135304E-9    3.5710000000135304E-9
3.760148125182218E-4      0.004494628914029989     3.5710000000135304E-9    3.5710000000135304E-9
3.014709871234488E-4      0.004444389256951683     3.5710000000135304E-9    3.5710000000135304E-9
2.2701025717737527E-4     0.004410666712760902     3.5710000000135304E-9    3.5710000000135304E-9
6.317855383761695E-4      0.00496242193683139      3.5710000000135304E-9    3.5710000000135304E-9
6.225230768717528E-4      0.0048799592699332855    3.5710000000135304E-9    3.5710000000135304E-9
6.307872632257531E-4      0.005050860657277324     3.5710000000135304E-9    3.5710000000135304E-9
5.140330645778136E-4      0.004632693016841195     3.5710000000135304E-9    3.5710000000135304E-9
4.4406470713059283E-4     0.004552368597084997     3.5710000000135304E-9    3.5710000000135304E-9
4.3584528174384627E-4     0.004543290963158971     3.5710000000135304E-9    3.5710000000135304E-9
5.300158504213631E-4      0.004652917398466706     3.5710000000135304E-9    3.5710000000135304E-9
5.698827608562643E-4      0.0047233636755718116    3.5710000000135304E-9    3.5710000000135304E-9
6.014460699313555E-4      0.004800288361752893     3.5710000000135304E-9    3.5710000000135304E-9
3.7901815971189097E-4     0.004496740980567304     3.5710000000135304E-9    3.5710000000135304E-9
2.3602980642758312E-4     -0.005586865807826473    3.5710000000135304E-9    3.5710000000135304E-9
3.120422603906534E-4      -0.005550537743705068    3.5710000000135304E-9    3.5710000000135304E-9
1.1669698249322248E-4     -0.005617807268451946    3.5710000000135304E-9    3.5710000000135304E-9
-2.3226193117047802E-5    -0.005631260762855813    3.5710000000135304E-9    3.5710000000135304E-9
-4.762903347192534E-4     -0.005414620670434983    3.5710000000135304E-9    3.5710000000135304E-9
-4.151586248027689E-4     -0.005475695802527506    3.5710000000135304E-9    3.5710000000135304E-9
-3.5229758247456056E-4    -0.005523981711597183    3.5710000000135304E-9    3.5710000000135304E-9
-6.010569953342965E-4     -0.005193040975350991    3.5710000000135304E-9    3.5710000000135304E-9
-5.676377897517312E-4     -0.0052752950682737314   3.5710000000135304E-9    3.5710000000135304E-9
-5.282760565494778E-4     -0.00534614654146428     3.5710000000135304E-9    3.5710000000135304E-9
-6.304921600607463E-4     -0.004956678662793932    3.5710000000135304E-9    3.5710000000135304E-9
-6.306839804724286E-4     -0.005041257470355285    3.5710000000135304E-9    3.5710000000135304E-9
-6.214684718662846E-4     -0.005118052818506108    3.5710000000135304E-9    3.5710000000135304E-9
-6.208383385625739E-4     -0.004878201056448427    3.5710000000135304E-9    3.5710000000135304E-9
-5.69464085548942E-4      -0.0047263630856320986   3.5710000000135304E-9    3.5710000000135304E-9
-6.000383703681923E-4     -0.004803195634094187    3.5710000000135304E-9    3.5710000000135304E-9
-1.6237622193667828E-4    -0.005607121237166724    3.5710000000135304E-9    3.5710000000135304E-9
-2.7752480650270535E-4    -0.005565334062651218    3.5710000000135304E-9    3.5710000000135304E-9
-5.329781697870928E-4     -0.0046586392159381745   3.5710000000135304E-9    3.5710000000135304E-9
3.9588545052526695E-4     -0.005489919196112782    3.5710000000135304E-9    3.5710000000135304E-9
4.8612728892294063E-4     -0.005407392314790666    3.5710000000135304E-9    3.5710000000135304E-9
5.431877374227566E-4      -0.005323993563208159    3.5710000000135304E-9    3.5710000000135304E-9
5.873999554073533E-4      -0.0052325267998027045   3.5710000000135304E-9    3.5710000000135304E-9
6.147673144235575E-4      -0.005148385189641608    3.5710000000135304E-9    3.5710000000135304E-9
-4.238285139157023E-4     -0.004531924586972725    3.5710000000135304E-9    3.5710000000135304E-9
-4.8475363583202563E-4    -0.004594510003605546    3.5710000000135304E-9    3.5710000000135304E-9
5.309349939031573E-4      -0.004656959735016937    3.5710000000135304E-9    3.5710000000135304E-9
-3.5684585299847606E-4    -0.004478568723518432    3.5710000000135304E-9    3.5710000000135304E-9
4.8733440907517225E-4     -0.004598725109776614    3.5710000000135304E-9    3.5710000000135304E-9
4.2658140227310414E-4     -0.0045350214625275095   3.5710000000135304E-9    3.5710000000135304E-9
3.6507341356019937E-4     -0.004484477277833686    3.5710000000135304E-9    3.5710000000135304E-9
-2.0477785438338919E-4    -0.004402648513035078    3.5710000000135304E-9    3.5710000000135304E-9
-2.857996368338712E-4     -0.004437326001958463    3.5710000000135304E-9    3.5710000000135304E-9
-1.2162955356677483E-4    -0.004379687875216914    3.5710000000135304E-9    3.5710000000135304E-9
6.300256214921594E-4      -0.005056265452372704    3.5710000000135304E-9    3.5710000000135304E-9
6.315312780812336E-4      -0.004967072207339483    3.5710000000135304E-9    3.5710000000135304E-9
6.223028072358098E-4      -0.004884275660277562    3.5710000000135304E-9    3.5710000000135304E-9
6.021219380181142E-4      -0.0048075332075517155   3.5710000000135304E-9    3.5710000000135304E-9
5.702261586132623E-4      -0.004726822725259013    3.5710000000135304E-9    3.5710000000135304E-9
2.9015855870247133E-4     -0.004439639165717182    3.5710000000135304E-9    3.5710000000135304E-9
2.086920686223355E-4      -0.004405066346603642    3.5710000000135304E-9    3.5710000000135304E-9
1.300453117956343E-4      -0.004382241549260316    3.5710000000135304E-9    3.5710000000135304E-9
4.3800067431016656E-5     -0.00437137322040552     3.5710000000135304E-9    3.5710000000135304E-9
-4.2470910043230794E-5    -0.004370890158025404    3.5710000000135304E-9    3.5710000000135304E-9
-6.297165901864222E-4     0.005039562063211143     3.5710000000135304E-9    3.5710000000135304E-9
-6.298092403971968E-4     0.004956052611048092     3.5710000000135304E-9    3.5710000000135304E-9
-6.209188024303635E-4     0.004880048314081346     3.5710000000135304E-9    3.5710000000135304E-9
-5.704297943803821E-4     0.005271642870491096     3.5710000000135304E-9    3.5710000000135304E-9
-6.012713281574528E-4     0.005193008780272633     3.5710000000135304E-9    3.5710000000135304E-9
-6.20681075214277E-4      0.005116596271241123     3.5710000000135304E-9    3.5710000000135304E-9
-4.2316727679117327E-4    0.005468835254564645     3.5710000000135304E-9    3.5710000000135304E-9
-4.829484848794754E-4     0.005406761878011716     3.5710000000135304E-9    3.5710000000135304E-9
-5.308218818996129E-4     0.005343088070494297     3.5710000000135304E-9    3.5710000000135304E-9
-6.008355072707784E-4     0.004806220346134581     3.5710000000135304E-9    3.5710000000135304E-9
-5.686816619251616E-4     0.004726991363088759     3.5710000000135304E-9    3.5710000000135304E-9
-5.30916284720988E-4      0.004657986912147167     3.5710000000135304E-9    3.5710000000135304E-9
-2.0659432057884406E-4    0.005597136748649936     3.5710000000135304E-9    3.5710000000135304E-9
-2.880425351332981E-4     0.005562273210769881     3.5710000000135304E-9    3.5710000000135304E-9
-3.5922810494616115E-4    0.005520610198639407     3.5710000000135304E-9    3.5710000000135304E-9
4.248884253108632E-5      0.005630245314084917     3.5710000000135304E-9    3.5710000000135304E-9
-4.4062048274010704E-5    0.005630454274365181     3.5710000000135304E-9    3.5710000000135304E-9
-1.225300862383553E-4     0.005620216043629283     3.5710000000135304E-9    3.5710000000135304E-9
-4.78716571048677E-4      0.004588056373381845     3.5710000000135304E-9    3.5710000000135304E-9
-4.15451241397087E-4      0.0045248455299886515    3.5710000000135304E-9    3.5710000000135304E-9
-3.504292989764992E-4     0.004475774898283627     3.5710000000135304E-9    3.5710000000135304E-9
2.889478154886051E-4      0.005562063211273624     3.5710000000135304E-9    3.5710000000135304E-9
2.0740278145395735E-4     0.005596203535466648     3.5710000000135304E-9    3.5710000000135304E-9
1.2869814401322832E-4     0.00561853516693568      3.5710000000135304E-9    3.5710000000135304E-9
3.635486705407169E-4      0.005517284761180447     3.5710000000135304E-9    3.5710000000135304E-9
-1.787328272398327E-4     0.004397431118064472     3.5710000000135304E-9    3.5710000000135304E-9
-2.7509973124656954E-4    0.004433781784066842     3.5710000000135304E-9    3.5710000000135304E-9
4.878835794404859E-4      0.005402208712483087     3.5710000000135304E-9    3.5710000000135304E-9
4.2601486049335957E-4     0.005466771537122098     3.5710000000135304E-9    3.5710000000135304E-9
5.314461344435965E-4      0.005344826221673463     3.5710000000135304E-9    3.5710000000135304E-9
1.0565517787223534E-4     0.004380864114768255     3.5710000000135304E-9    3.5710000000135304E-9
-2.398994587012196E-5     0.0043694771750936445    3.5710000000135304E-9    3.5710000000135304E-9
6.009676201032687E-4      0.005196498645777457     3.5710000000135304E-9    3.5710000000135304E-9
5.692830139545671E-4      0.005275374493758225     3.5710000000135304E-9    3.5710000000135304E-9
6.222933846394361E-4      0.005119744368481184     3.5710000000135304E-9    3.5710000000135304E-9
3.1342772319720516E-4     0.004451385933459612     3.5710000000135304E-9    3.5710000000135304E-9
2.3647082594885406E-4     0.004414263946149377     3.5710000000135304E-9    3.5710000000135304E-9
6.301721837170902E-4      0.0049426023932712705    3.5710000000135304E-9    3.5710000000135304E-9
6.315270127878943E-4      0.005034478579574023     3.5710000000135304E-9    3.5710000000135304E-9
6.151510574301436E-4      0.004849486654355652     3.5710000000135304E-9    3.5710000000135304E-9
4.8712103247585135E-4     0.004594834809567974     3.5710000000135304E-9    3.5710000000135304E-9
3.902845373391083E-4      0.004506773820808015     3.5710000000135304E-9    3.5710000000135304E-9
5.419697625786281E-4      0.004674266612966812     3.5710000000135304E-9    3.5710000000135304E-9
5.869169237506342E-4      0.004765345206457808     3.5710000000135304E-9    3.5710000000135304E-9
-4.0035761748618E-4       -0.005398345033922211    4.0460000000135305E-9    4.0460000000135305E-9
-4.537281867119727E-4     -0.005338952781734134    4.0460000000135305E-9    4.0460000000135305E-9
-5.201259035196948E-4     -0.005221503001341061    4.0460000000135305E-9    4.0460000000135305E-9
-5.474263622687393E-4     -0.005147014490428771    4.0460000000135305E-9    4.0460000000135305E-9
-4.870128763813672E-4     -0.005290658420989064    4.0460000000135305E-9    4.0460000000135305E-9
-5.649837014440817E-4     -0.0050257162834141285   4.0460000000135305E-9    4.0460000000135305E-9
-5.63532533449199E-4      -0.004938025249992854    4.0460000000135305E-9    4.0460000000135305E-9
-5.547236143678897E-4     -0.004880912146021696    4.0460000000135305E-9    4.0460000000135305E-9
-5.597178452971233E-4     -0.005096053036311082    4.0460000000135305E-9    4.0460000000135305E-9
-5.332203724520068E-4     -0.004810868792933904    4.0460000000135305E-9    4.0460000000135305E-9
-5.038649244147645E-4     -0.004740293161353143    4.0460000000135305E-9    4.0460000000135305E-9
-4.7349225867363053E-4    -0.0046866891761563525   4.0460000000135305E-9    4.0460000000135305E-9
4.108444199833026E-7      -0.00556532313160845     4.0460000000135305E-9    4.0460000000135305E-9
-8.732161336954221E-5     -0.005559254836243512    4.0460000000135305E-9    4.0460000000135305E-9
9.553726919855803E-5      -0.005559183854730678    4.0460000000135305E-9    4.0460000000135305E-9
-2.9334627164217836E-4    -0.005484216155612047    4.0460000000135305E-9    4.0460000000135305E-9
-2.2382123946892014E-4    -0.005518191523267392    4.0460000000135305E-9    4.0460000000135305E-9
-1.4733819121304044E-4    -0.005546104340162597    4.0460000000135305E-9    4.0460000000135305E-9
-2.96969059708574E-4      -0.005481697614179255    4.0460000000135305E-9    4.0460000000135305E-9
-3.396431205267542E-4     -0.005453401931438147    4.0460000000135305E-9    4.0460000000135305E-9
3.8047265263172516E-4     -0.005419492997551264    4.0460000000135305E-9    4.0460000000135305E-9
3.105589064096889E-4      -0.005473944730143454    4.0460000000135305E-9    4.0460000000135305E-9
2.363551293993759E-4      -0.005514384542794064    4.0460000000135305E-9    4.0460000000135305E-9
1.6412353375479689E-4     -0.005543013780220939    4.0460000000135305E-9    4.0460000000135305E-9
4.503180395160479E-4      -0.00534339975302413     4.0460000000135305E-9    4.0460000000135305E-9
3.821872559008012E-4      -0.005418129494046421    4.0460000000135305E-9    4.0460000000135305E-9
4.3354274694662253E-4     -0.005365899030421719    4.0460000000135305E-9    4.0460000000135305E-9
4.783477368037974E-4      -0.00530849971301672     4.0460000000135305E-9    4.0460000000135305E-9
5.154946579030242E-4      -0.005235211407788381    4.0460000000135305E-9    4.0460000000135305E-9
5.604130249224367E-4      -0.005084274488085194    4.0460000000135305E-9    4.0460000000135305E-9
5.45210774800609E-4       -0.005160045911623215    4.0460000000135305E-9    4.0460000000135305E-9
-4.220709232059116E-4     -0.004623561190639456    4.0460000000135305E-9    4.0460000000135305E-9
-3.5779089420499437E-4    -0.004560224904403527    4.0460000000135305E-9    4.0460000000135305E-9
4.4620491833236557E-4     -0.0046505603272422305   4.0460000000135305E-9    4.0460000000135305E-9
4.770588935622566E-4      -0.004693090252031608    4.0460000000135305E-9    4.0460000000135305E-9
-3.0490647928721395E-4    -0.0045216258763237155   4.0460000000135305E-9    4.0460000000135305E-9
3.9086503201897125E-4     -0.004591095676245558    4.0460000000135305E-9    4.0460000000135305E-9
3.395531980036504E-4      -0.0045449328953839924   4.0460000000135305E-9    4.0460000000135305E-9
2.9307661869627945E-4     -0.004514543634181198    4.0460000000135305E-9    4.0460000000135305E-9
-2.2937007056902099E-4    -0.00448328055531811     4.0460000000135305E-9    4.0460000000135305E-9
-1.520290116202336E-4     -0.004453559234550663    4.0460000000135305E-9    4.0460000000135305E-9
-9.485138252410379E-5     -0.004440123155035515    4.0460000000135305E-9    4.0460000000135305E-9
5.652247636172728E-4      -0.004999082506618773    4.0460000000135305E-9    4.0460000000135305E-9
5.417979329839112E-4      -0.004835521049207606    4.0460000000135305E-9    4.0460000000135305E-9
5.605226264072476E-4      -0.004911100337160672    4.0460000000135305E-9    4.0460000000135305E-9
5.098886776286362E-4      -0.004755342555876202    4.0460000000135305E-9    4.0460000000135305E-9
2.2000503674550188E-4     -0.004479728416053911    4.0460000000135305E-9    4.0460000000135305E-9
-1.3676569208808662E-5    -0.004435310096770964    4.0460000000135305E-9    4.0460000000135305E-9
7.386239945962001E-5      -0.0044386653215839535   4.0460000000135305E-9    4.0460000000135305E-9
1.4161683349076955E-4     -0.004451318902746167    4.0460000000135305E-9    4.0460000000135305E-9
-5.644641038603605E-4     0.0049712156111222875    4.0460000000135305E-9    4.0460000000135305E-9
-5.633693932863569E-4     0.005057080345065863     4.0460000000135305E-9    4.0460000000135305E-9
-5.591746856465166E-4     0.0049025968416491865    4.0460000000135305E-9    4.0460000000135305E-9
-5.47328825418254E-4      0.004852522083632974     4.0460000000135305E-9    4.0460000000135305E-9
-5.332025640102918E-4     0.005187988912573089     4.0460000000135305E-9    4.0460000000135305E-9
-5.025075960158492E-4     0.005262282397694169     4.0460000000135305E-9    4.0460000000135305E-9
-5.550803036388835E-4     0.005114223171554266     4.0460000000135305E-9    4.0460000000135305E-9
-4.2144964179156115E-4    0.005376725979489735     4.0460000000135305E-9    4.0460000000135305E-9
-3.60971432353453E-4      0.005436390178430407     4.0460000000135305E-9    4.0460000000135305E-9
-4.7152997528526904E-4    0.005315861534649578     4.0460000000135305E-9    4.0460000000135305E-9
-5.205064325425593E-4     0.004778545443632297     4.0460000000135305E-9    4.0460000000135305E-9
-4.552225896427693E-4     0.004661481770377217     4.0460000000135305E-9    4.0460000000135305E-9
-4.882692096230831E-4     0.004710272814035736     4.0460000000135305E-9    4.0460000000135305E-9
-2.3277848921825968E-4    0.0055148068855165495    4.0460000000135305E-9    4.0460000000135305E-9
-1.5376963740924474E-4    0.005546364332632646     4.0460000000135305E-9    4.0460000000135305E-9
-3.0859454340023153E-4    0.005475168327943283     4.0460000000135305E-9    4.0460000000135305E-9
-1.57816058892164E-5      0.005565290386282895     4.0460000000135305E-9    4.0460000000135305E-9
7.038128382078383E-5      0.005561562957244743     4.0460000000135305E-9    4.0460000000135305E-9
-9.621543472824392E-5     0.005560052171677465     4.0460000000135305E-9    4.0460000000135305E-9
-4.0107281267552294E-4    0.004601837497184381     4.0460000000135305E-9    4.0460000000135305E-9
-3.387926786808802E-4     0.004546559014115885     4.0460000000135305E-9    4.0460000000135305E-9
-3.0614089053061913E-4    0.004524926490878593     4.0460000000135305E-9    4.0460000000135305E-9
2.16256887886202E-4       0.005522253558838415     4.0460000000135305E-9    4.0460000000135305E-9
2.894606833388341E-4      0.005488150182978277     4.0460000000135305E-9    4.0460000000135305E-9
1.3836424829601575E-4     0.005549651390699761     4.0460000000135305E-9    4.0460000000135305E-9
3.369691915066339E-4      0.005457147679082072     4.0460000000135305E-9    4.0460000000135305E-9
-2.934386985412469E-4     0.004516042425461138     4.0460000000135305E-9    4.0460000000135305E-9
-2.2259687574586442E-4    0.004481517933664455     4.0460000000135305E-9    4.0460000000135305E-9
-1.4447079156770996E-4    0.004453455128037257     4.0460000000135305E-9    4.0460000000135305E-9
-8.493945239435416E-5     0.00444111890004373      4.0460000000135305E-9    4.0460000000135305E-9
3.881958459682895E-4      0.0054113447656462515    4.0460000000135305E-9    4.0460000000135305E-9
4.4496814431479055E-4     0.005351641371696074     4.0460000000135305E-9    4.0460000000135305E-9
4.7690207877322635E-4     0.005308523909702353     4.0460000000135305E-9    4.0460000000135305E-9
2.233084617730616E-6      0.004435373623013883     4.0460000000135305E-9    4.0460000000135305E-9
9.624838931961771E-5      0.004441588472607095     4.0460000000135305E-9    4.0460000000135305E-9
1.642766226553351E-4      0.004457936599146541     4.0460000000135305E-9    4.0460000000135305E-9
5.097271349428223E-4      0.005246384012437731     4.0460000000135305E-9    4.0460000000135305E-9
5.427150882542702E-4      0.005164427928282979     4.0460000000135305E-9    4.0460000000135305E-9
5.612293880655804E-4      0.005089292750783148     4.0460000000135305E-9    4.0460000000135305E-9
3.8221564728444223E-4     0.00458252058449079      4.0460000000135305E-9    4.0460000000135305E-9
3.1213337410337743E-4     0.0045283395622080225    4.0460000000135305E-9    4.0460000000135305E-9
2.372757012325279E-4      0.004487102017105356     4.0460000000135305E-9    4.0460000000135305E-9
5.656377446482219E-4      0.005000947704589267     4.0460000000135305E-9    4.0460000000135305E-9
5.611624674468983E-4      0.004915696887999674     4.0460000000135305E-9    4.0460000000135305E-9
5.456763726827136E-4      0.0048399689957673245    4.0460000000135305E-9    4.0460000000135305E-9
4.519469010791032E-4      0.004659618818812387     4.0460000000135305E-9    4.0460000000135305E-9
3.8386692883011163E-4     0.004583844094105317     4.0460000000135305E-9    4.0460000000135305E-9
4.3450795503105347E-4     0.004635883147953191     4.0460000000135305E-9    4.0460000000135305E-9
4.7868172053982546E-4     0.00469296791131304      4.0460000000135305E-9    4.0460000000135305E-9
5.159182727503671E-4      0.004765466374675091     4.0460000000135305E-9    4.0460000000135305E-9
-4.0415845714210125E-4    -0.005394344411350646    4.0460000000135305E-9    4.0460000000135305E-9
-3.4242944553118323E-4    -0.005451002217699288    4.0460000000135305E-9    4.0460000000135305E-9
-5.283247676495113E-4     -0.005199860594890764    4.0460000000135305E-9    4.0460000000135305E-9
-4.931100155168344E-4     -0.005278669363562164    4.0460000000135305E-9    4.0460000000135305E-9
-4.599808992618203E-4     -0.005330452756755385    4.0460000000135305E-9    4.0460000000135305E-9
-5.656109386331913E-4     -0.004987417174250458    4.0460000000135305E-9    4.0460000000135305E-9
-5.622914418301741E-4     -0.0050690907793928975   4.0460000000135305E-9    4.0460000000135305E-9
-5.61488167741518E-4      -0.004916250796996816    4.0460000000135305E-9    4.0460000000135305E-9
-5.510951187473301E-4     -0.004865163862886934    4.0460000000135305E-9    4.0460000000135305E-9
-5.526541098521695E-4     -0.005126091661211263    4.0460000000135305E-9    4.0460000000135305E-9
-5.247937347120516E-4     -0.0047891300534956445   4.0460000000135305E-9    4.0460000000135305E-9
-4.5954334793481185E-4    -0.00466756544538026     4.0460000000135305E-9    4.0460000000135305E-9
-4.936723135649788E-4     -0.004720506079661665    4.0460000000135305E-9    4.0460000000135305E-9
-7.352319022574888E-5     -0.005560835188125182    4.0460000000135305E-9    4.0460000000135305E-9
2.2231366667117307E-5     -0.005564876103744492    4.0460000000135305E-9    4.0460000000135305E-9
1.0970399335611238E-4     -0.005557020172175721    4.0460000000135305E-9    4.0460000000135305E-9
-2.92851617582775E-4      -0.0054844816655480084   4.0460000000135305E-9    4.0460000000135305E-9
-2.1457433295182928E-4    -0.005521933802107989    4.0460000000135305E-9    4.0460000000135305E-9
-1.3832223025327534E-4    -0.0055486861021781485   4.0460000000135305E-9    4.0460000000135305E-9
3.279523497648837E-4      -0.005462891886235472    4.0460000000135305E-9    4.0460000000135305E-9
2.5793612601420645E-4     -0.005504191030049597    4.0460000000135305E-9    4.0460000000135305E-9
1.7958342447138185E-4     -0.005537951464834682    4.0460000000135305E-9    4.0460000000135305E-9
3.8641694119487767E-4     -0.005413509279725522    4.0460000000135305E-9    4.0460000000135305E-9
4.968217544474229E-4      -0.0052719156248367816   4.0460000000135305E-9    4.0460000000135305E-9
5.357678644493466E-4      -0.005182738880483833    4.0460000000135305E-9    4.0460000000135305E-9
5.584285777018396E-4      -0.005096755332262859    4.0460000000135305E-9    4.0460000000135305E-9
-4.0427375454900436E-4    -0.004604292581784182    4.0460000000135305E-9    4.0460000000135305E-9
4.6390127694115096E-4     -0.004673219286862123    4.0460000000135305E-9    4.0460000000135305E-9
4.905551457395152E-4      -0.004716188573526474    4.0460000000135305E-9    4.0460000000135305E-9
-3.456931337498005E-4     -0.004549707257897864    4.0460000000135305E-9    4.0460000000135305E-9
-2.9789897703572094E-4    -0.004517363508977702    4.0460000000135305E-9    4.0460000000135305E-9
4.215338180928388E-4      -0.004623001709552536    4.0460000000135305E-9    4.0460000000135305E-9
3.6054861023434394E-4     -0.00456334536603811     4.0460000000135305E-9    4.0460000000135305E-9
3.0464574775077946E-4     -0.004521969381832068    4.0460000000135305E-9    4.0460000000135305E-9
-2.2125148590900937E-4    -0.004479807161918575    4.0460000000135305E-9    4.0460000000135305E-9
-7.670316663890091E-5     -0.004438311654262875    4.0460000000135305E-9    4.0460000000135305E-9
-1.4096012673271976E-4    -0.004450355525123302    4.0460000000135305E-9    4.0460000000135305E-9
5.65069450902615E-4       -0.005006678243105008    4.0460000000135305E-9    4.0460000000135305E-9
5.619772702716091E-4      -0.004920224948402873    4.0460000000135305E-9    4.0460000000135305E-9
5.509828019580189E-4      -0.004861174932729216    4.0460000000135305E-9    4.0460000000135305E-9
5.259587045360887E-4      -0.004791753873046884    4.0460000000135305E-9    4.0460000000135305E-9
2.2740760702022995E-4     -0.00448304200343995     4.0460000000135305E-9    4.0460000000135305E-9
1.469996244980199E-4      -0.004452879307099301    4.0460000000135305E-9    4.0460000000135305E-9
6.860788287423055E-6      -0.004435262362884458    4.0460000000135305E-9    4.0460000000135305E-9
8.816577369238325E-5      -0.004440089038915237    4.0460000000135305E-9    4.0460000000135305E-9
-5.651500218784753E-4     0.005010073840747739     4.0460000000135305E-9    4.0460000000135305E-9
-5.618725025594133E-4     0.004929380084574664     4.0460000000135305E-9    4.0460000000135305E-9
-5.522525512320021E-4     0.004872515698547053     4.0460000000135305E-9    4.0460000000135305E-9
-5.259912307830872E-4     0.0052076382386566636    4.0460000000135305E-9    4.0460000000135305E-9
-5.513974767636891E-4     0.005130060407919749     4.0460000000135305E-9    4.0460000000135305E-9
-5.6159131760775E-4       0.005079500928375603     4.0460000000135305E-9    4.0460000000135305E-9
-4.031804551788705E-4     0.005396040913093949     4.0460000000135305E-9    4.0460000000135305E-9
-4.5847403936086857E-4    0.005333364391914731     4.0460000000135305E-9    4.0460000000135305E-9
-4.938757384152938E-4     0.005279369285880183     4.0460000000135305E-9    4.0460000000135305E-9
-5.285836720286523E-4     0.004800052194844836     4.0460000000135305E-9    4.0460000000135305E-9
-4.948960802568323E-4     0.004723617785539258     4.0460000000135305E-9    4.0460000000135305E-9
-4.623811910384778E-4     0.004671037390644497     4.0460000000135305E-9    4.0460000000135305E-9
-2.23092861103918E-4      0.005519241063866637     4.0460000000135305E-9    4.0460000000135305E-9
-2.9924657716553745E-4    0.005480869677173983     4.0460000000135305E-9    4.0460000000135305E-9
-3.469052510067805E-4     0.0054489015032659896    4.0460000000135305E-9    4.0460000000135305E-9
6.423561816211753E-6      0.005565200975490212     4.0460000000135305E-9    4.0460000000135305E-9
-7.74498713273938E-5      0.005561949287385755     4.0460000000135305E-9    4.0460000000135305E-9
-1.4291319134376182E-4    0.00554955789465822      4.0460000000135305E-9    4.0460000000135305E-9
-4.0534098971597033E-4    0.0046062300567977325    4.0460000000135305E-9    4.0460000000135305E-9
-3.413553266467266E-4     0.004548817683728477     4.0460000000135305E-9    4.0460000000135305E-9
2.2624602435175994E-4     0.005517864452192118     4.0460000000135305E-9    4.0460000000135305E-9
1.4575929447477014E-4     0.005547604972275721     4.0460000000135305E-9    4.0460000000135305E-9
8.70489931276368E-5       0.005559981698942799     4.0460000000135305E-9    4.0460000000135305E-9
3.601160399675377E-4      0.0054365660517387065    4.0460000000135305E-9    4.0460000000135305E-9
3.0297724123142894E-4     0.0054795308488370525    4.0460000000135305E-9    4.0460000000135305E-9
-2.9136049845494193E-4    0.004514916062965333     4.0460000000135305E-9    4.0460000000135305E-9
-2.1333722293642287E-4    0.004477756991094024     4.0460000000135305E-9    4.0460000000135305E-9
-1.3748327006977873E-4    0.004451478048027198     4.0460000000135305E-9    4.0460000000135305E-9
4.2218602285493947E-4     0.005376735972197034     4.0460000000135305E-9    4.0460000000135305E-9
4.641129464584994E-4      0.005327087216314914     4.0460000000135305E-9    4.0460000000135305E-9
4.915854971800616E-4      0.005283767258695003     4.0460000000135305E-9    4.0460000000135305E-9
-7.413057893079779E-5     0.004439945866065865     4.0460000000135305E-9    4.0460000000135305E-9
2.181168323478816E-5      0.004435875417834562     4.0460000000135305E-9    4.0460000000135305E-9
1.0948247735220764E-4     0.004443652875426044     4.0460000000135305E-9    4.0460000000135305E-9
5.261752832170098E-4      0.005209341597249623     4.0460000000135305E-9    4.0460000000135305E-9
5.515472030591733E-4      0.00514071754167663      4.0460000000135305E-9    4.0460000000135305E-9
5.6226122657799E-4        0.005082266158664255     4.0460000000135305E-9    4.0460000000135305E-9
3.2876208477461205E-4     0.004539065119692208     4.0460000000135305E-9    4.0460000000135305E-9
2.5801536482657694E-4     0.004497022560814216     4.0460000000135305E-9    4.0460000000135305E-9
1.7840010280578648E-4     0.00446260785079445      4.0460000000135305E-9    4.0460000000135305E-9
5.654562171123497E-4      0.004993230434861901     4.0460000000135305E-9    4.0460000000135305E-9
5.587849187524564E-4      0.004901337544241857     4.0460000000135305E-9    4.0460000000135305E-9
5.35966457867537E-4       0.004816619174412358     4.0460000000135305E-9    4.0460000000135305E-9
3.87751991570367E-4       0.004588134804912492     4.0460000000135305E-9    4.0460000000135305E-9
4.964343824178618E-4      0.0047277882429964755    4.0460000000135305E-9    4.0460000000135305E-9
-3.4231466232979445E-4    -0.005379144052702391    4.52100000001353E-9      4.52100000001353E-9
-3.978598866002487E-4     -0.0053204711903275925   4.52100000001353E-9      4.52100000001353E-9
-4.887890057042739E-4     -0.005149580729353323    4.52100000001353E-9      4.52100000001353E-9
-4.424960278668064E-4     -0.005253742333535748    4.52100000001353E-9      4.52100000001353E-9
-4.5965612583555673E-4    -0.005222303483528389    4.52100000001353E-9      4.52100000001353E-9
-4.3283638455718853E-4    -0.0052727364905968375   4.52100000001353E-9      4.52100000001353E-9
-5.100397599186192E-4     -0.004975753880768908    4.52100000001353E-9      4.52100000001353E-9
-5.043158550819523E-4     -0.00491646490600824     4.52100000001353E-9      4.52100000001353E-9
-4.920503115540609E-4     -0.004861789770735826    4.52100000001353E-9      4.52100000001353E-9
-5.022976780037345E-4     -0.005098566005465832    4.52100000001353E-9      4.52100000001353E-9
-5.09247189631828E-4      -0.005047838340450253    4.52100000001353E-9      4.52100000001353E-9
-4.6642154115054095E-4    -0.0047918514109250455   4.52100000001353E-9      4.52100000001353E-9
-4.0403235637351297E-4    -0.004686906969920161    4.52100000001353E-9      4.52100000001353E-9
-4.3775350947048493E-4    -0.004735900203317031    4.52100000001353E-9      4.52100000001353E-9
3.3761224603041736E-5     -0.005510261055187305    4.52100000001353E-9      4.52100000001353E-9
-5.656340738091109E-5     -0.0055084724859546345   4.52100000001353E-9      4.52100000001353E-9
-2.508641285259459E-4     -0.005447201272923719    4.52100000001353E-9      4.52100000001353E-9
-1.7849613109102328E-4    -0.00547869955213841     4.52100000001353E-9      4.52100000001353E-9
-2.9834643629987026E-4    -0.005417419944420856    4.52100000001353E-9      4.52100000001353E-9
-1.1552460490843015E-4    -0.005499287131801915    4.52100000001353E-9      4.52100000001353E-9
3.189159187635633E-4      -0.005399992321683129    4.52100000001353E-9      4.52100000001353E-9
3.881689168606526E-4      -0.005330075005533885    4.52100000001353E-9      4.52100000001353E-9
3.42251727525932E-4       -0.005382187391391891    4.52100000001353E-9      4.52100000001353E-9
3.883893000931118E-4      -0.005329759977823131    4.52100000001353E-9      4.52100000001353E-9
2.4754561635770137E-4     -0.005447369363405468    4.52100000001353E-9      4.52100000001353E-9
1.7432417843708385E-4     -0.005481926355177814    4.52100000001353E-9      4.52100000001353E-9
1.1029620732576123E-4     -0.0055024280716431725   4.52100000001353E-9      4.52100000001353E-9
4.3438203476883134E-4     -0.005273807362214485    4.52100000001353E-9      4.52100000001353E-9
4.8503014149394813E-4     -0.0051569943424722      4.52100000001353E-9      4.52100000001353E-9
4.695428406836778E-4      -0.005201174431491938    4.52100000001353E-9      4.52100000001353E-9
5.082798544461023E-4      -0.005054405572636672    4.52100000001353E-9      4.52100000001353E-9
4.955902405604039E-4      -0.005131616573292374    4.52100000001353E-9      4.52100000001353E-9
-3.472715433651436E-4     -0.004625300586036402    4.52100000001353E-9      4.52100000001353E-9
3.849117162363094E-4      -0.004663299418746734    4.52100000001353E-9      4.52100000001353E-9
4.1854052313222614E-4     -0.004705252626489289    4.52100000001353E-9      4.52100000001353E-9
4.4558041154786144E-4     -0.004748575265629873    4.52100000001353E-9      4.52100000001353E-9
-3.394425321687519E-4     -0.004617619555091599    4.52100000001353E-9      4.52100000001353E-9
-2.958994504659665E-4     -0.004582478040550429    4.52100000001353E-9      4.52100000001353E-9
-2.951529339832706E-4     -0.004581964068162201    4.52100000001353E-9      4.52100000001353E-9
3.3739164906384654E-4     -0.004615151477021862    4.52100000001353E-9      4.52100000001353E-9
2.9450162872412725E-4     -0.004581825215331385    4.52100000001353E-9      4.52100000001353E-9
2.5510651648760025E-4     -0.004558351126071021    4.52100000001353E-9      4.52100000001353E-9
-2.393534350484118E-4     -0.004548712871205752    4.52100000001353E-9      4.52100000001353E-9
-1.6148999851258673E-4    -0.0045155678173513045   4.52100000001353E-9      4.52100000001353E-9
-4.7479322124212325E-5    -0.004490954093890249    4.52100000001353E-9      4.52100000001353E-9
-1.0381437901477289E-4    -0.004498867841647726    4.52100000001353E-9      4.52100000001353E-9
-1.0454419362256272E-4    -0.004499085776583072    4.52100000001353E-9      4.52100000001353E-9
5.106204390608003E-4      -0.004967797780629563    4.52100000001353E-9      4.52100000001353E-9
4.756284124463328E-4      -0.004813874805236319    4.52100000001353E-9      4.52100000001353E-9
4.8473124137403525E-4     -0.004835053809709663    4.52100000001353E-9      4.52100000001353E-9
5.003844409986737E-4      -0.004891327586950518    4.52100000001353E-9      4.52100000001353E-9
5.004047327179699E-4      -0.004891433780968853    4.52100000001353E-9      4.52100000001353E-9
1.7173263042700166E-4     -0.004519258250131013    4.52100000001353E-9      4.52100000001353E-9
2.4640268405048314E-4     -0.004552764494357517    4.52100000001353E-9      4.52100000001353E-9
3.559153328885611E-5      -0.004490813421208181    4.52100000001353E-9      4.52100000001353E-9
4.467588033608846E-5      -0.004491227210038877    4.52100000001353E-9      4.52100000001353E-9
1.0222821726850651E-4     -0.004498678231021786    4.52100000001353E-9      4.52100000001353E-9
1.0624158054588497E-4     -0.004499521423341621    4.52100000001353E-9      4.52100000001353E-9
-5.099928137519347E-4     0.0050197550338636834    4.52100000001353E-9      4.52100000001353E-9
-5.087825471762607E-4     0.004950014186024854     4.52100000001353E-9      4.52100000001353E-9
-5.01615128530644E-4      0.004900139186271089     4.52100000001353E-9      4.52100000001353E-9
-4.883332344506247E-4     0.0048500031130451066    4.52100000001353E-9      4.52100000001353E-9
-4.6657794993786055E-4    0.005207483285944927     4.52100000001353E-9      4.52100000001353E-9
-5.051449864293015E-4     0.005079304275081605     4.52100000001353E-9      4.52100000001353E-9
-4.929072205062791E-4     0.005133685861113854     4.52100000001353E-9      4.52100000001353E-9
-3.497966128206536E-4     0.005371850155545314     4.52100000001353E-9      4.52100000001353E-9
-4.039145529861437E-4     0.005313561496562648     4.52100000001353E-9      4.52100000001353E-9
-4.379843417204684E-4     0.005264698466735509     4.52100000001353E-9      4.52100000001353E-9
-4.4008875141803423E-4    0.004740400181656157     4.52100000001353E-9      4.52100000001353E-9
-4.601041399287079E-4     0.004778057008932486     4.52100000001353E-9      4.52100000001353E-9
-3.977889416998961E-4     0.00467930264686894      4.52100000001353E-9      4.52100000001353E-9
-4.33558078858673E-4      0.004727248930632836     4.52100000001353E-9      4.52100000001353E-9
-2.4356168459045634E-4    0.005448156927162148     4.52100000001353E-9      4.52100000001353E-9
-1.6379569330956587E-4    0.0054843941850882295    4.52100000001353E-9      4.52100000001353E-9
-2.9823937325907193E-4    0.005415362179313511     4.52100000001353E-9      4.52100000001353E-9
-2.973145118736824E-4     0.005416045357283631     4.52100000001353E-9      4.52100000001353E-9
-2.4712571489062977E-4    0.005446337208217741     4.52100000001353E-9      4.52100000001353E-9
3.253364122905003E-5      0.005509627924891118     4.52100000001353E-9      4.52100000001353E-9
-4.9028741084357826E-5    0.005509659372125655     4.52100000001353E-9      4.52100000001353E-9
-1.0557893946973764E-4    0.005501496060835639     4.52100000001353E-9      4.52100000001353E-9
-1.0569097122680872E-4    0.005501484734919033     4.52100000001353E-9      4.52100000001353E-9
-3.4079378978128555E-4    0.004620541254659587     4.52100000001353E-9      4.52100000001353E-9
-2.9798312674483575E-4    0.004582760147418387     4.52100000001353E-9      4.52100000001353E-9
-2.5129095558559344E-4    0.004553430634562977     4.52100000001353E-9      4.52100000001353E-9
1.6823118378763685E-4     0.005482373798232328     4.52100000001353E-9      4.52100000001353E-9
2.4295423351052846E-4     0.00544953198631456      4.52100000001353E-9      4.52100000001353E-9
4.355425159200336E-5      0.005509101107662727     4.52100000001353E-9      4.52100000001353E-9
1.0113518863695279E-4     0.005501419611248525     4.52100000001353E-9      4.52100000001353E-9
1.0294922238061384E-4     0.005501054426905706     4.52100000001353E-9      4.52100000001353E-9
3.363351995170779E-4      0.0053861684290393945    4.52100000001353E-9      4.52100000001353E-9
2.925349959309772E-4      0.005420250248517712     4.52100000001353E-9      4.52100000001353E-9
2.440387536604892E-4      0.005448840401842413     4.52100000001353E-9      4.52100000001353E-9
-1.7760588915651605E-4    0.004521428313113966     4.52100000001353E-9      4.52100000001353E-9
-1.1466096992914814E-4    0.0045007357756509676    4.52100000001353E-9      4.52100000001353E-9
-5.581219224347086E-5     0.004492028960910837     4.52100000001353E-9      4.52100000001353E-9
3.8419919093824135E-4     0.00533811470855599      4.52100000001353E-9      4.52100000001353E-9
4.1799060046190164E-4     0.005295410705048919     4.52100000001353E-9      4.52100000001353E-9
4.4556689929243424E-4     0.005251323269640309     4.52100000001353E-9      4.52100000001353E-9
3.3682906402464526E-5     0.004490343171575145     4.52100000001353E-9      4.52100000001353E-9
1.0981098839084376E-4     0.004498301947133765     4.52100000001353E-9      4.52100000001353E-9
1.7362509241336657E-4     0.004518657712896105     4.52100000001353E-9      4.52100000001353E-9
4.754819667878513E-4      0.005186280581543988     4.52100000001353E-9      4.52100000001353E-9
4.85459146325214E-4       0.005164598792575438     4.52100000001353E-9      4.52100000001353E-9
5.015406432221651E-4      0.005109498335132765     4.52100000001353E-9      4.52100000001353E-9
5.017021002702513E-4      0.0051086407916205705    4.52100000001353E-9      4.52100000001353E-9
3.1921600029144405E-4     0.00460051284565826      4.52100000001353E-9      4.52100000001353E-9
3.887442544031743E-4      0.004671353029572575     4.52100000001353E-9      4.52100000001353E-9
2.4753741838271436E-4     0.004553754946458526     4.52100000001353E-9      4.52100000001353E-9
5.110458261754423E-4      0.005032743104768282     4.52100000001353E-9      4.52100000001353E-9
5.086339267274954E-4      0.004946290536651644     4.52100000001353E-9      4.52100000001353E-9
4.8660508537975565E-4     0.004847650054209906     4.52100000001353E-9      4.52100000001353E-9
4.695475072318618E-4      0.004799560638291908     4.52100000001353E-9      4.52100000001353E-9
4.95551113391304E-4       0.004869162926349596     4.52100000001353E-9      4.52100000001353E-9
3.888744979841611E-4      0.00467148603752971      4.52100000001353E-9      4.52100000001353E-9
4.3430572878627857E-4     0.004727589735660615     4.52100000001353E-9      4.52100000001353E-9
-3.946538947754881E-4     -0.0053240537217081685   4.52100000001353E-9      4.52100000001353E-9
-3.337639379773202E-4     -0.0053869167313224785   4.52100000001353E-9      4.52100000001353E-9
-4.614590735312925E-4     -0.005217937015523741    4.52100000001353E-9      4.52100000001353E-9
-4.3117580386984125E-4    -0.005275181065965747    4.52100000001353E-9      4.52100000001353E-9
-5.096504661986916E-4     -0.005025536557319679    4.52100000001353E-9      4.52100000001353E-9
-5.092283470411205E-4     -0.0049556259461969255   4.52100000001353E-9      4.52100000001353E-9
-5.025469100630837E-4     -0.0049052328286961384   4.52100000001353E-9      4.52100000001353E-9
-4.898275313816723E-4     -0.004853711030659689    4.52100000001353E-9      4.52100000001353E-9
-4.913277165477077E-4     -0.005140325918194843    4.52100000001353E-9      4.52100000001353E-9
-5.041380015952909E-4     -0.005085950282222751    4.52100000001353E-9      4.52100000001353E-9
-3.945814059624736E-4     -0.0046754617700995454   4.52100000001353E-9      4.52100000001353E-9
-4.327542768093806E-4     -0.004727910855209915    4.52100000001353E-9      4.52100000001353E-9
-4.6167250741975166E-4    -0.004781484870429346    4.52100000001353E-9      4.52100000001353E-9
-1.579247628458295E-5     -0.005510255521589804    4.52100000001353E-9      4.52100000001353E-9
7.533591851537087E-5      -0.0055076510366645695   4.52100000001353E-9      4.52100000001353E-9
-2.266071494011304E-4     -0.0054583596775020565   4.52100000001353E-9      4.52100000001353E-9
-1.4959555164649647E-4    -0.0054891246901018435   4.52100000001353E-9      4.52100000001353E-9
-2.8515996012024264E-4    -0.005426163437289784    4.52100000001353E-9      4.52100000001353E-9
-8.995704270122317E-5     -0.005504362559734628    4.52100000001353E-9      4.52100000001353E-9
2.865857438017572E-4      -0.005425483904873286    4.52100000001353E-9      4.52100000001353E-9
3.876669834874776E-4      -0.005330582574287626    4.52100000001353E-9      4.52100000001353E-9
2.1409923822517424E-4     -0.005464549163302055    4.52100000001353E-9      4.52100000001353E-9
1.438179659141538E-4      -0.005493332202631327    4.52100000001353E-9      4.52100000001353E-9
4.6221917285786066E-4     -0.005214722255223898    4.52100000001353E-9      4.52100000001353E-9
4.973211474032191E-4      -0.005123328501687798    4.52100000001353E-9      4.52100000001353E-9
4.015501016913382E-4      -0.004682610523953827    4.52100000001353E-9      4.52100000001353E-9
4.302788810423769E-4      -0.004722536348405342    4.52100000001353E-9      4.52100000001353E-9
4.5553831393534263E-4     -0.004767550982509288    4.52100000001353E-9      4.52100000001353E-9
-2.9891553198438256E-4    -0.004585100185315194    4.52100000001353E-9      4.52100000001353E-9
-2.4556840657197573E-4    -0.004551803896546078    4.52100000001353E-9      4.52100000001353E-9
3.56485443439585E-4       -0.004634167051331526    4.52100000001353E-9      4.52100000001353E-9
3.0092962724428604E-4     -0.004586741991551847    4.52100000001353E-9      4.52100000001353E-9
-1.649318233644968E-4     -0.004516872895935308    4.52100000001353E-9      4.52100000001353E-9
-3.666382623064142E-5     -0.004490558398453725    4.52100000001353E-9      4.52100000001353E-9
-1.03786782001523E-4      -0.004498862473866355    4.52100000001353E-9      4.52100000001353E-9
5.091439835756962E-4      -0.005040005434865789    4.52100000001353E-9      4.52100000001353E-9
5.099383971570768E-4      -0.004951236034875602    4.52100000001353E-9      4.52100000001353E-9
5.00295713905791E-4       -0.004891079766920375    4.52100000001353E-9      4.52100000001353E-9
2.4384811320029583E-4     -0.004551539058713351    4.52100000001353E-9      4.52100000001353E-9
1.6207966961950064E-4     -0.004515708192834212    4.52100000001353E-9      4.52100000001353E-9
8.541425194281319E-5      -0.004497004616568844    4.52100000001353E-9      4.52100000001353E-9
-5.095092978076235E-4     0.0049731282890304145    4.52100000001353E-9      4.52100000001353E-9
-5.0360769027462E-4       0.004913157315747008     4.52100000001353E-9      4.52100000001353E-9
-4.908011124127489E-4     0.00485895527992914      4.52100000001353E-9      4.52100000001353E-9
-4.905817586841609E-4     0.005141878950240637     4.52100000001353E-9      4.52100000001353E-9
-5.095465146612783E-4     0.0050410365135427045    4.52100000001353E-9      4.52100000001353E-9
-5.033987459270888E-4     0.005090809705002555     4.52100000001353E-9      4.52100000001353E-9
-3.945199093370249E-4     0.005324768843210502     4.52100000001353E-9      4.52100000001353E-9
-4.339298544787651E-4     0.005271312452571649     4.52100000001353E-9      4.52100000001353E-9
-4.6275557347928763E-4    0.005216433523134135     4.52100000001353E-9      4.52100000001353E-9
-4.621840534502792E-4     0.004783220969965266     4.52100000001353E-9      4.52100000001353E-9
-4.324512545687677E-4     0.004725571447302383     4.52100000001353E-9      4.52100000001353E-9
-1.6800921169210628E-4    0.005482745612136061     4.52100000001353E-9      4.52100000001353E-9
-3.405556107066463E-4     0.005381150336712385     4.52100000001353E-9      4.52100000001353E-9
-2.807825172750047E-4     0.005425809835785672     4.52100000001353E-9      4.52100000001353E-9
-3.733945313368371E-5     0.005510106057171904     4.52100000001353E-9      4.52100000001353E-9
-1.0571538225424017E-4    0.005501479249086248     4.52100000001353E-9      4.52100000001353E-9
-3.96447851786698E-4      0.004677817178963398     4.52100000001353E-9      4.52100000001353E-9
-3.332745719353514E-4     0.0046138653619849776    4.52100000001353E-9      4.52100000001353E-9
-2.848314365095785E-4     0.0045740468652142215    4.52100000001353E-9      4.52100000001353E-9
2.4264767048086676E-4     0.005449676087327527     4.52100000001353E-9      4.52100000001353E-9
1.608075024584595E-4      0.005485043404462776     4.52100000001353E-9      4.52100000001353E-9
9.357145400016215E-5      0.005502137179449886     4.52100000001353E-9      4.52100000001353E-9
3.5708644748917235E-4     0.005365324830239718     4.52100000001353E-9      4.52100000001353E-9
3.002075581532194E-4      0.005414401427284227     4.52100000001353E-9      4.52100000001353E-9
-2.260994424353023E-4     0.004541765261997788     4.52100000001353E-9      4.52100000001353E-9
-1.494059098861132E-4     0.00451127544920173      4.52100000001353E-9      4.52100000001353E-9
-8.982115654031552E-5     0.004496034208500724     4.52100000001353E-9      4.52100000001353E-9
4.017816957816716E-4      0.00531701023359055      4.52100000001353E-9      4.52100000001353E-9
4.3082146494849384E-4     0.005276090958438296     4.52100000001353E-9      4.52100000001353E-9
4.565559521526396E-4      0.005230108615988396     4.52100000001353E-9      4.52100000001353E-9
-1.6273259632951563E-5    0.004490427622320581     4.52100000001353E-9      4.52100000001353E-9
7.50331314102082E-5       0.004492997514612294     4.52100000001353E-9      4.52100000001353E-9
1.425580929796348E-4      0.004507173301058636     4.52100000001353E-9      4.52100000001353E-9
5.008414154370201E-4      0.005111375457597532     4.52100000001353E-9      4.52100000001353E-9
5.103355586950579E-4      0.00504984884869834      4.52100000001353E-9      4.52100000001353E-9
2.8624732332152705E-4     0.004575632141864194     4.52100000001353E-9      4.52100000001353E-9
3.4332243849432724E-4     0.004618599037084281     4.52100000001353E-9      4.52100000001353E-9
2.1282447085096544E-4     0.004535891329343039     4.52100000001353E-9      4.52100000001353E-9
5.092916227159114E-4      0.004958166753644279     4.52100000001353E-9      4.52100000001353E-9
4.622068618446005E-4      0.004786003473173728     4.52100000001353E-9      4.52100000001353E-9
4.969405213110317E-4      0.004875667533864347     4.52100000001353E-9      4.52100000001353E-9
3.890757925143817E-4      0.004671760013990324     4.52100000001353E-9      4.52100000001353E-9
-3.5000152171809327E-4    -0.005304639336783305    4.99499999999549E-9      4.99499999999549E-9
-4.375511393094537E-4     -0.005151823132743538    4.99499999999549E-9      4.99499999999549E-9
-3.862356853226716E-4     -0.005257320680901731    4.99499999999549E-9      4.99499999999549E-9
-4.1473508029193906E-4    -0.0052074433140292      4.99499999999549E-9      4.99499999999549E-9
-4.4916578150566895E-4    -0.00489525422278466     4.99499999999549E-9      4.99499999999549E-9
-4.4850149606140167E-4    -0.004892504894892134    4.99499999999549E-9      4.99499999999549E-9
-4.514875026113777E-4     -0.005100789691141565    4.99499999999549E-9      4.99499999999549E-9
-4.574932503053541E-4     -0.005059619295281505    4.99499999999549E-9      4.99499999999549E-9
-4.58371748134139E-4      -0.004951832604444712    4.99499999999549E-9      4.99499999999549E-9
-4.5802032843951306E-4    -0.004946700800186244    4.99499999999549E-9      4.99499999999549E-9
-4.622446764010447E-4     -0.004998834398246375    4.99499999999549E-9      4.99499999999549E-9
-4.591628366876217E-4     -0.00504996768481613     4.99499999999549E-9      4.99499999999549E-9
-4.3292931466281737E-4    -0.004837969053654801    4.99499999999549E-9      4.99499999999549E-9
-3.4493051773758015E-4    -0.004694355592180342    4.99499999999549E-9      4.99499999999549E-9
-3.73498237745098E-4      -0.004728951399975873    4.99499999999549E-9      4.99499999999549E-9
-4.058013307606934E-4     -0.004779897253280716    4.99499999999549E-9      4.99499999999549E-9
-2.850100654483177E-5     -0.0054621409583703725   4.99499999999549E-9      4.99499999999549E-9
-2.121104090242901E-4     -0.00541343498252812     4.99499999999549E-9      4.99499999999549E-9
-2.6085019673544816E-4    -0.005384749301959785    4.99499999999549E-9      4.99499999999549E-9
-3.039183160310182E-4     -0.005351121871148867    4.99499999999549E-9      4.99499999999549E-9
-1.4445394655293158E-4    -0.005440518644424838    4.99499999999549E-9      4.99499999999549E-9
-8.873598073425403E-5     -0.00545505863235455     4.99499999999549E-9      4.99499999999549E-9
2.5691290073967174E-4     -0.005385550153869796    4.99499999999549E-9      4.99499999999549E-9
3.2515480040367023E-4     -0.0053292763156940065   4.99499999999549E-9      4.99499999999549E-9
3.5448620393687975E-4     -0.005299615598291157    4.99499999999549E-9      4.99499999999549E-9
1.838200588058922E-4      -0.00542505947094496     4.99499999999549E-9      4.99499999999549E-9
5.661835142765685E-5      -0.005460947246125368    4.99499999999549E-9      4.99499999999549E-9
1.1917953283426566E-4     -0.005449229524096784    4.99499999999549E-9      4.99499999999549E-9
3.945128953157938E-4      -0.005242732489716416    4.99499999999549E-9      4.99499999999549E-9
3.9651664561846713E-4     -0.0052385278416794195   4.99499999999549E-9      4.99499999999549E-9
4.195244814465388E-4      -0.004802797486557697    4.99499999999549E-9      4.99499999999549E-9
4.6265926633311873E-4     -0.005028267943242407    4.99499999999549E-9      4.99499999999549E-9
4.5245519612587763E-4     -0.005106902998742597    4.99499999999549E-9      4.99499999999549E-9
4.292030212928985E-4      -0.00517806233906436     4.99499999999549E-9      4.99499999999549E-9
3.954143465446522E-4      -0.004758887485182204    4.99499999999549E-9      4.99499999999549E-9
3.662520645322955E-4      -0.004715978003649512    4.99499999999549E-9      4.99499999999549E-9
2.994686857284127E-4      -0.004648662888330214    4.99499999999549E-9      4.99499999999549E-9
-2.9715628927565624E-4    -0.004645449456068078    4.99499999999549E-9      4.99499999999549E-9
-2.862989395941173E-4     -0.0046367373834379924   4.99499999999549E-9      4.99499999999549E-9
-2.330294166168126E-4     -0.004600520742813205    4.99499999999549E-9      4.99499999999549E-9
-3.367341698229821E-4     -0.004683718853332837    4.99499999999549E-9      4.99499999999549E-9
2.9811501059989504E-4     -0.004647314758697573    4.99499999999549E-9      4.99499999999549E-9
2.549025535821405E-4      -0.004614252537467375    4.99499999999549E-9      4.99499999999549E-9
2.0623006446815473E-4     -0.0045856614868143315   4.99499999999549E-9      4.99499999999549E-9
-1.6977379743896373E-4    -0.004569860951616747    4.99499999999549E-9      4.99499999999549E-9
-5.497941782154703E-5     -0.004540110731601777    4.99499999999549E-9      4.99499999999549E-9
-1.116611143264785E-4     -0.004550296402095672    4.99499999999549E-9      4.99499999999549E-9
4.4222450402066165E-4     -0.0048603844909647686   4.99499999999549E-9      4.99499999999549E-9
4.45896531735806E-4       -0.004873602341246909    4.99499999999549E-9      4.99499999999549E-9
4.6050662005152256E-4     -0.004947835605452463    4.99499999999549E-9      4.99499999999549E-9
8.801344203616203E-7      -0.00453811137046843     4.99499999999549E-9      4.99499999999549E-9
7.421998139837317E-5      -0.004543154236223897    4.99499999999549E-9      4.99499999999549E-9
1.3962432395710632E-4     -0.004559010065375032    4.99499999999549E-9      4.99499999999549E-9
-4.549369273244801E-4     0.004927976735580412     4.99499999999549E-9      4.99499999999549E-9
-4.503410046691308E-4     0.0048979499038551075    4.99499999999549E-9      4.99499999999549E-9
-4.365697916419428E-4     0.004847792937880773     4.99499999999549E-9      4.99499999999549E-9
-4.341419378623134E-4     0.005158012588499996     4.99499999999549E-9      4.99499999999549E-9
-4.5066053376032855E-4    0.005101058515870918     4.99499999999549E-9      4.99499999999549E-9
-4.5001595410591456E-4    0.005103692746526643     4.99499999999549E-9      4.99499999999549E-9
-3.497276592684381E-4     0.005300603302909114     4.99499999999549E-9      4.99499999999549E-9
-3.753653229644842E-4     0.005270018834246525     4.99499999999549E-9      4.99499999999549E-9
-4.0761028128061727E-4    0.005218372612906926     4.99499999999549E-9      4.99499999999549E-9
-4.595037898006656E-4     0.005044242498069083     4.99499999999549E-9      4.99499999999549E-9
-4.592238578943863E-4     0.005049926957574348     4.99499999999549E-9      4.99499999999549E-9
-4.6243596826993523E-4    0.004997905338506381     4.99499999999549E-9      4.99499999999549E-9
-4.586072225292119E-4     0.004947930245857347     4.99499999999549E-9      4.99499999999549E-9
-3.479000901723951E-4     0.004694782476084555     4.99499999999549E-9      4.99499999999549E-9
-3.8558217377157594E-4    0.004742135198696222     4.99499999999549E-9      4.99499999999549E-9
-4.14320875565581E-4      0.0047922629305276925    4.99499999999549E-9      4.99499999999549E-9
-1.7259777838414168E-4    0.005429989290861328     4.99499999999549E-9      4.99499999999549E-9
-2.9925317779470504E-4    0.005353785574885804     4.99499999999549E-9      4.99499999999549E-9
-2.8901135574581073E-4    0.00536206588582601      4.99499999999549E-9      4.99499999999549E-9
-2.3620713449854408E-4    0.0053983759833084915    4.99499999999549E-9      4.99499999999549E-9
-2.9048582405672686E-6    0.005462748475242624     4.99499999999549E-9      4.99499999999549E-9
-5.695253102149717E-5     0.005460683140953858     4.99499999999549E-9      4.99499999999549E-9
-1.139955365568945E-4     0.0054501549653751405    4.99499999999549E-9      4.99499999999549E-9
-3.3827796912644045E-4    0.00531532825696379      4.99499999999549E-9      4.99499999999549E-9
-3.029257627268691E-4     0.004649124629210388     4.99499999999549E-9      4.99499999999549E-9
-2.6082018168893336E-4    0.004615726466921003     4.99499999999549E-9      4.99499999999549E-9
-2.1281101257412E-4       0.004587565230027639     4.99499999999549E-9      4.99499999999549E-9
2.0365209134959441E-4     0.005416896129118844     4.99499999999549E-9      4.99499999999549E-9
5.5336927520721605E-5     0.005460115694919132     4.99499999999549E-9      4.99499999999549E-9
7.147744462303222E-5      0.005457868440034676     4.99499999999549E-9      4.99499999999549E-9
1.370361615459637E-4      0.005442630289152064     4.99499999999549E-9      4.99499999999549E-9
-1.1781112879685656E-6    0.005462895673665237     4.99499999999549E-9      4.99499999999549E-9
2.983788851202671E-4      0.005353753506841002     4.99499999999549E-9      4.99499999999549E-9
2.9789022054239195E-4     0.005354244346159318     4.99499999999549E-9      4.99499999999549E-9
2.53657854779063E-4       0.005387967305221234     4.99499999999549E-9      4.99499999999549E-9
-1.4460433862065327E-4    0.004559964888872279     4.99499999999549E-9      4.99499999999549E-9
-8.915593135390715E-5     0.004545314739122203     4.99499999999549E-9      4.99499999999549E-9
-2.921474440325966E-5     0.004538517291136218     4.99499999999549E-9      4.99499999999549E-9
4.199013844933596E-4      0.0051958115341966295    4.99499999999549E-9      4.99499999999549E-9
3.9517292510009126E-4     0.005240477042464174     4.99499999999549E-9      4.99499999999549E-9
3.6565458926735906E-4     0.005284201317617557     4.99499999999549E-9      4.99499999999549E-9
5.551158886882704E-5      0.004539747039610535     4.99499999999549E-9      4.99499999999549E-9
1.1799396948791597E-4     0.004551452862616908     4.99499999999549E-9      4.99499999999549E-9
1.8232224273515623E-4     0.004575148311641715     4.99499999999549E-9      4.99499999999549E-9
4.433698994641641E-4      0.005138322382134213     4.99499999999549E-9      4.99499999999549E-9
4.4678997300648664E-4     0.005126488775631231     4.99499999999549E-9      4.99499999999549E-9
4.612251657492754E-4      0.005052679422523288     4.99499999999549E-9      4.99499999999549E-9
3.939891938263088E-4      0.004758764995088971     4.99499999999549E-9      4.99499999999549E-9
3.9561464783020536E-4     0.00476223971893449      4.99499999999549E-9      4.99499999999549E-9
2.559452796819488E-4      0.004614816704121651     4.99499999999549E-9      4.99499999999549E-9
3.2426609367364905E-4     0.004669227677914813     4.99499999999549E-9      4.99499999999549E-9
3.549464004126744E-4      0.004700658550303223     4.99499999999549E-9      4.99499999999549E-9
4.6301627985925444E-4     0.004972859145668819     4.99499999999549E-9      4.99499999999549E-9
4.5221363036369454E-4     0.004894403523385974     4.99499999999549E-9      4.99499999999549E-9
4.287029632912292E-4      0.004823349298885864     4.99499999999549E-9      4.99499999999549E-9
-3.2597087958539863E-4    -0.00532928341506202     4.99499999999549E-9      4.99499999999549E-9
-4.32972158626916E-4      -0.005163275854686763    4.99499999999549E-9      4.99499999999549E-9
-3.7189704484749995E-4    -0.005276788094539199    4.99499999999549E-9      4.99499999999549E-9
-4.050864744921334E-4     -0.005225120431669941    4.99499999999549E-9      4.99499999999549E-9
-4.527969585066984E-4     -0.0049183107114682805   4.99499999999549E-9      4.99499999999549E-9
-4.350083002601493E-4     -0.004843463598308318    4.99499999999549E-9      4.99499999999549E-9
-4.500690861852676E-4     -0.005106189249417606    4.99499999999549E-9      4.99499999999549E-9
-4.592852798512175E-4     -0.005047687655199129    4.99499999999549E-9      4.99499999999549E-9
-3.77475988265122E-4      -0.00473463010194145     4.99499999999549E-9      4.99499999999549E-9
-4.099342856029875E-4     -0.004787773811114611    4.99499999999549E-9      4.99499999999549E-9
4.3534195885391505E-5     -0.0054619684210021335   4.99499999999549E-9      4.99499999999549E-9
-1.5984796816763955E-4    -0.005434957121920835    4.99499999999549E-9      4.99499999999549E-9
-2.2829647594468016E-4    -0.005404327226144346    4.99499999999549E-9      4.99499999999549E-9
-2.7783113260630807E-4    -0.005371963325769152    4.99499999999549E-9      4.99499999999549E-9
-9.972535078612654E-5     -0.005452752727739323    4.99499999999549E-9      4.99499999999549E-9
-4.135938004014445E-5     -0.005461267275165006    4.99499999999549E-9      4.99499999999549E-9
2.49059772053643E-4       -0.005391549023848658    4.99499999999549E-9      4.99499999999549E-9
3.058535550040846E-4      -0.005349272383558554    4.99499999999549E-9      4.99499999999549E-9
3.9247493322303045E-4     -0.005245312454227443    4.99499999999549E-9      4.99499999999549E-9
1.1404595762095725E-4     -0.005450565235942708    4.99499999999549E-9      4.99499999999549E-9
1.7692183224754364E-4     -0.00542819323324721     4.99499999999549E-9      4.99499999999549E-9
4.312470201388556E-4      -0.0048348438395820655   4.99499999999549E-9      4.99499999999549E-9
4.5881931870530397E-4     -0.005063942088737701    4.99499999999549E-9      4.99499999999549E-9
4.395892976649153E-4      -0.00514843376657644     4.99499999999549E-9      4.99499999999549E-9
3.9985296429041094E-4     -0.004766258403119577    4.99499999999549E-9      4.99499999999549E-9
3.7240750987937364E-4     -0.004724307527690435    4.99499999999549E-9      4.99499999999549E-9
3.4213435186476976E-4     -0.00468614914435503     4.99499999999549E-9      4.99499999999549E-9
-3.311777982543113E-4     -0.004678827906641039    4.99499999999549E-9      4.99499999999549E-9
-2.5169645794832524E-4    -0.004611569414493013    4.99499999999549E-9      4.99499999999549E-9
-1.989057477211287E-4     -0.004582514053946472    4.99499999999549E-9      4.99499999999549E-9
2.974827233389615E-4      -0.004646822110323841    4.99499999999549E-9      4.99499999999549E-9
2.4153171316280555E-4     -0.004606285348553048    4.99499999999549E-9      4.99499999999549E-9
-2.2455040268205397E-7    -0.004538107471522135    4.99499999999549E-9      4.99499999999549E-9
-7.050505604137364E-5     -0.004542291306727728    4.99499999999549E-9      4.99499999999549E-9
-1.3297870512678613E-4    -0.004556662193795687    4.99499999999549E-9      4.99499999999549E-9
4.6343311992058656E-4     -0.0049789495322575495   4.99499999999549E-9      4.99499999999549E-9
4.568486321203457E-4      -0.004917271514114634    4.99499999999549E-9      4.99499999999549E-9
1.757037147411257E-4      -0.004572470859477333    4.99499999999549E-9      4.99499999999549E-9
5.6537394428460424E-5     -0.004540646539195334    4.99499999999549E-9      4.99499999999549E-9
1.1492280754235229E-4     -0.004551568454846836    4.99499999999549E-9      4.99499999999549E-9
-4.4922314708598126E-4    0.004893692674949014     4.99499999999549E-9      4.99499999999549E-9
-4.3617659552032655E-4    0.005152451705831316     4.99499999999549E-9      4.99499999999549E-9
-4.5375577687904983E-4    0.005080664931627724     4.99499999999549E-9      4.99499999999549E-9
-3.796309659250759E-4     0.005264014585475736     4.99499999999549E-9      4.99499999999549E-9
-4.120997111804786E-4     0.005209625285239541     4.99499999999549E-9      4.99499999999549E-9
-4.589219354429623E-4     0.004952400731813828     4.99499999999549E-9      4.99499999999549E-9
-4.324789480422094E-4     0.004837345371565367     4.99499999999549E-9      4.99499999999549E-9
-3.719970307961909E-4     0.0047238981184852796    4.99499999999549E-9      4.99499999999549E-9
-4.052328937065563E-4     0.004775164858063438     4.99499999999549E-9      4.99499999999549E-9
-2.0211085827348313E-4    0.005416512794905038     4.99499999999549E-9      4.99499999999549E-9
-3.3016221640591766E-4    0.0053226785958766145    4.99499999999549E-9      4.99499999999549E-9
-2.544143688821417E-4     0.005387622039030378     4.99499999999549E-9      4.99499999999549E-9
-7.242403110796494E-5     0.005458449750533746     4.99499999999549E-9      4.99499999999549E-9
-1.3588713370184718E-4    0.0054434730511207785    4.99499999999549E-9      4.99499999999549E-9
-3.25951872296965E-4      0.004672810921782287     4.99499999999549E-9      4.99499999999549E-9
-2.780161195510422E-4     0.0046289081449546994    4.99499999999549E-9      4.99499999999549E-9
-2.2865691305556907E-4    0.004596463748540937     4.99499999999549E-9      4.99499999999549E-9
1.742031543148331E-4      0.0054293521897401005    4.99499999999549E-9      4.99499999999549E-9
6.163012010745331E-7      0.005462731500010154     4.99499999999549E-9      4.99499999999549E-9
1.1364291327003369E-4     0.005449419873893334     4.99499999999549E-9      4.99499999999549E-9
2.976570761084237E-4      0.005354426543671987     4.99499999999549E-9      4.99499999999549E-9
2.4044867187604562E-4     0.005395754559383833     4.99499999999549E-9      4.99499999999549E-9
-1.6029138215479797E-4    0.00456587098863361      4.99499999999549E-9      4.99499999999549E-9
-1.0011920973125609E-4    0.004547683577051779     4.99499999999549E-9      4.99499999999549E-9
-4.191502988586964E-5     0.004539366533401659     4.99499999999549E-9      4.99499999999549E-9
3.422474991547711E-4      0.005313911067938532     4.99499999999549E-9      4.99499999999549E-9
4.006760400359035E-4      0.0052316650738051295    4.99499999999549E-9      4.99499999999549E-9
3.728660466611127E-4      0.005274657158381454     4.99499999999549E-9      4.99499999999549E-9
4.309832278664513E-5      0.004538740374626669     4.99499999999549E-9      4.99499999999549E-9
1.1261179649485802E-4     0.004550067851146573     4.99499999999549E-9      4.99499999999549E-9
1.748485675995245E-4      0.004571818348905897     4.99499999999549E-9      4.99499999999549E-9
4.337978667206526E-4      0.0051591237311695475    4.99499999999549E-9      4.99499999999549E-9
4.5798424647319075E-4     0.005082305979752893     4.99499999999549E-9      4.99499999999549E-9
4.6364759435732125E-4     0.005020701448706755     4.99499999999549E-9      4.99499999999549E-9
3.92512631076634E-4       0.004756809716670165     4.99499999999549E-9      4.99499999999549E-9
2.476346980766654E-4      0.004608842929722089     4.99499999999549E-9      4.99499999999549E-9
3.061335950086652E-4      0.0046505852277110675    4.99499999999549E-9      4.99499999999549E-9
4.585766206618243E-4      0.0049349906873043725    4.99499999999549E-9      4.99499999999549E-9
4.386833826735813E-4      0.004851486501867005     4.99499999999549E-9      4.99499999999549E-9
-3.696768151554776E-4     -0.0051984608427640185   5.46999999999549E-9      5.46999999999549E-9
-3.92907945938992E-4      -0.005150049255082003    5.46999999999549E-9      5.46999999999549E-9
-3.3960582492943367E-4    -0.0052464290957004635   5.46999999999549E-9      5.46999999999549E-9
-4.154396174935049E-4     -0.004946767237438775    5.46999999999549E-9      5.46999999999549E-9
-4.196446569695253E-4     -0.004998900865625287    5.46999999999549E-9      5.46999999999549E-9
-4.1515959376993406E-4    -0.004945245250970735    5.46999999999549E-9      5.46999999999549E-9
-4.0403554096364244E-4    -0.004885178717311316    5.46999999999549E-9      5.46999999999549E-9
-4.166851427886407E-4     -0.005040090581315122    5.46999999999549E-9      5.46999999999549E-9
-4.161511142302957E-4     -0.005050034794561441    5.46999999999549E-9      5.46999999999549E-9
-4.0771286453959943E-4    -0.005101176438557702    5.46999999999549E-9      5.46999999999549E-9
-3.084686101636864E-4     -0.004713434172103733    5.46999999999549E-9      5.46999999999549E-9
-3.4445455177609574E-4    -0.0047610833355608275   5.46999999999549E-9      5.46999999999549E-9
-3.759951392918309E-4     -0.004813405858244642    5.46999999999549E-9      5.46999999999549E-9
-3.0676799942832338E-6    -0.005420150079631257    5.46999999999549E-9      5.46999999999549E-9
-1.761931149174125E-4     -0.005382140082357695    5.46999999999549E-9      5.46999999999549E-9
-2.2570691826715619E-4    -0.005354128805102366    5.46999999999549E-9      5.46999999999549E-9
-2.5828796050655694E-4    -0.00532959656297466     5.46999999999549E-9      5.46999999999549E-9
-1.2131421398104694E-4    -0.005402314530521357    5.46999999999549E-9      5.46999999999549E-9
-6.450005891069237E-5     -0.00541504469031668     5.46999999999549E-9      5.46999999999549E-9
2.6207677392618326E-4     -0.00532701907278037     5.46999999999549E-9      5.46999999999549E-9
2.7261066882780115E-4     -0.0053192107133404045   5.46999999999549E-9      5.46999999999549E-9
1.9229475343010793E-4     -0.0053743080440749385   5.46999999999549E-9      5.46999999999549E-9
6.408543845798359E-5      -0.005416229962712129    5.46999999999549E-9      5.46999999999549E-9
1.2712184138058373E-4     -0.005401666336366594    5.46999999999549E-9      5.46999999999549E-9
3.2014541651788445E-4     -0.005272156081580935    5.46999999999549E-9      5.46999999999549E-9
3.280409419058632E-4      -0.00526210242947859     5.46999999999549E-9      5.46999999999549E-9
3.5843920215783756E-4     -0.005223619656454725    5.46999999999549E-9      5.46999999999549E-9
3.9076972537788966E-4     -0.00515662518104436     5.46999999999549E-9      5.46999999999549E-9
4.1077206490665617E-4     -0.0050830988953677325   5.46999999999549E-9      5.46999999999549E-9
4.189945021691124E-4      -0.005002750462356251    5.46999999999549E-9      5.46999999999549E-9
3.825334012917342E-4      -0.004828882650316721    5.46999999999549E-9      5.46999999999549E-9
4.1136197130688714E-4     -0.004924731286272738    5.46999999999549E-9      5.46999999999549E-9
-2.694110021589508E-4     -0.005321587083717824    5.46999999999549E-9      5.46999999999549E-9
-3.0721898773351585E-4    -0.00528716014291221     5.46999999999549E-9      5.46999999999549E-9
3.761347204861333E-4      -0.004811390331513719    5.46999999999549E-9      5.46999999999549E-9
3.5038245379423325E-4     -0.00476780553552209     5.46999999999549E-9      5.46999999999549E-9
3.1947196398915813E-4     -0.004725242266510076    5.46999999999549E-9      5.46999999999549E-9
3.160978219334289E-4      -0.0047210691175051354   5.46999999999549E-9      5.46999999999549E-9
2.731467396524748E-4      -0.004680439977681981    5.46999999999549E-9      5.46999999999549E-9
2.2548926843129094E-4     -0.004646123006794555    5.46999999999549E-9      5.46999999999549E-9
1.6670377197756708E-4     -0.004615698305031647    5.46999999999549E-9      5.46999999999549E-9
3.0444167043369936E-5     -0.004581676288563416    5.46999999999549E-9      5.46999999999549E-9
1.0410944178829993E-4     -0.004594928807592378    5.46999999999549E-9      5.46999999999549E-9
2.4300837688025293E-8     -0.004578633839248728    5.46999999999549E-9      5.46999999999549E-9
-5.80359258945416E-5      -0.004584088538259309    5.46999999999549E-9      5.46999999999549E-9
-1.1615667883303749E-4    -0.004597142443696809    5.46999999999549E-9      5.46999999999549E-9
-2.874387528237997E-4     -0.004694922827080405    5.46999999999549E-9      5.46999999999549E-9
-2.312848116542894E-4     -0.004651616429233405    5.46999999999549E-9      5.46999999999549E-9
-1.7628906351881693E-4    -0.004619994992324855    5.46999999999549E-9      5.46999999999549E-9
-4.1654450746636534E-4    0.005048864391109211     5.46999999999549E-9      5.46999999999549E-9
-4.196562068063098E-4     0.004996840272157856     5.46999999999549E-9      5.46999999999549E-9
-4.1572401168062426E-4    0.005053476681618857     5.46999999999549E-9      5.46999999999549E-9
-4.046157455604297E-4     0.0051127831235600165    5.46999999999549E-9      5.46999999999549E-9
-4.1655814181309033E-4    0.004962013663069144     5.46999999999549E-9      5.46999999999549E-9
-4.1549113060224455E-4    0.0049468568060573054    5.46999999999549E-9      5.46999999999549E-9
-4.066606671426832E-4     0.0048967571881410685    5.46999999999549E-9      5.46999999999549E-9
-3.917332567249924E-4     0.004849568660270725     5.46999999999549E-9      5.46999999999549E-9
-3.6854520578064823E-4    0.004800629301210856     5.46999999999549E-9      5.46999999999549E-9
-3.375694569411417E-4     0.004752172986240763     5.46999999999549E-9      5.46999999999549E-9
-2.8766216801418454E-4    0.00530603154757465      5.46999999999549E-9      5.46999999999549E-9
-2.32715788244095E-4      0.005348880057304722     5.46999999999549E-9      5.46999999999549E-9
-1.7824277119138962E-4    0.005380167178762992     5.46999999999549E-9      5.46999999999549E-9
-3.0975477619248775E-4    0.005286022540009875     5.46999999999549E-9      5.46999999999549E-9
-3.464296014567532E-4     0.005237935235502151     5.46999999999549E-9      5.46999999999549E-9
-3.7792910084520344E-4    0.005184530621827388     5.46999999999549E-9      5.46999999999549E-9
-3.050349840700092E-4     0.004712478990639235     5.46999999999549E-9      5.46999999999549E-9
-2.486364825066762E-4     0.0046641531206526275    5.46999999999549E-9      5.46999999999549E-9
-2.2588729553059964E-4    0.004646714556926029     5.46999999999549E-9      5.46999999999549E-9
-1.771324434116799E-4     0.004619214796783878     5.46999999999549E-9      5.46999999999549E-9
-2.684467938328225E-4     0.004678533974012469     5.46999999999549E-9      5.46999999999549E-9
-1.1398459597863848E-6    0.005421282015467911     5.46999999999549E-9      5.46999999999549E-9
-5.990338068942096E-5     0.005416460107202458     5.46999999999549E-9      5.46999999999549E-9
-1.1865923447495078E-4    0.005403285149380332     5.46999999999549E-9      5.46999999999549E-9
2.7045900561056143E-5     0.0054187032566508555    5.46999999999549E-9      5.46999999999549E-9
1.0111949078000002E-4     0.005406384100084628     5.46999999999549E-9      5.46999999999549E-9
1.643288064528208E-4      0.005386400521239797     5.46999999999549E-9      5.46999999999549E-9
-1.225947696505653E-4     0.004598434298288804     5.46999999999549E-9      5.46999999999549E-9
-6.61866868422839E-5      0.004585461516749097     5.46999999999549E-9      5.46999999999549E-9
-5.211772517680117E-6     0.004580470868415928     5.46999999999549E-9      5.46999999999549E-9
3.155744588894652E-4      0.005278409351348138     5.46999999999549E-9      5.46999999999549E-9
2.727090271657242E-4      0.005320853280402573     5.46999999999549E-9      5.46999999999549E-9
2.244885527262555E-4      0.005356169667679534     5.46999999999549E-9      5.46999999999549E-9
3.7724663698426023E-4     0.005187429676890041     5.46999999999549E-9      5.46999999999549E-9
3.5029766981405964E-4     0.005231658844998017     5.46999999999549E-9      5.46999999999549E-9
3.183368433519983E-4      0.005274903159323514     5.46999999999549E-9      5.46999999999549E-9
6.239560531387281E-5      0.0045844607902491745    5.46999999999549E-9      5.46999999999549E-9
1.252933352688015E-4      0.004598864431713554     5.46999999999549E-9      5.46999999999549E-9
1.9008825937933996E-4     0.004625590917997409     5.46999999999549E-9      5.46999999999549E-9
3.835982213287091E-4      0.005170660996044943     5.46999999999549E-9      5.46999999999549E-9
4.1249652517649966E-4     0.005076020096570611     5.46999999999549E-9      5.46999999999549E-9
4.192780853014083E-4      0.004999349848854117     5.46999999999549E-9      5.46999999999549E-9
3.20534497526827E-4       0.004727735800450219     5.46999999999549E-9      5.46999999999549E-9
3.2685442254311417E-4     0.00473591175161837      5.46999999999549E-9      5.46999999999549E-9
3.5844500157497213E-4     0.004777744296447362     5.46999999999549E-9      5.46999999999549E-9
3.9016957177166896E-4     0.004845090327701876     5.46999999999549E-9      5.46999999999549E-9
4.105191354162251E-4      0.0049185101972864355    5.46999999999549E-9      5.46999999999549E-9
2.6007972187597157E-4     0.004671072594921168     5.46999999999549E-9      5.46999999999549E-9
2.722387989365574E-4      0.004679738202280887     5.46999999999549E-9      5.46999999999549E-9
-3.840506459259553E-4     -0.0051694152957209565   5.46999999999549E-9      5.46999999999549E-9
-3.5162432933199097E-4    -0.005228119764110863    5.46999999999549E-9      5.46999999999549E-9
-3.164411411339407E-4     -0.005276176761245503    5.46999999999549E-9      5.46999999999549E-9
-4.0418139442351456E-4    -0.005113665302139598    5.46999999999549E-9      5.46999999999549E-9
-4.157855865439368E-4     -0.004951819445591749    5.46999999999549E-9      5.46999999999549E-9
-4.066953753260646E-4     -0.0048946406916176985   5.46999999999549E-9      5.46999999999549E-9
-4.1554088038319185E-4    -0.005053562458327501    5.46999999999549E-9      5.46999999999549E-9
-3.889479400344034E-4     -0.00484036285962519     5.46999999999549E-9      5.46999999999549E-9
-3.2385444040204734E-4    -0.0047334009987810175   5.46999999999549E-9      5.46999999999549E-9
-3.6044069896075566E-4    -0.004787090450518047    5.46999999999549E-9      5.46999999999549E-9
1.4393453746888547E-5     -0.005420108257050622    5.46999999999549E-9      5.46999999999549E-9
-1.693081233873449E-4     -0.005384975383292724    5.46999999999549E-9      5.46999999999549E-9
-2.2182447150191853E-4    -0.005356463722481211    5.46999999999549E-9      5.46999999999549E-9
-1.0861444142528379E-4    -0.005405788148971895    5.46999999999549E-9      5.46999999999549E-9
-4.9741974016795865E-5    -0.005416978718430351    5.46999999999549E-9      5.46999999999549E-9
2.1633772222620737E-4     -0.0053619583479501244   5.46999999999549E-9      5.46999999999549E-9
2.9706289557809146E-4     -0.005293878234766322    5.46999999999549E-9      5.46999999999549E-9
8.723074509700877E-5      -0.005412045654412766    5.46999999999549E-9      5.46999999999549E-9
1.5211629953594048E-4     -0.005392560521448826    5.46999999999549E-9      5.46999999999549E-9
3.817233743837544E-4      -0.0051747604004325695   5.46999999999549E-9      5.46999999999549E-9
4.1013918743088143E-4     -0.005085236570343702    5.46999999999549E-9      5.46999999999549E-9
4.1909608634490593E-4     -0.005005177749004325    5.46999999999549E-9      5.46999999999549E-9
4.011391551643257E-4      -0.0048737007362116835   5.46999999999549E-9      5.46999999999549E-9
4.148098758164251E-4      -0.004938255653099769    5.46999999999549E-9      5.46999999999549E-9
-2.711507214225187E-4     -0.005320106149756043    5.46999999999549E-9      5.46999999999549E-9
3.719700857639517E-4      -0.004803654683348133    5.46999999999549E-9      5.46999999999549E-9
3.454748926066014E-4      -0.004760429325583908    5.46999999999549E-9      5.46999999999549E-9
3.0981134136956077E-4     -0.0047155457859542095   5.46999999999549E-9      5.46999999999549E-9
2.47052991415739E-4       -0.004662507373165169    5.46999999999549E-9      5.46999999999549E-9
1.8721260656513592E-4     -0.0046254050699929515   5.46999999999549E-9      5.46999999999549E-9
6.115643710927988E-5      -0.004584844139715765    5.46999999999549E-9      5.46999999999549E-9
1.2222342262458162E-4     -0.004599234269656014    5.46999999999549E-9      5.46999999999549E-9
-2.8271598070151875E-5    -0.004581193384740689    5.46999999999549E-9      5.46999999999549E-9
-9.74464510802261E-5      -0.0045928500530551695   5.46999999999549E-9      5.46999999999549E-9
-1.5710514769645416E-4    -0.004611707056274654    5.46999999999549E-9      5.46999999999549E-9
-2.6457562197596733E-4    -0.004674304751927451    5.46999999999549E-9      5.46999999999549E-9
-2.1555280936536782E-4    -0.00464056826823649     5.46999999999549E-9      5.46999999999549E-9
-4.1728309925148134E-4    0.005033866118317742     5.46999999999549E-9      5.46999999999549E-9
-4.080885757212086E-4     0.005100755457376334     5.46999999999549E-9      5.46999999999549E-9
-4.1457144388680467E-4    0.00494185694165827      5.46999999999549E-9      5.46999999999549E-9
-4.027546652218552E-4     0.004883196759607907     5.46999999999549E-9      5.46999999999549E-9
-3.8326890389569286E-4    0.004830651739867603     5.46999999999549E-9      5.46999999999549E-9
-3.5115956600312754E-4    0.004772399468474313     5.46999999999549E-9      5.46999999999549E-9
-3.159147891191367E-4     0.004725378177136835     5.46999999999549E-9      5.46999999999549E-9
-2.6677185346098636E-4    0.005325225456246573     5.46999999999549E-9      5.46999999999549E-9
-2.1846072635730115E-4    0.005358953990650724     5.46999999999549E-9      5.46999999999549E-9
-3.2686891320302585E-4    0.005264012784458392     5.46999999999549E-9      5.46999999999549E-9
-3.637287031161221E-4     0.005209143135568629     5.46999999999549E-9      5.46999999999549E-9
-3.9148612718773184E-4    0.005154524541792323     5.46999999999549E-9      5.46999999999549E-9
-2.2265484353261022E-4    0.004644778627676296     5.46999999999549E-9      5.46999999999549E-9
-2.721081202935188E-4     0.004681703404501946     5.46999999999549E-9      5.46999999999549E-9
-2.8353781657513317E-5    0.005418962133911576     5.46999999999549E-9      5.46999999999549E-9
-9.995032800741377E-5     0.005407387530546712     5.46999999999549E-9      5.46999999999549E-9
-1.6080626678899006E-4    0.005387874763608963     5.46999999999549E-9      5.46999999999549E-9
5.977272166042972E-5      0.005415659544178407     5.46999999999549E-9      5.46999999999549E-9
1.2069270830189926E-4     0.0054019688652119785    5.46999999999549E-9      5.46999999999549E-9
-1.7037035840289328E-4    0.004616421587781143     5.46999999999549E-9      5.46999999999549E-9
-1.0951828865602302E-4    0.004594824185322557     5.46999999999549E-9      5.46999999999549E-9
-5.071727038540659E-5     0.00458351372852739      5.46999999999549E-9      5.46999999999549E-9
3.103004242584254E-4      0.0052831993454517       5.46999999999549E-9      5.46999999999549E-9
2.462531091409779E-4      0.0053392073815084085    5.46999999999549E-9      5.46999999999549E-9
1.8544194646193403E-4     0.00537710775788946      5.46999999999549E-9      5.46999999999549E-9
3.7316299129979324E-4     0.005195045309089459     5.46999999999549E-9      5.46999999999549E-9
3.4577140632681067E-4     0.00523859429367989      5.46999999999549E-9      5.46999999999549E-9
1.3923485507908262E-5     0.004580529900072542     5.46999999999549E-9      5.46999999999549E-9
8.56645397000793E-5       0.004588666629359556     5.46999999999549E-9      5.46999999999549E-9
1.4983054086594843E-4     0.004607653731801083     5.46999999999549E-9      5.46999999999549E-9
4.02636907004744E-4       0.005125486500539086     5.46999999999549E-9      5.46999999999549E-9
4.161649667218343E-4      0.005061212344404871     5.46999999999549E-9      5.46999999999549E-9
4.1939471332958807E-4     0.004993788769921585     5.46999999999549E-9      5.46999999999549E-9
3.0141672977322876E-4     0.00470973672221578      5.46999999999549E-9      5.46999999999549E-9
3.8133561139775237E-4     0.004826677423806863     5.46999999999549E-9      5.46999999999549E-9
4.093062361820405E-4      0.004914329946964897     5.46999999999549E-9      5.46999999999549E-9
2.1388752692357732E-4     0.004637868931835698     5.46999999999549E-9      5.46999999999549E-9
-3.2529280187048345E-4    -0.005195584032881811    5.944999999995489E-9     5.944999999995489E-9
-3.5099625150840125E-4    -0.005147332691891923    5.944999999995489E-9     5.944999999995489E-9
-3.6704244862605236E-4    -0.0050992691173973185   5.944999999995489E-9     5.944999999995489E-9
-3.759856502681334E-4     -0.004946828796138141    5.944999999995489E-9     5.944999999995489E-9
-3.7974203580108407E-4    -0.004998963124344325    5.944999999995489E-9     5.944999999995489E-9
-3.73967724850931E-4      -0.004935290817360996    5.944999999995489E-9     5.944999999995489E-9
-3.7868659813096434E-4    -0.005011957518216673    5.944999999995489E-9     5.944999999995489E-9
-3.762139028130818E-4     -0.005050097107250482    5.944999999995489E-9     5.944999999995489E-9
-3.4762341852364887E-4    -0.00484602416175206     5.944999999995489E-9     5.944999999995489E-9
-2.8084052371150556E-4    -0.004742479321248213    5.944999999995489E-9     5.944999999995489E-9
-3.1606211167755374E-4    -0.004790932042551998    5.944999999995489E-9     5.944999999995489E-9
1.9530600745731514E-4     -0.00532750436170327     5.944999999995489E-9     5.944999999995489E-9
2.595862899918194E-4      -0.0052762644263028595   5.944999999995489E-9     5.944999999995489E-9
3.2165752466430054E-4     -0.0052054030981859055   5.944999999995489E-9     5.944999999995489E-9
3.2236550899988133E-4     -0.005204506823193035    5.944999999995489E-9     5.944999999995489E-9
3.555366898791345E-4      -0.005137957751295975    5.944999999995489E-9     5.944999999995489E-9
3.7642096278225277E-4     -0.005064898738140021    5.944999999995489E-9     5.944999999995489E-9
3.7850509593508313E-4     -0.004968692012166448    5.944999999995489E-9     5.944999999995489E-9
3.60718876147591E-4       -0.00488170550929598     5.944999999995489E-9     5.944999999995489E-9
3.350350242426177E-4      -0.004819529655394355    5.944999999995489E-9     5.944999999995489E-9
3.608215957748166E-4      -0.004882218268109822    5.944999999995489E-9     5.944999999995489E-9
-1.8723054886674468E-4    -0.005330895368031633    5.944999999995489E-9     5.944999999995489E-9
-2.3207899421200974E-4    -0.0053004539367011725   5.944999999995489E-9     5.944999999995489E-9
-2.714543229405523E-4     -0.005266914247750471    5.944999999995489E-9     5.944999999995489E-9
-2.967588631969043E-4     -0.005237910830631761    5.944999999995489E-9     5.944999999995489E-9
-2.721398204666441E-4     -0.005266097835288681    5.944999999995489E-9     5.944999999995489E-9
7.282581582271504E-5      -0.005372518462948197    5.944999999995489E-9     5.944999999995489E-9
1.2286362881535373E-5     -0.005380336295295062    5.944999999995489E-9     5.944999999995489E-9
1.3609025161815427E-4     -0.005354740026581647    5.944999999995489E-9     5.944999999995489E-9
-9.203627525943136E-5     -0.005367708480107055    5.944999999995489E-9     5.944999999995489E-9
-1.44664574234159E-4      -0.005352149729369177    5.944999999995489E-9     5.944999999995489E-9
-3.364700545101609E-5     -0.005377691123537718    5.944999999995489E-9     5.944999999995489E-9
3.078274839184936E-4      -0.004776233059669644    5.944999999995489E-9     5.944999999995489E-9
2.2106734762279077E-4     -0.004692124328306584    5.944999999995489E-9     5.944999999995489E-9
2.0199518210383197E-4     -0.00467763307614345     5.944999999995489E-9     5.944999999995489E-9
2.916393885485626E-4      -0.004753872560949612    5.944999999995489E-9     5.944999999995489E-9
2.488772133695831E-4      -0.004712990060523251    5.944999999995489E-9     5.944999999995489E-9
1.27791626389758E-4       -0.004642118973729931    5.944999999995489E-9     5.944999999995489E-9
5.9516362464976E-5        -0.004625206731290498    5.944999999995489E-9     5.944999999995489E-9
1.2189922569935187E-4     -0.004639937950090832    5.944999999995489E-9     5.944999999995489E-9
6.083369661985462E-5      -0.004625364961236916    5.944999999995489E-9     5.944999999995489E-9
-7.943179024417436E-5     -0.0046296815733926225   5.944999999995489E-9     5.944999999995489E-9
-1.164835491162005E-4     -0.004638181770458083    5.944999999995489E-9     5.944999999995489E-9
-2.9104719033369347E-7    -0.0046182265199913005   5.944999999995489E-9     5.944999999995489E-9
-5.835948109734739E-5     -0.004624711648946418    5.944999999995489E-9     5.944999999995489E-9
-2.3668758903399445E-4    -0.0047036231803878415   5.944999999995489E-9     5.944999999995489E-9
-2.3642166722341037E-4    -0.004703441949597975    5.944999999995489E-9     5.944999999995489E-9
-1.8081760241418096E-4    -0.004665683231284547    5.944999999995489E-9     5.944999999995489E-9
-3.7929814164652727E-4    0.004997650505698781     5.944999999995489E-9     5.944999999995489E-9
-3.73757557051734E-4      0.005065489959151073     5.944999999995489E-9     5.944999999995489E-9
-3.7941428612090427E-4    0.00499583838916329      5.944999999995489E-9     5.944999999995489E-9
-3.75309413096219E-4      0.004945856421911219     5.944999999995489E-9     5.944999999995489E-9
-3.4981722359342095E-4    0.004852168567501803     5.944999999995489E-9     5.944999999995489E-9
-3.659140619322373E-4     0.004898166870108439     5.944999999995489E-9     5.944999999995489E-9
-3.2382190252177337E-4    0.004803403333743359     5.944999999995489E-9     5.944999999995489E-9
-2.3845653680745041E-4    0.005296133318587566     5.944999999995489E-9     5.944999999995489E-9
-2.8173962039556135E-4    0.005257238798017677     5.944999999995489E-9     5.944999999995489E-9
-2.3477059762641215E-4    0.0052986934916520925    5.944999999995489E-9     5.944999999995489E-9
-1.8007138022458594E-4    0.005335505319571941     5.944999999995489E-9     5.944999999995489E-9
-3.175659754143343E-4     0.005208279745774144     5.944999999995489E-9     5.944999999995489E-9
-3.4863457055003903E-4    0.00515382237211875      5.944999999995489E-9     5.944999999995489E-9
-2.9491712344012553E-4    0.004761370810043921     5.944999999995489E-9     5.944999999995489E-9
-2.6961696614545E-4       0.00473252205928429      5.944999999995489E-9     5.944999999995489E-9
-1.8731371216434848E-4    0.0046697969269182       5.944999999995489E-9     5.944999999995489E-9
-2.3123266458521845E-4    0.004699593462679068     5.944999999995489E-9     5.944999999995489E-9
-2.607974362615143E-4     0.004725186233433381     5.944999999995489E-9     5.944999999995489E-9
-1.4557349598898003E-4    0.0046485659604099       5.944999999995489E-9     5.944999999995489E-9
-7.850796064458006E-5     0.005371078031676354     5.944999999995489E-9     5.944999999995489E-9
-1.186215306791024E-4     0.005362282159265992     5.944999999995489E-9     5.944999999995489E-9
-1.1028555935791097E-6    0.005381054882209971     5.944999999995489E-9     5.944999999995489E-9
-5.9865564335326764E-5    0.005375334709661035     5.944999999995489E-9     5.944999999995489E-9
5.61027732829445E-5       0.005374626145972804     5.944999999995489E-9     5.944999999995489E-9
1.2073109754983443E-4     0.005360220443914746     5.944999999995489E-9     5.944999999995489E-9
5.9810839445874206E-5     0.005374206339147109     5.944999999995489E-9     5.944999999995489E-9
1.2503970814099852E-4     0.005358683231960243     5.944999999995489E-9     5.944999999995489E-9
-9.386555899659705E-5     0.004632816147075474     5.944999999995489E-9     5.944999999995489E-9
-3.617553240572364E-5     0.004622681488660314     5.944999999995489E-9     5.944999999995489E-9
9.524282319487748E-6      0.004620318434288451     5.944999999995489E-9     5.944999999995489E-9
2.2192938920256506E-4     0.005308241844259917     5.944999999995489E-9     5.944999999995489E-9
2.008326096356134E-4      0.005324683696116898     5.944999999995489E-9     5.944999999995489E-9
2.9113317363694603E-4     0.005245878092312453     5.944999999995489E-9     5.944999999995489E-9
2.482033461310243E-4      0.005288236310822238     5.944999999995489E-9     5.944999999995489E-9
3.3669425328207236E-4     0.005179460943900557     5.944999999995489E-9     5.944999999995489E-9
3.077834368421399E-4      0.005223304599454923     5.944999999995489E-9     5.944999999995489E-9
7.030318936989056E-5      0.0046280907365316174    5.944999999995489E-9     5.944999999995489E-9
1.3345626028962184E-4     0.0046454980581962175    5.944999999995489E-9     5.944999999995489E-9
1.9252979827036955E-4     0.004672073405424448     5.944999999995489E-9     5.944999999995489E-9
3.624323724795206E-4      0.005117586121539154     5.944999999995489E-9     5.944999999995489E-9
3.6264335793124313E-4     0.005116527592557141     5.944999999995489E-9     5.944999999995489E-9
3.792983607067825E-4      0.005031834816671553     5.944999999995489E-9     5.944999999995489E-9
2.5766471016106695E-4     0.0047217027343307875    5.944999999995489E-9     5.944999999995489E-9
3.2028883504372054E-4     0.00479326479665347      5.944999999995489E-9     5.944999999995489E-9
3.229008093236354E-4      0.004796723597805754     5.944999999995489E-9     5.944999999995489E-9
3.550533322656022E-4      0.004863841117913856     5.944999999995489E-9     5.944999999995489E-9
3.758784243913315E-4      0.004937007072645467     5.944999999995489E-9     5.944999999995489E-9
-3.374965842785781E-4     -0.0051735561931650804   5.944999999995489E-9     5.944999999995489E-9
-3.039149964694139E-4     -0.005227798822622174    5.944999999995489E-9     5.944999999995489E-9
-3.6082899006878146E-4    -0.005119043347188828    5.944999999995489E-9     5.944999999995489E-9
-3.739478136514143E-4     -0.005063039635107895    5.944999999995489E-9     5.944999999995489E-9
-3.7858233608898805E-4    -0.004984699055426051    5.944999999995489E-9     5.944999999995489E-9
-3.655210991111955E-4     -0.004892959046186768    5.944999999995489E-9     5.944999999995489E-9
-3.438350852167402E-4     -0.004838034113134714    5.944999999995489E-9     5.944999999995489E-9
-3.115668345874795E-4     -0.004784567558969834    5.944999999995489E-9     5.944999999995489E-9
2.3753697310659693E-4     -0.005297213384086577    5.944999999995489E-9     5.944999999995489E-9
2.841932774353153E-4      -0.005253107651006404    5.944999999995489E-9     5.944999999995489E-9
3.229078041531654E-4      -0.005203368876888705    5.944999999995489E-9     5.944999999995489E-9
3.637143110891805E-4      -0.005107818090451277    5.944999999995489E-9     5.944999999995489E-9
3.808114073255925E-4      -0.005023799796432594    5.944999999995489E-9     5.944999999995489E-9
3.6036572449621933E-4     -0.004880854827235284    5.944999999995489E-9     5.944999999995489E-9
3.770159174371078E-4      -0.004945740313476768    5.944999999995489E-9     5.944999999995489E-9
-1.7071395438985883E-4    -0.005340148420850481    5.944999999995489E-9     5.944999999995489E-9
-2.2091518319674862E-4    -0.0053084927731587095   5.944999999995489E-9     5.944999999995489E-9
-2.711087940944817E-4     -0.005267229865796241    5.944999999995489E-9     5.944999999995489E-9
5.141519537884516E-5      -0.005375859318762838    5.944999999995489E-9     5.944999999995489E-9
1.2237644219078008E-4     -0.005359152388608984    5.944999999995489E-9     5.944999999995489E-9
1.809108441081391E-4      -0.005335302739570707    5.944999999995489E-9     5.944999999995489E-9
-1.269528744448444E-4     -0.0053580647662682685   5.944999999995489E-9     5.944999999995489E-9
-6.56771000543137E-5      -0.005373086969487243    5.944999999995489E-9     5.944999999995489E-9
-8.679092691566117E-6     -0.005379705589818632    5.944999999995489E-9     5.944999999995489E-9
3.200069695653621E-4      -0.004794586687994883    5.944999999995489E-9     5.944999999995489E-9
1.962015667372114E-4      -0.004674497176846949    5.944999999995489E-9     5.944999999995489E-9
2.579890112240803E-4      -0.004722233108145767    5.944999999995489E-9     5.944999999995489E-9
7.013424445436694E-5      -0.004627634074703666    5.944999999995489E-9     5.944999999995489E-9
-1.2031457229931522E-4    -0.004639544394506981    5.944999999995489E-9     5.944999999995489E-9
-5.574611013400378E-5     -0.004624402331941615    5.944999999995489E-9     5.944999999995489E-9
-2.3758206040286824E-4    -0.004704429818727461    5.944999999995489E-9     5.944999999995489E-9
-1.8805563578611388E-4    -0.004669475789900845    5.944999999995489E-9     5.944999999995489E-9
-3.767496517382401E-4     0.005047873638467533     5.944999999995489E-9     5.944999999995489E-9
-3.792582326638471E-4     0.004994084128759532     5.944999999995489E-9     5.944999999995489E-9
-3.720796370243293E-4     0.0049285642122276554    5.944999999995489E-9     5.944999999995489E-9
-3.592180573693261E-4     0.004877837813793043     5.944999999995489E-9     5.944999999995489E-9
-3.3626852097511377E-4    0.004825738420428782     5.944999999995489E-9     5.944999999995489E-9
-3.0279918451181894E-4    0.00477235759346977      5.944999999995489E-9     5.944999999995489E-9
-2.5127223362032906E-4    0.005284358325273461     5.944999999995489E-9     5.944999999995489E-9
-1.9035755502490575E-4    0.005330079818447016     5.944999999995489E-9     5.944999999995489E-9
-3.1602512020478617E-4    0.005210458862559685     5.944999999995489E-9     5.944999999995489E-9
-3.47786072351411E-4      0.005155729846261081     5.944999999995489E-9     5.944999999995489E-9
-3.673729342236125E-4     0.0051012745507208685    5.944999999995489E-9     5.944999999995489E-9
-2.712232109774454E-4     0.0047342677357656545    5.944999999995489E-9     5.944999999995489E-9
-1.718562624340341E-4     0.004661204381028772     5.944999999995489E-9     5.944999999995489E-9
-2.2198013890584983E-4    0.004692876798169735     5.944999999995489E-9     5.944999999995489E-9
-1.2367738635840855E-4    0.0053604335667994584    5.944999999995489E-9     5.944999999995489E-9
-5.6944826612609276E-5    0.005375603043269411     5.944999999995489E-9     5.944999999995489E-9
8.524229043024436E-5      0.0053682258430581345    5.944999999995489E-9     5.944999999995489E-9
-1.2868249315156898E-4    0.004642766566708495     5.944999999995489E-9     5.944999999995489E-9
-6.696634846138901E-5     0.004627220721489311     5.944999999995489E-9     5.944999999995489E-9
-1.004857989141625E-5     0.004620583872868461     5.944999999995489E-9     5.944999999995489E-9
1.941727966726005E-4      0.005328254909544688     5.944999999995489E-9     5.944999999995489E-9
2.57028085283301E-4       0.005278916772610279     5.944999999995489E-9     5.944999999995489E-9
3.2067565106070765E-4     0.005205191937509869     5.944999999995489E-9     5.944999999995489E-9
4.9397049888483584E-5     0.0046249041352697876    5.944999999995489E-9     5.944999999995489E-9
1.1940075028781492E-4     0.00464110991523655      5.944999999995489E-9     5.944999999995489E-9
1.7714110891961095E-4     0.004664016396211969     5.944999999995489E-9     5.944999999995489E-9
3.616750242857688E-4      0.0051193831375284495    5.944999999995489E-9     5.944999999995489E-9
3.781954602902817E-4      0.005053751158874631     5.944999999995489E-9     5.944999999995489E-9
3.8047031677601996E-4     0.00497595339341328      5.944999999995489E-9     5.944999999995489E-9
2.366304674405323E-4      0.004702286168670343     5.944999999995489E-9     5.944999999995489E-9
2.845062140249139E-4      0.0047469735888678935    5.944999999995489E-9     5.944999999995489E-9
3.247934521918897E-4      0.004800769489777848     5.944999999995489E-9     5.944999999995489E-9
3.631641454733986E-4      0.004893187382569933     5.944999999995489E-9     5.944999999995489E-9
-3.1033308305199604E-4    -0.005144697053602384    6.419999999995489E-9     6.419999999995489E-9
-3.2775020925166973E-4    -0.005096722337731395    6.419999999995489E-9     6.419999999995489E-9
-3.381985735990964E-4     -0.005048295932130712    6.419999999995489E-9     6.419999999995489E-9
-3.4169130396753764E-4    -0.004989083857284184    6.419999999995489E-9     6.419999999995489E-9
-3.424992341496477E-4     -0.004999021233036345    6.419999999995489E-9     6.419999999995489E-9
-3.379738192700848E-4     -0.004945342533780211    6.419999999995489E-9     6.419999999995489E-9
-3.244718189851718E-4     -0.00489084006330669     6.419999999995489E-9     6.419999999995489E-9
-3.2301913460205657E-4    -0.004887030543223455    6.419999999995489E-9     6.419999999995489E-9
-2.5423078648021823E-4    -0.0047704538893717004   6.419999999995489E-9     6.419999999995489E-9
-2.8903690913657587E-4    -0.004819343385473669    6.419999999995489E-9     6.419999999995489E-9
1.9065962771159224E-4     -0.005286233892525876    6.419999999995489E-9     6.419999999995489E-9
2.0177136588996888E-4     -0.005278263783217009    6.419999999995489E-9     6.419999999995489E-9
2.4861594012139755E-4     -0.005234257800701409    6.419999999995489E-9     6.419999999995489E-9
2.5409941604904416E-4     -0.005227528448115969    6.419999999995489E-9     6.419999999995489E-9
3.3558304975947614E-4     -0.005068609130524334    6.419999999995489E-9     6.419999999995489E-9
3.420698606578493E-4      -0.005046698580912309    6.419999999995489E-9     6.419999999995489E-9
2.880623696255958E-4      -0.005186332077947451    6.419999999995489E-9     6.419999999995489E-9
3.2078460114336725E-4     -0.0051195451403499926   6.419999999995489E-9     6.419999999995489E-9
3.42526728306279E-4       -0.005042421843860863    6.419999999995489E-9     6.419999999995489E-9
3.40253878738649E-4       -0.004957600432416495    6.419999999995489E-9     6.419999999995489E-9
3.3364634485381797E-4     -0.004930958202723869    6.419999999995489E-9     6.419999999995489E-9
3.2304802754865014E-4     -0.004889165789191687    6.419999999995489E-9     6.419999999995489E-9
2.948330002163218E-4      -0.0048274912055787725   6.419999999995489E-9     6.419999999995489E-9
-1.9573360655817399E-4    -0.0052798793021474315   6.419999999995489E-9     6.419999999995489E-9
-2.3692940820519586E-4    -0.00524737015840289     6.419999999995489E-9     6.419999999995489E-9
-2.8532275884338913E-4    -0.005188109029318707    6.419999999995489E-9     6.419999999995489E-9
-2.700093787954283E-4     -0.00520870110027688     6.419999999995489E-9     6.419999999995489E-9
-2.629016459459808E-4     -0.005218744715839453    6.419999999995489E-9     6.419999999995489E-9
8.418142624987631E-5      -0.005331010407699355    6.419999999995489E-9     6.419999999995489E-9
2.2821196798562178E-5     -0.0053418284166503885   6.419999999995489E-9     6.419999999995489E-9
1.4619314904267057E-4     -0.005310509852181438    6.419999999995489E-9     6.419999999995489E-9
1.580200001135009E-4      -0.005303915953040797    6.419999999995489E-9     6.419999999995489E-9
-5.878117718282054E-5     -0.005335520503333626    6.419999999995489E-9     6.419999999995489E-9
-1.1398267000239058E-4    -0.005322452375342387    6.419999999995489E-9     6.419999999995489E-9
-1.5400779225873348E-4    -0.005305381397334399    6.419999999995489E-9     6.419999999995489E-9
-1.1962810551270454E-5    -0.005341533683462791    6.419999999995489E-9     6.419999999995489E-9
2.629398281663793E-4      -0.004781452243796683    6.419999999995489E-9     6.419999999995489E-9
2.2586944477989384E-4     -0.004743847884646299    6.419999999995489E-9     6.419999999995489E-9
1.6938433640512768E-4     -0.0047025501667540305   6.419999999995489E-9     6.419999999995489E-9
8.636731750031916E-5      -0.0046702453575283645   6.419999999995489E-9     6.419999999995489E-9
1.1195853938612225E-5     -0.00465801551445633     6.419999999995489E-9     6.419999999995489E-9
-5.969963704050025E-7     -0.004656639153442683    6.419999999995489E-9     6.419999999995489E-9
-5.8667912428334594E-5    -0.004663435922237074    6.419999999995489E-9     6.419999999995489E-9
-2.4199721545163755E-4    -0.0047596934217987155   6.419999999995489E-9     6.419999999995489E-9
-1.8561524889807558E-4    -0.004714086485416848    6.419999999995489E-9     6.419999999995489E-9
-1.2021569927353736E-4    -0.004679730715654659    6.419999999995489E-9     6.419999999995489E-9
-3.406705417852665E-4     0.005014780901736466     6.419999999995489E-9     6.419999999995489E-9
-3.419578144500076E-4     0.004994905854101236     6.419999999995489E-9     6.419999999995489E-9
-3.094210958465918E-4     0.004854674200234435     6.419999999995489E-9     6.419999999995489E-9
-3.2680033834717816E-4    0.004900592959725841     6.419999999995489E-9     6.419999999995489E-9
-3.372469556846387E-4     0.004946941726089209     6.419999999995489E-9     6.419999999995489E-9
-2.369340623416955E-4     0.005245853133366265     6.419999999995489E-9     6.419999999995489E-9
-1.8196362427408324E-4    0.0052892892417994095    6.419999999995489E-9     6.419999999995489E-9
-2.5500352363215886E-4    0.00522976920560511      6.419999999995489E-9     6.419999999995489E-9
-2.903995102245182E-4     0.00518036797792492      6.419999999995489E-9     6.419999999995489E-9
-3.386154068211526E-4     0.005048152656446406     6.419999999995489E-9     6.419999999995489E-9
-3.2708885816624424E-4    0.005102385638042694     6.419999999995489E-9     6.419999999995489E-9
-3.2284253155647115E-4    0.005114293572810878     6.419999999995489E-9     6.419999999995489E-9
-2.83890706615643E-4      0.004810776781714695     6.419999999995489E-9     6.419999999995489E-9
-2.669698166016761E-4     0.004788247936597303     6.419999999995489E-9     6.419999999995489E-9
-2.6132549098486536E-4    0.004780380326517552     6.419999999995489E-9     6.419999999995489E-9
-2.3528494438805232E-4    0.004751950562321155     6.419999999995489E-9     6.419999999995489E-9
-1.950149418114568E-4     0.0047200890845760434    6.419999999995489E-9     6.419999999995489E-9
-1.1485369644956393E-4    0.004677401441835345     6.419999999995489E-9     6.419999999995489E-9
-1.543382548772845E-4     0.004694987156379499     6.419999999995489E-9     6.419999999995489E-9
-1.0673585994045565E-6    0.005342451795478829     6.419999999995489E-9     6.419999999995489E-9
-5.983031143119993E-5     0.0053369970715827       6.419999999995489E-9     6.419999999995489E-9
-1.2007182907849541E-4    0.005321145546833366     6.419999999995489E-9     6.419999999995489E-9
8.906938651511322E-6      0.005341330889591829     6.419999999995489E-9     6.419999999995489E-9
8.416251488420476E-5      0.005329845588972294     6.419999999995489E-9     6.419999999995489E-9
-6.044956126401097E-5     0.004664182444915221     6.419999999995489E-9     6.419999999995489E-9
-1.4598337626320673E-5    0.004658452055565308     6.419999999995489E-9     6.419999999995489E-9
1.8970487855915953E-5     0.004658653772037509     6.419999999995489E-9     6.419999999995489E-9
2.6393707148709197E-4     0.0052172510055889       6.419999999995489E-9     6.419999999995489E-9
2.2542668142137436E-4     0.005257920655488107     6.419999999995489E-9     6.419999999995489E-9
1.6842842944876359E-4     0.005298780667330957     6.419999999995489E-9     6.419999999995489E-9
2.9691825479150774E-4     0.005171644774234944     6.419999999995489E-9     6.419999999995489E-9
2.962625003357351E-4      0.005172698125424866     6.419999999995489E-9     6.419999999995489E-9
2.671576228934229E-4      0.005213966724162106     6.419999999995489E-9     6.419999999995489E-9
8.042936022077557E-5      0.004669185563250806     6.419999999995489E-9     6.419999999995489E-9
1.4196740314465346E-4     0.004688920360959591     6.419999999995489E-9     6.419999999995489E-9
1.5492171469174394E-4     0.0046960120760944505    6.419999999995489E-9     6.419999999995489E-9
2.9799407587928267E-4     0.005169057465340723     6.419999999995489E-9     6.419999999995489E-9
3.3514489334845684E-4     0.00506771110098083      6.419999999995489E-9     6.419999999995489E-9
3.4154592022245174E-4     0.004958118016904976     6.419999999995489E-9     6.419999999995489E-9
3.408115471712046E-4      0.005042073357692146     6.419999999995489E-9     6.419999999995489E-9
1.878177162366946E-4      0.004713235335428641     6.419999999995489E-9     6.419999999995489E-9
2.002167675859603E-4      0.004721729755353283     6.419999999995489E-9     6.419999999995489E-9
2.487181503208165E-4      0.004766083108681158     6.419999999995489E-9     6.419999999995489E-9
2.521205371608908E-4      0.004770133313283678     6.419999999995489E-9     6.419999999995489E-9
3.36707913476854E-4       0.004939892018413604     6.419999999995489E-9     6.419999999995489E-9
3.412377133664379E-4      0.004955503948004499     6.419999999995489E-9     6.419999999995489E-9
2.890222056610377E-4      0.004814813535648968     6.419999999995489E-9     6.419999999995489E-9
3.2044317278574676E-4     0.004882321679862916     6.419999999995489E-9     6.419999999995489E-9
-2.911368282278459E-4     -0.005178447529349967    6.419999999995489E-9     6.419999999995489E-9
-3.178534762539027E-4     -0.005125052489663199    6.419999999995489E-9     6.419999999995489E-9
-3.3323385065213873E-4    -0.005072835709716738    6.419999999995489E-9     6.419999999995489E-9
-3.416871389275001E-4     -0.00500901963036211     6.419999999995489E-9     6.419999999995489E-9
-3.255847792623954E-4     -0.004896417862209251    6.419999999995489E-9     6.419999999995489E-9
-2.9868330162186095E-4    -0.004835703357122703    6.419999999995489E-9     6.419999999995489E-9
-2.626925615694432E-4     -0.004782044646327189    6.419999999995489E-9     6.419999999995489E-9
2.318490940099198E-4      -0.005249687067670901    6.419999999995489E-9     6.419999999995489E-9
3.146005847967025E-4      -0.005131707493832097    6.419999999995489E-9     6.419999999995489E-9
3.418005172336396E-4      -0.005025069510915978    6.419999999995489E-9     6.419999999995489E-9
2.9548676258766464E-4     -0.004828930282581702    6.419999999995489E-9     6.419999999995489E-9
-1.7067917279932338E-4    -0.005296283921397886    6.419999999995489E-9     6.419999999995489E-9
-2.2087718564274176E-4    -0.005260572489431828    6.419999999995489E-9     6.419999999995489E-9
-2.5965065719219974E-4    -0.005222466860365803    6.419999999995489E-9     6.419999999995489E-9
7.633074924752887E-5      -0.005332686182317501    6.419999999995489E-9     6.419999999995489E-9
1.4140286884297331E-4     -0.005312594291577203    6.419999999995489E-9     6.419999999995489E-9
-8.791300959567135E-5     -0.0053294049952941555   6.419999999995489E-9     6.419999999995489E-9
-2.895955045499485E-5     -0.005339865059302064    6.419999999995489E-9     6.419999999995489E-9
-1.347938133063072E-4     -0.005314362980620688    6.419999999995489E-9     6.419999999995489E-9
1.1024059384895896E-5     -0.005342029444728597    6.419999999995489E-9     6.419999999995489E-9
2.676114357717706E-4      -0.004786098647453082    6.419999999995489E-9     6.419999999995489E-9
2.0619734875672172E-4     -0.004729087918111495    6.419999999995489E-9     6.419999999995489E-9
1.286320871531299E-4      -0.004683194489496325    6.419999999995489E-9     6.419999999995489E-9
6.052644756431384E-5      -0.004663940797086588    6.419999999995489E-9     6.419999999995489E-9
-1.1531649115623344E-5    -0.004657856902652796    6.419999999995489E-9     6.419999999995489E-9
-8.15929819923055E-5      -0.0046688428220155      6.419999999995489E-9     6.419999999995489E-9
-2.1040244154705998E-4    -0.004731256510345892    6.419999999995489E-9     6.419999999995489E-9
-1.5608891290420376E-4    -0.004695494295051008    6.419999999995489E-9     6.419999999995489E-9
-3.400823144445058E-4     0.004975887298835804     6.419999999995489E-9     6.419999999995489E-9
-3.162392288935593E-4     0.004871653928901201     6.419999999995489E-9     6.419999999995489E-9
-3.313093864374822E-4     0.004919113906451458     6.419999999995489E-9     6.419999999995489E-9
-2.895203387590675E-4     0.004819921731129978     6.419999999995489E-9     6.419999999995489E-9
-2.1170125759801146E-4    0.005268644017465129     6.419999999995489E-9     6.419999999995489E-9
-2.681892910358898E-4     0.0052117782370748895    6.419999999995489E-9     6.419999999995489E-9
-3.038717281284774E-4     0.005156941061110416     6.419999999995489E-9     6.419999999995489E-9
-3.301668409381853E-4     0.005085134132461561     6.419999999995489E-9     6.419999999995489E-9
-2.5906991541248215E-4    0.004777800210955175     6.419999999995489E-9     6.419999999995489E-9
-1.7185207008434854E-4    0.004704962798471664     6.419999999995489E-9     6.419999999995489E-9
-2.2197553985910367E-4    0.00474088019064732      6.419999999995489E-9     6.419999999995489E-9
-1.3642631076284806E-4    0.0046862522873140485    6.419999999995489E-9     6.419999999995489E-9
-1.0803890282730134E-5    0.005341501220103202     6.419999999995489E-9     6.419999999995489E-9
-8.438195478924676E-5     0.005331391116316206     6.419999999995489E-9     6.419999999995489E-9
-1.5847072852524473E-4    0.005303728050556445     6.419999999995489E-9     6.419999999995489E-9
5.9846372711174284E-5     0.0053355638074590855    6.419999999995489E-9     6.419999999995489E-9
-9.038018349911403E-5     0.004670692465154132     6.419999999995489E-9     6.419999999995489E-9
-3.118694986945753E-5     0.00465983083090404      6.419999999995489E-9     6.419999999995489E-9
7.296942579701717E-6      0.004658330335966701     6.419999999995489E-9     6.419999999995489E-9
2.037997774153373E-4      0.00527438782685572      6.419999999995489E-9     6.419999999995489E-9
1.2764281764305674E-4     0.005316996100104123     6.419999999995489E-9     6.419999999995489E-9
2.8342866541449603E-4     0.005190728768528224     6.419999999995489E-9     6.419999999995489E-9
7.138875579823482E-5      0.004667343712353385     6.419999999995489E-9     6.419999999995489E-9
1.3597656556888627E-4     0.0046865087398471495    6.419999999995489E-9     6.419999999995489E-9
3.2474941204739245E-4     0.005110181243637472     6.419999999995489E-9     6.419999999995489E-9
3.413051801710828E-4      0.0049695970279864405    6.419999999995489E-9     6.419999999995489E-9
2.370423798435387E-4      0.004755723226279968     6.419999999995489E-9     6.419999999995489E-9
3.151116783434678E-4      0.004871169472999114     6.419999999995489E-9     6.419999999995489E-9
-2.8795953546119607E-4    -0.005098141708034578    6.89399999999549E-9      6.89399999999549E-9
-2.9992788593044496E-4    -0.005051818985984273    6.89399999999549E-9      6.89399999999549E-9
-3.0604071417349507E-4    -0.005007084968511138    6.89399999999549E-9      6.89399999999549E-9
-3.004389619531291E-4     -0.004943404967035641    6.89399999999549E-9      6.89399999999549E-9
-2.971016010052329E-4     -0.0049302256336742      6.89399999999549E-9      6.89399999999549E-9
-2.645740515543995E-4     -0.0048512641926800335   6.89399999999549E-9      6.89399999999549E-9
-2.2862853440743354E-4    -0.0047973692977614805   6.89399999999549E-9      6.89399999999549E-9
1.8577463293433953E-4     -0.005242843976630187    6.89399999999549E-9      6.89399999999549E-9
2.4819737430827965E-4     -0.005175104831219363    6.89399999999549E-9      6.89399999999549E-9
2.538746077194829E-4      -0.005168218462852906    6.89399999999549E-9      6.89399999999549E-9
2.874077432039503E-4      -0.005101861164445394    6.89399999999549E-9      6.89399999999549E-9
3.058175086319997E-4      -0.005017446381274858    6.89399999999549E-9      6.89399999999549E-9
3.048404900202371E-4      -0.004974825855776512    6.89399999999549E-9      6.89399999999549E-9
2.862157759699777E-4      -0.004897958153328438    6.89399999999549E-9      6.89399999999549E-9
2.81015937597916E-4       -0.00488668711379672     6.89399999999549E-9      6.89399999999549E-9
-2.031464727700364E-4     -0.005228246093546268    6.89399999999549E-9      6.89399999999549E-9
-2.6259353896256185E-4    -0.005154484441138231    6.89399999999549E-9      6.89399999999549E-9
-2.532760103463817E-4     -0.005169967796509706    6.89399999999549E-9      6.89399999999549E-9
-2.3010068268782772E-4    -0.005200176532209804    6.89399999999549E-9      6.89399999999549E-9
6.476713443715486E-5      -0.00529685695325389     6.89399999999549E-9      6.89399999999549E-9
9.530850199062053E-5      -0.0052903377131253895   6.89399999999549E-9      6.89399999999549E-9
1.4170923031306046E-4     -0.005270682408052561    6.89399999999549E-9      6.89399999999549E-9
-8.344798735035436E-5     -0.0052928975187088705   6.89399999999549E-9      6.89399999999549E-9
-1.251272039492677E-4     -0.005277427556886642    6.89399999999549E-9      6.89399999999549E-9
-1.6244756348448121E-4    -0.005257738609163311    6.89399999999549E-9      6.89399999999549E-9
-3.603660742744658E-5     -0.005302090019364009    6.89399999999549E-9      6.89399999999549E-9
-1.9164537547011255E-6    -0.005304811330610305    6.89399999999549E-9      6.89399999999549E-9
3.3198820660622076E-5     -0.005303895186430746    6.89399999999549E-9      6.89399999999549E-9
2.5748386829820523E-4     -0.004834887773172386    6.89399999999549E-9      6.89399999999549E-9
2.451816556194934E-4      -0.004816181278385305    6.89399999999549E-9      6.89399999999549E-9
1.3477615163417513E-4     -0.0047260485210665415   6.89399999999549E-9      6.89399999999549E-9
4.3367880911317646E-5     -0.00469944122558368     6.89399999999549E-9      6.89399999999549E-9
1.9964059877810444E-4     -0.0047706786101571735   6.89399999999549E-9      6.89399999999549E-9
-8.911815750774239E-7     -0.0046935747923329985   6.89399999999549E-9      6.89399999999549E-9
-1.9055694815321722E-4    -0.004763943081915774    6.89399999999549E-9      6.89399999999549E-9
-6.041003976136258E-5     -0.004701811468592885    6.89399999999549E-9      6.89399999999549E-9
-1.2434154931310418E-4    -0.0047213562436395394   6.89399999999549E-9      6.89399999999549E-9
-1.8521734266540985E-4    0.005241433525405436     6.89399999999549E-9      6.89399999999549E-9
-2.2893097489303418E-4    0.00520298136542939      6.89399999999549E-9      6.89399999999549E-9
-1.838851329463302E-4     0.005242358406286544     6.89399999999549E-9      6.89399999999549E-9
-3.013745171851428E-4     0.005049179808720401     6.89399999999549E-9      6.89399999999549E-9
-2.9592396019951714E-4    0.005073038253481958     6.89399999999549E-9      6.89399999999549E-9
-2.6409434131750685E-4    0.005151092102375685     6.89399999999549E-9      6.89399999999549E-9
-2.6271854408047403E-4    0.004845944904885687     6.89399999999549E-9      6.89399999999549E-9
-2.5213257121650364E-4    0.004828748721567447     6.89399999999549E-9      6.89399999999549E-9
-2.2879670997894838E-4    0.0047987883749868445    6.89399999999549E-9      6.89399999999549E-9
-2.017504620614511E-4     0.004770927737517128     6.89399999999549E-9      6.89399999999549E-9
-3.049197286206599E-4     0.004988066515536035     6.89399999999549E-9      6.89399999999549E-9
-2.876031339116E-4        0.004900316607861924     6.89399999999549E-9      6.89399999999549E-9
-2.993127219042249E-4     0.004945068299837948     6.89399999999549E-9      6.89399999999549E-9
-8.435935655080401E-5     0.004706025293062096     6.89399999999549E-9      6.89399999999549E-9
-1.2547484763915305E-4    0.00472208011452925      6.89399999999549E-9      6.89399999999549E-9
-1.6222866098542782E-4    0.00474222907330853      6.89399999999549E-9      6.89399999999549E-9
-1.033888515144798E-6     0.005306052979307958     6.89399999999549E-9      6.89399999999549E-9
-6.039819762427195E-5     0.005298825527195915     6.89399999999549E-9      6.89399999999549E-9
-1.1080655910788439E-4    0.005283217032299181     6.89399999999549E-9      6.89399999999549E-9
-1.2175341824741558E-4    0.005280074493745417     6.89399999999549E-9      6.89399999999549E-9
4.2411737146531774E-5     0.005300391658138426     6.89399999999549E-9      6.89399999999549E-9
-3.857163070524607E-5     0.00469719168693319      6.89399999999549E-9      6.89399999999549E-9
-5.581663355703053E-6     0.004695044235589804     6.89399999999549E-9      6.89399999999549E-9
2.8247132002126033E-5     0.0046963009823540085    6.89399999999549E-9      6.89399999999549E-9
2.453239162495866E-4      0.005184906142478228     6.89399999999549E-9      6.89399999999549E-9
1.3378541471766343E-4     0.005274341051710438     6.89399999999549E-9      6.89399999999549E-9
1.999630055592894E-4      0.005230515356145718     6.89399999999549E-9      6.89399999999549E-9
2.5972665956428296E-4     0.005164336451893274     6.89399999999549E-9      6.89399999999549E-9
7.397254432041783E-5      0.00470601818705384      6.89399999999549E-9      6.89399999999549E-9
9.032626027001492E-5      0.00470934994508573      6.89399999999549E-9      6.89399999999549E-9
1.3748109386591326E-4     0.004728110075227924     6.89399999999549E-9      6.89399999999549E-9
1.8292385574687824E-4     0.004755985173290655     6.89399999999549E-9      6.89399999999549E-9
2.8456823281140114E-4     0.005108806461354586     6.89399999999549E-9      6.89399999999549E-9
3.0449345822941245E-4     0.004984665675945563     6.89399999999549E-9      6.89399999999549E-9
3.042166630668297E-4      0.0050253053768351775    6.89399999999549E-9      6.89399999999549E-9
2.8751225520373176E-4     0.00510194315822671      6.89399999999549E-9      6.89399999999549E-9
2.462189686835801E-4      0.004821685885340357     6.89399999999549E-9      6.89399999999549E-9
2.5537957726915156E-4     0.004832777471310327     6.89399999999549E-9      6.89399999999549E-9
2.873110313982599E-4      0.004900013034095851     6.89399999999549E-9      6.89399999999549E-9
-2.734867863863246E-4     -0.005135995871000644    6.89399999999549E-9      6.89399999999549E-9
-2.9131883946858887E-4    -0.005087971949990678    6.89399999999549E-9      6.89399999999549E-9
-3.030687616466625E-4     -0.005035001514746157    6.89399999999549E-9      6.89399999999549E-9
-3.01643275740195E-4      -0.0049575753761287675   6.89399999999549E-9      6.89399999999549E-9
-2.8355664271732665E-4    -0.004888728002929975    6.89399999999549E-9      6.89399999999549E-9
-2.536854390840518E-4     -0.004833380546587052    6.89399999999549E-9      6.89399999999549E-9
2.1465719696126293E-4     -0.0052162655260276115   6.89399999999549E-9      6.89399999999549E-9
2.5831072489944243E-4     -0.005159087439742275    6.89399999999549E-9      6.89399999999549E-9
2.984475307141778E-4      -0.005063862402569637    6.89399999999549E-9      6.89399999999549E-9
2.886898584530429E-4      -0.004909704913017219    6.89399999999549E-9      6.89399999999549E-9
-1.7064451469934268E-4    -0.0052525751609811015   6.89399999999549E-9      6.89399999999549E-9
-2.4792170223793616E-4    -0.00517716779364657     6.89399999999549E-9      6.89399999999549E-9
-2.1510948949776416E-4    -0.005216065743270796    6.89399999999549E-9      6.89399999999549E-9
1.0003469699164743E-4     -0.00528881663724875     6.89399999999549E-9      6.89399999999549E-9
1.6499520652083627E-4     -0.005257699630338878    6.89399999999549E-9      6.89399999999549E-9
-4.9278760496395104E-5    -0.005299948400754704    6.89399999999549E-9      6.89399999999549E-9
-9.887313340436474E-5     -0.005287898014278151    6.89399999999549E-9      6.89399999999549E-9
-1.3476094319530858E-4    -0.005272909126909324    6.89399999999549E-9      6.89399999999549E-9
-8.079480976158285E-6     -0.005304500943567172    6.89399999999549E-9      6.89399999999549E-9
3.057558836789621E-5      -0.005304055439277       6.89399999999549E-9      6.89399999999549E-9
2.170148629882146E-4      -0.004788166449374413    6.89399999999549E-9      6.89399999999549E-9
6.304348588535449E-5      -0.004702710126858159    6.89399999999549E-9      6.89399999999549E-9
1.366583554420183E-4      -0.00472702897234352     6.89399999999549E-9      6.89399999999549E-9
-4.182135953040185E-5     -0.0046989357492005016   6.89399999999549E-9      6.89399999999549E-9
-1.228246045349028E-4     -0.004720663507360001    6.89399999999549E-9      6.89399999999549E-9
-1.833776251140159E-4     -0.004757864788510412    6.89399999999549E-9      6.89399999999549E-9
-1.9003153157377955E-4    0.005237085232674793     6.89399999999549E-9      6.89399999999549E-9
-2.600603420995313E-4     0.00515814943623857      6.89399999999549E-9      6.89399999999549E-9
-3.029562547308789E-4     0.005023495190282425     6.89399999999549E-9      6.89399999999549E-9
-2.868209587958404E-4     0.00510349627919041      6.89399999999549E-9      6.89399999999549E-9
-2.4682067693392615E-4    0.004821676348691472     6.89399999999549E-9      6.89399999999549E-9
-2.150477169626226E-4     0.004784292086200811     6.89399999999549E-9      6.89399999999549E-9
-2.7227208719768386E-4    0.004861995068185523     6.89399999999549E-9      6.89399999999549E-9
-2.898627405323467E-4     0.004906805278717511     6.89399999999549E-9      6.89399999999549E-9
-3.0149715732608767E-4    0.004956238668867838     6.89399999999549E-9      6.89399999999549E-9
-1.718478943145806E-4     0.004748548159989163     6.89399999999549E-9      6.89399999999549E-9
-1.0099631293250672E-4    0.004711781988234778     6.89399999999549E-9      6.89399999999549E-9
-1.3642236095419845E-4    0.0047274791382862485    6.89399999999549E-9      6.89399999999549E-9
-4.380263668892059E-5     0.005301399771533579     6.89399999999549E-9      6.89399999999549E-9
-1.246741319146509E-4     0.005278749676624146     6.89399999999549E-9      6.89399999999549E-9
-5.241068404801154E-5     0.004699236282011637     6.89399999999549E-9      6.89399999999549E-9
-1.263200428056557E-5     0.004695331795489394     6.89399999999549E-9      6.89399999999549E-9
2.4649032745989518E-5     0.004696064605028363     6.89399999999549E-9      6.89399999999549E-9
2.1410125294303746E-4     0.005216746656804802     6.89399999999549E-9      6.89399999999549E-9
6.26977778057094E-5       0.0052968688766919765    6.89399999999549E-9      6.89399999999549E-9
1.3541495470752583E-4     0.005273507662648006     6.89399999999549E-9      6.89399999999549E-9
9.277557706863797E-5      0.004710113798949792     6.89399999999549E-9      6.89399999999549E-9
1.628242325633836E-4      0.0047419839364217335    6.89399999999549E-9      6.89399999999549E-9
2.8907569007021063E-4     0.005093807951894546     6.89399999999549E-9      6.89399999999549E-9
2.981030536739553E-4      0.004938212252137985     6.89399999999549E-9      6.89399999999549E-9
2.1474748704460343E-4     0.004784222202998021     6.89399999999549E-9      6.89399999999549E-9
2.618561258145581E-4      0.00484676748055708      6.89399999999549E-9      6.89399999999549E-9
-2.448802057603741E-4     -0.005109829876166       7.368999999995489E-9     7.368999999995489E-9
-2.604785915851147E-4     -0.0050625222626642105   7.368999999995489E-9     7.368999999995489E-9
-2.6078233151981647E-4    -0.005060895920816509    7.368999999995489E-9     7.368999999995489E-9
-2.0866004873316125E-4    -0.00483105631505292     7.368999999995489E-9     7.368999999995489E-9
-2.6378471598632105E-4    -0.004949827526632308    7.368999999995489E-9     7.368999999995489E-9
-2.6877494961839244E-4    -0.005017195815747875    7.368999999995489E-9     7.368999999995489E-9
-2.4309803717152922E-4    -0.004888174799698748    7.368999999995489E-9     7.368999999995489E-9
-2.4265231548760297E-4    -0.004886838886913634    7.368999999995489E-9     7.368999999995489E-9
2.087821398755935E-4      -0.004832241590468217    7.368999999995489E-9     7.368999999995489E-9
-1.145109812008142E-6     -0.004730151634782147    7.368999999995489E-9     7.368999999995489E-9
-2.445233589692145E-6     -0.004730338886899992    7.368999999995489E-9     7.368999999995489E-9
-2.0355878637685245E-4    -0.004823724889627137    7.368999999995489E-9     7.368999999995489E-9
1.807388544393998E-4      -0.005198114756778772    7.368999999995489E-9     7.368999999995489E-9
2.2069916836729781E-4     -0.004844179941230031    7.368999999995489E-9     7.368999999995489E-9
2.2108396852402748E-4     -0.005150845081737123    7.368999999995489E-9     7.368999999995489E-9
2.6836829256822383E-4     -0.004985945246074627    7.368999999995489E-9     7.368999999995489E-9
2.532172005400895E-4      -0.004914008987564521    7.368999999995489E-9     7.368999999995489E-9
2.5396873343507616E-4     -0.005083729721789518    7.368999999995489E-9     7.368999999995489E-9
-2.4403424690839956E-4    -0.005112042521744221    7.368999999995489E-9     7.368999999995489E-9
-2.2317159016082134E-4    -0.005147575173704174    7.368999999995489E-9     7.368999999995489E-9
-1.9847277935996417E-4    -0.005179987933815462    7.368999999995489E-9     7.368999999995489E-9
4.340882366133846E-5      -0.005266574659158085    7.368999999995489E-9     7.368999999995489E-9
9.235151683738507E-5      -0.005251513026091921    7.368999999995489E-9     7.368999999995489E-9
1.3711018694938343E-4     -0.005229832394111953    7.368999999995489E-9     7.368999999995489E-9
-1.6975915917603022E-4    -0.005209364715415992    7.368999999995489E-9     7.368999999995489E-9
-1.3472805107365824E-4    -0.005231427514656603    7.368999999995489E-9     7.368999999995489E-9
-1.3507038606402864E-4    -0.0052312399367221265   7.368999999995489E-9     7.368999999995489E-9
-1.476280913637483E-4     -0.005223329549200849    7.368999999995489E-9     7.368999999995489E-9
-2.088974080651738E-5     -0.005267114260881871    7.368999999995489E-9     7.368999999995489E-9
7.998538242863237E-6      -0.0052685691542635055   7.368999999995489E-9     7.368999999995489E-9
-9.462129675132874E-5     -0.005249690509105336    7.368999999995489E-9     7.368999999995489E-9
-9.794777898149445E-5     -0.005248580678508269    7.368999999995489E-9     7.368999999995489E-9
-2.6390390394051985E-5    -0.00526678668351473     7.368999999995489E-9     7.368999999995489E-9
-5.972416748975515E-5     -0.005260767610663       7.368999999995489E-9     7.368999999995489E-9
9.797136710737831E-5      -0.004751038328331215    7.368999999995489E-9     7.368999999995489E-9
7.02405554951278E-5       -0.004742016042509699    7.368999999995489E-9     7.368999999995489E-9
1.6857499555607356E-4     -0.004791771613337619    7.368999999995489E-9     7.368999999995489E-9
-1.9580790284554268E-4    -0.004816919743548313    7.368999999995489E-9     7.368999999995489E-9
-6.41843268342192E-5      -0.004739890092553406    7.368999999995489E-9     7.368999999995489E-9
-1.287364998089789E-4     -0.00476569671484033     7.368999999995489E-9     7.368999999995489E-9
-1.85910586569769E-4      0.00519288882427868      7.368999999995489E-9     7.368999999995489E-9
-2.0382306070495067E-4    0.005177184624222928     7.368999999995489E-9     7.368999999995489E-9
-2.4643951647380967E-4    0.005104610052000718     7.368999999995489E-9     7.368999999995489E-9
-2.4108385124876392E-4    0.005115826296359731     7.368999999995489E-9     7.368999999995489E-9
-2.675314938660631E-4     0.004977323621709791     7.368999999995489E-9     7.368999999995489E-9
-2.6419396707586787E-4    0.005044998424875531     7.368999999995489E-9     7.368999999995489E-9
-2.4320828642168806E-4    0.004887560479198808     7.368999999995489E-9     7.368999999995489E-9
-2.5896921354578393E-4    0.004933476256787035     7.368999999995489E-9     7.368999999995489E-9
-2.6187019700500653E-4    0.004948310779000327     7.368999999995489E-9     7.368999999995489E-9
-2.42290543218379E-4      0.004885266484976846     7.368999999995489E-9     7.368999999995489E-9
-2.2155672697528577E-4    0.004850661680109638     7.368999999995489E-9     7.368999999995489E-9
-1.9710553718806106E-4    0.0048189422686422565    7.368999999995489E-9     7.368999999995489E-9
-1.0008729522975705E-6    0.005270148456524938     7.368999999995489E-9     7.368999999995489E-9
-6.195862157581335E-5     0.005260713807557153     7.368999999995489E-9     7.368999999995489E-9
-1.2351180694388547E-4    0.005237127692685596     7.368999999995489E-9     7.368999999995489E-9
-5.424949090703365E-7     0.005270088726108348     7.368999999995489E-9     7.368999999995489E-9
-1.681315758140904E-4     0.0047898303272609554    7.368999999995489E-9     7.368999999995489E-9
-9.414377123350337E-5     0.004748710482496747     7.368999999995489E-9     7.368999999995489E-9
-1.34152443623848E-4      0.004767663699192723     7.368999999995489E-9     7.368999999995489E-9
-1.2448596694596248E-5    0.004731741132189563     7.368999999995489E-9     7.368999999995489E-9
-2.975972594597662E-5     0.004732603849088805     7.368999999995489E-9     7.368999999995489E-9
-6.178212987031405E-5     0.004737684361896659     7.368999999995489E-9     7.368999999995489E-9
3.302511740041089E-6      0.0047310986969927174    7.368999999995489E-9     7.368999999995489E-9
3.735370022627496E-5      0.004733257977124165     7.368999999995489E-9     7.368999999995489E-9
9.78254568219263E-5       0.005248972371890754     7.368999999995489E-9     7.368999999995489E-9
1.6902755725948309E-4     0.005208691318273604     7.368999999995489E-9     7.368999999995489E-9
2.1844658512139084E-4     0.00516056401381484      7.368999999995489E-9     7.368999999995489E-9
2.226529935207987E-4      0.005156381852022065     7.368999999995489E-9     7.368999999995489E-9
8.66850469072458E-5       0.004746998073411427     7.368999999995489E-9     7.368999999995489E-9
1.3291723399995212E-4     0.004767977225037524     7.368999999995489E-9     7.368999999995489E-9
1.652125083766591E-4      0.004791071759984461     7.368999999995489E-9     7.368999999995489E-9
2.664941849197587E-4      0.005015541455683076     7.368999999995489E-9     7.368999999995489E-9
2.5293427702509683E-4     0.0050860993349611874    7.368999999995489E-9     7.368999999995489E-9
2.5421031408433834E-4     0.004918100353023906     7.368999999995489E-9     7.368999999995489E-9
2.669760861943641E-4      0.005008241535935479     7.368999999995489E-9     7.368999999995489E-9
1.7789584464430018E-4     0.004799906870660429     7.368999999995489E-9     7.368999999995489E-9
1.807051557024069E-4      0.004802399565446353     7.368999999995489E-9     7.368999999995489E-9
2.229145192034991E-4      0.0048501126273968334    7.368999999995489E-9     7.368999999995489E-9
2.5366155805664974E-4     0.004916805789568581     7.368999999995489E-9     7.368999999995489E-9
2.5410899097831006E-4     0.004917741711860924     7.368999999995489E-9     7.368999999995489E-9
-2.604052312050622E-4     -0.005062830333388568    7.368999999995489E-9     7.368999999995489E-9
-2.40136825239505E-4      -0.004882754319065856    7.368999999995489E-9     7.368999999995489E-9
-2.6846087149894705E-4    -0.005002979780199215    7.368999999995489E-9     7.368999999995489E-9
2.570627450547788E-7      -0.004730388998312324    7.368999999995489E-9     7.368999999995489E-9
2.2459357934158624E-4     -0.004851965142547599    7.368999999995489E-9     7.368999999995489E-9
2.531441665367827E-4      -0.005085898408041853    7.368999999995489E-9     7.368999999995489E-9
2.6873258803943885E-4     -0.004992389097272738    7.368999999995489E-9     7.368999999995489E-9
-2.4240883082703543E-4    -0.005114801260075778    7.368999999995489E-9     7.368999999995489E-9
-2.0682861238673214E-4    -0.005168983733675866    7.368999999995489E-9     7.368999999995489E-9
-1.7055578721527544E-4    -0.005208681248749983    7.368999999995489E-9     7.368999999995489E-9
5.632731654153636E-5      -0.005263694449406369    7.368999999995489E-9     7.368999999995489E-9
1.2693959354495538E-4     -0.005235825973126035    7.368999999995489E-9     7.368999999995489E-9
1.8061971561909713E-4     -0.00519822520970497     7.368999999995489E-9     7.368999999995489E-9
-1.3034163612040293E-4    -0.005233484837188547    7.368999999995489E-9     7.368999999995489E-9
1.2458799836245975E-5     -0.005268465391223005    7.368999999995489E-9     7.368999999995489E-9
-2.7436444536447823E-5    -0.00526661493391977     7.368999999995489E-9     7.368999999995489E-9
1.4559710528299917E-4     -0.004775846861613717    7.368999999995489E-9     7.368999999995489E-9
-8.793368923181802E-5     -0.004747063480723912    7.368999999995489E-9     7.368999999995489E-9
-1.5310784087067792E-4    -0.004780768214540191    7.368999999995489E-9     7.368999999995489E-9
-2.1620030255439218E-4    0.005159359153294114     7.368999999995489E-9     7.368999999995489E-9
-2.5307366308616446E-4    0.005082412647088627     7.368999999995489E-9     7.368999999995489E-9
-2.6755652909153286E-4    0.0049845828683192745    7.368999999995489E-9     7.368999999995489E-9
-2.5841137346636466E-4    0.004931217559557837     7.368999999995489E-9     7.368999999995489E-9
-2.406306231456708E-4     0.004882477782617441     7.368999999995489E-9     7.368999999995489E-9
-2.0647740456303915E-4    0.004831049890478466     7.368999999995489E-9     7.368999999995489E-9
-1.7155211881681476E-4    0.004792857743194991     7.368999999995489E-9     7.368999999995489E-9
-1.4521095221616516E-6    0.00527009936232404      7.368999999995489E-9     7.368999999995489E-9
-8.895902977814325E-5     0.005252353374461687     7.368999999995489E-9     7.368999999995489E-9
-1.543348929038623E-4     0.005218250774515397     7.368999999995489E-9     7.368999999995489E-9
-9.947671476673607E-5     0.004750676350904042     7.368999999995489E-9     7.368999999995489E-9
-1.3585153936636124E-4    0.004768556220850942     7.368999999995489E-9     7.368999999995489E-9
-3.288757314177555E-5     0.004733005438311824     7.368999999995489E-9     7.368999999995489E-9
5.735478573495135E-6      0.004731180816339011     7.368999999995489E-9     7.368999999995489E-9
6.966268906306129E-5      0.005257897213545755     7.368999999995489E-9     7.368999999995489E-9
1.4402225485342826E-4     0.005225346129860283     7.368999999995489E-9     7.368999999995489E-9
2.2394256826176832E-4     0.0051536867575148314    7.368999999995489E-9     7.368999999995489E-9
4.67597652899454E-5       0.00473525688003197      7.368999999995489E-9     7.368999999995489E-9
1.2413974243442494E-4     0.004763121176738453     7.368999999995489E-9     7.368999999995489E-9
2.550350397974908E-4      0.00492409548725142      7.368999999995489E-9     7.368999999995489E-9
1.8584614450411235E-4     0.004808519403514417     7.368999999995489E-9     7.368999999995489E-9
-2.1650395627638116E-4    -0.005074453342710627    7.843999999995491E-9     7.843999999995491E-9
-2.285559634120446E-4     -0.005028107923158083    7.843999999995491E-9     7.843999999995491E-9
-1.906907754068877E-4     -0.004870955367972184    7.843999999995491E-9     7.843999999995491E-9
-2.2760953345517162E-4    -0.004985269912235888    7.843999999995491E-9     7.843999999995491E-9
-2.065114954509899E-4     -0.004896644517222392    7.843999999995491E-9     7.843999999995491E-9
-2.2706088041503177E-4    -0.004959791339151418    7.843999999995491E-9     7.843999999995491E-9
1.330653389126701E-4      -0.0048133086006019055   7.843999999995491E-9     7.843999999995491E-9
1.869021146171019E-4      -0.004862204263089249    7.843999999995491E-9     7.843999999995491E-9
5.4914149786356715E-5     -0.00477738006881694     7.843999999995491E-9     7.843999999995491E-9
1.6303659870153187E-6     -0.004768360047022836    7.843999999995491E-9     7.843999999995491E-9
-6.531619216255012E-5     -0.0047796119150065215   7.843999999995491E-9     7.843999999995491E-9
-1.3080448296044056E-4    -0.004810938928357908    7.843999999995491E-9     7.843999999995491E-9
1.752518502616175E-4      -0.0051493776218074295   7.843999999995491E-9     7.843999999995491E-9
1.886613021969683E-4      -0.00513366666275199     7.843999999995491E-9     7.843999999995491E-9
2.2415626434124108E-4     -0.004948755440117598    7.843999999995491E-9     7.843999999995491E-9
2.2021862511020112E-4     -0.0049300598218006055   7.843999999995491E-9     7.843999999995491E-9
2.2072776583202878E-4     -0.005055768436488729    7.843999999995491E-9     7.843999999995491E-9
-1.7149973768708612E-4    -0.005153097349358829    7.843999999995491E-9     7.843999999995491E-9
-1.691742770090117E-4     -0.0051561598608566425   7.843999999995491E-9     7.843999999995491E-9
-2.125555761453173E-4     -0.005086441347506557    7.843999999995491E-9     7.843999999995491E-9
-1.9296784662171316E-4    -0.005123010880415104    7.843999999995491E-9     7.843999999995491E-9
8.964570073540533E-5      -0.005211835829595783    7.843999999995491E-9     7.843999999995491E-9
1.322569772036504E-4      -0.005186724801925352    7.843999999995491E-9     7.843999999995491E-9
-1.315834933880219E-4     -0.005188593778481734    7.843999999995491E-9     7.843999999995491E-9
3.0113446898856864E-5     -0.005229733623690148    7.843999999995491E-9     7.843999999995491E-9
8.774531528518877E-5      -0.00521290773172873     7.843999999995491E-9     7.843999999995491E-9
-8.797192815944003E-5     -0.005210677257947516    7.843999999995491E-9     7.843999999995491E-9
-4.985067188633918E-5     -0.005223253090554736    7.843999999995491E-9     7.843999999995491E-9
-9.312817124021395E-5     -0.00520827440030017     7.843999999995491E-9     7.843999999995491E-9
1.809468887116884E-5      -0.00523043618774813     7.843999999995491E-9     7.843999999995491E-9
-1.641360989949514E-5     -0.005228879730646962    7.843999999995491E-9     7.843999999995491E-9
-4.265915328663601E-5     -0.005224570525928425    7.843999999995491E-9     7.843999999995491E-9
-2.2619167324496747E-4    0.005037708104392701     7.843999999995491E-9     7.843999999995491E-9
-1.8478332643469042E-4    0.005138879726829254     7.843999999995491E-9     7.843999999995491E-9
-2.2708138599283225E-4    0.004965700949042988     7.843999999995491E-9     7.843999999995491E-9
-2.2718542520453765E-4    0.005034364629549343     7.843999999995491E-9     7.843999999995491E-9
-2.1470138529661322E-4    0.004920756625011941     7.843999999995491E-9     7.843999999995491E-9
-2.108427162178336E-4     0.004909676018048801     7.843999999995491E-9     7.843999999995491E-9
-1.9076405441546167E-4    0.004874562687934753     7.843999999995491E-9     7.843999999995491E-9
9.024225149285347E-7      0.005231346206596306     7.843999999995491E-9     7.843999999995491E-9
-6.24885158998695E-5      0.005221208751981486     7.843999999995491E-9     7.843999999995491E-9
-1.2501878189096055E-4    0.0051936947878041175    7.843999999995491E-9     7.843999999995491E-9
-1.6634911318016534E-4    0.004842231971159026     7.843999999995491E-9     7.843999999995491E-9
-1.566870168266569E-4     0.004833602148568636     7.843999999995491E-9     7.843999999995491E-9
-8.935362370175025E-5     0.0047881683591010265    7.843999999995491E-9     7.843999999995491E-9
-5.182708261656754E-5     0.004774554000907396     7.843999999995491E-9     7.843999999995491E-9
-9.264900235028316E-5     0.004789782737419543     7.843999999995491E-9     7.843999999995491E-9
-1.3011991808100393E-4    0.0048100884380263016    7.843999999995491E-9     7.843999999995491E-9
1.3614095359693131E-5     0.004769564589370173     7.843999999995491E-9     7.843999999995491E-9
-1.9602198759969325E-5    0.004770223395339465     7.843999999995491E-9     7.843999999995491E-9
-3.937095899617481E-5     0.0047727615375715935    7.843999999995491E-9     7.843999999995491E-9
1.3345312926815365E-4     0.005186502582810271     7.843999999995491E-9     7.843999999995491E-9
1.8696787933207727E-4     0.005137687876181607     7.843999999995491E-9     7.843999999995491E-9
5.506758209465934E-5      0.005222288493234434     7.843999999995491E-9     7.843999999995491E-9
8.0217305795857E-5        0.004783881877242162     7.843999999995491E-9     7.843999999995491E-9
8.238958056021325E-5      0.004784520697985521     7.843999999995491E-9     7.843999999995491E-9
1.2814583911507238E-4     0.004809657276630474     7.843999999995491E-9     7.843999999995491E-9
1.725761512990704E-4      0.004846376529625459     7.843999999995491E-9     7.843999999995491E-9
2.219091807714372E-4      0.005051768379194528     7.843999999995491E-9     7.843999999995491E-9
2.183562988464617E-4      0.005070255511695664     7.843999999995491E-9     7.843999999995491E-9
2.1978681157074791E-4     0.0049455420594028245    7.843999999995491E-9     7.843999999995491E-9
1.9106309161877097E-4     0.004867120127203016     7.843999999995491E-9     7.843999999995491E-9
-2.271517200363426E-4     -0.005035785705619758    7.843999999995491E-9     7.843999999995491E-9
-1.711352584941934E-4     -0.004845582435724091    7.843999999995491E-9     7.843999999995491E-9
-2.239064121991231E-4     -0.004948780395995734    7.843999999995491E-9     7.843999999995491E-9
1.5246129792008102E-4     -0.00482770182395028     7.843999999995491E-9     7.843999999995491E-9
7.599749773408829E-5      -0.0047835991086851      7.843999999995491E-9     7.843999999995491E-9
-4.596621669070997E-5     -0.004775215210401555    7.843999999995491E-9     7.843999999995491E-9
-1.1929010935126032E-4    -0.004804156944413889    7.843999999995491E-9     7.843999999995491E-9
2.1277959077813053E-4     -0.0049139351571408215   7.843999999995491E-9     7.843999999995491E-9
1.9931710759110092E-4     -0.005112080423153043    7.843999999995491E-9     7.843999999995491E-9
2.2775000522564328E-4     -0.005012323431853588    7.843999999995491E-9     7.843999999995491E-9
-1.680973712560623E-4     -0.005157266713477586    7.843999999995491E-9     7.843999999995491E-9
-2.0367249233611858E-4    -0.00510297763529448     7.843999999995491E-9     7.843999999995491E-9
1.4478179293757202E-4     -0.0051776262395490345   7.843999999995491E-9     7.843999999995491E-9
8.552223873313729E-5      -0.005213558936991043    7.843999999995491E-9     7.843999999995491E-9
-6.032149262318688E-5     -0.005219902408499079    7.843999999995491E-9     7.843999999995491E-9
-1.247291854100968E-4     -0.005192918887077208    7.843999999995491E-9     7.843999999995491E-9
-9.287957772366128E-6     -0.005229304080957925    7.843999999995491E-9     7.843999999995491E-9
-2.0840318144087322E-4    0.0050976016475211185    7.843999999995491E-9     7.843999999995491E-9
-2.273104423581638E-4     0.005032118431299255     7.843999999995491E-9     7.843999999995491E-9
-2.2535873061016988E-4    0.004956872736906013     7.843999999995491E-9     7.843999999995491E-9
-2.0272270630563688E-4    0.0048954176430365546    7.843999999995491E-9     7.843999999995491E-9
-1.6852316426712525E-4    0.004844783885749784     7.843999999995491E-9     7.843999999995491E-9
-4.802594026961879E-5     0.005224448128106412     7.843999999995491E-9     7.843999999995491E-9
-1.2248474374529676E-4    0.005195129197586676     7.843999999995491E-9     7.843999999995491E-9
-1.7500650412764158E-4    0.005153017067989316     7.843999999995491E-9     7.843999999995491E-9
-6.9895508233081E-5       0.004780995567147207     7.843999999995491E-9     7.843999999995491E-9
-1.2546576050002955E-4    0.00480702112291385      7.843999999995491E-9     7.843999999995491E-9
2.2703461011120415E-5     0.004770125143754736     7.843999999995491E-9     7.843999999995491E-9
-1.4852562015486303E-5    0.004769986692590314     7.843999999995491E-9     7.843999999995491E-9
1.5050274031908127E-4     0.005173942822603326     7.843999999995491E-9     7.843999999995491E-9
7.502070047740721E-5      0.005216411321042162     7.843999999995491E-9     7.843999999995491E-9
2.1076007335292909E-4     0.0050879643437771165    7.843999999995491E-9     7.843999999995491E-9
8.38358367907878E-5       0.004785143267153812     7.843999999995491E-9     7.843999999995491E-9
1.4512533901713312E-4     0.004821799413876178     7.843999999995491E-9     7.843999999995491E-9
2.2602139595026246E-4     0.004989475867486919     7.843999999995491E-9     7.843999999995491E-9
2.0394870005919157E-4     0.004895070199972725     7.843999999995491E-9     7.843999999995491E-9
-1.8456976382334338E-4    -0.005040042140793908    8.31899999999549E-9      8.31899999999549E-9
-1.791389083435664E-4     -0.004943372294298172    8.31899999999549E-9      8.31899999999549E-9
-1.6791664840418508E-4    -0.004912624433753398    8.31899999999549E-9      8.31899999999549E-9
-1.36186309797815E-4      -0.0048658952716673755   8.31899999999549E-9      8.31899999999549E-9
-1.8695971123092035E-4    -0.004970671480763313    8.31899999999549E-9      8.31899999999549E-9
1.3730114392588623E-4     -0.004869389338704518    8.31899999999549E-9      8.31899999999549E-9
4.458369760525557E-6      -0.004807291582305731    8.31899999999549E-9      8.31899999999549E-9
7.930002435966899E-5      -0.004829063132832037    8.31899999999549E-9      8.31899999999549E-9
9.15582550206474E-5       -0.004835444762086191    8.31899999999549E-9      8.31899999999549E-9
-4.2591745542870955E-6    -0.00480877549954778     8.31899999999549E-9      8.31899999999549E-9
-6.22407294618089E-5      -0.004821950077977399    8.31899999999549E-9      8.31899999999549E-9
-1.2736297948709606E-4    -0.004858316168499428    8.31899999999549E-9      8.31899999999549E-9
1.8615098793637615E-4     -0.00502559086516384     8.31899999999549E-9      8.31899999999549E-9
1.564976862675323E-4      -0.005107680335943441    8.31899999999549E-9      8.31899999999549E-9
1.5196983918112268E-4     -0.004880834010533708    8.31899999999549E-9      8.31899999999549E-9
1.8102892207305638E-4     -0.004950416637418844    8.31899999999549E-9      8.31899999999549E-9
-1.7928534658677388E-4    -0.005059383122898983    8.31899999999549E-9      8.31899999999549E-9
-1.603491242153636E-4     -0.005097838662024375    8.31899999999549E-9      8.31899999999549E-9
-1.5097625332885864E-4    -0.005109499501899022    8.31899999999549E-9      8.31899999999549E-9
-1.3029276840266656E-4    -0.005134688428728147    8.31899999999549E-9      8.31899999999549E-9
-8.844553203367098E-5     -0.005165122914090283    8.31899999999549E-9      8.31899999999549E-9
5.675096516337625E-5      -0.005179099690001206    8.31899999999549E-9      8.31899999999549E-9
6.701388250498764E-5      -0.0051760933761730256   8.31899999999549E-9      8.31899999999549E-9
1.1791832497791402E-4     -0.005147321090917107    8.31899999999549E-9      8.31899999999549E-9
-4.415599406843805E-5     -0.0051816292067568045   8.31899999999549E-9      8.31899999999549E-9
-5.862967869259828E-6     -0.0051887923807866524   8.31899999999549E-9      8.31899999999549E-9
-3.9304249672709734E-5    -0.0051831817739617985   8.31899999999549E-9      8.31899999999549E-9
-1.8343343216783455E-4    0.004953159427980212     8.31899999999549E-9      8.31899999999549E-9
-1.8686127355309565E-4    0.005022778148329564     8.31899999999549E-9      8.31899999999549E-9
-1.7621029818510123E-4    0.005064948901795692     8.31899999999549E-9      8.31899999999549E-9
-1.781032318511121E-4     0.004935088124468566     8.31899999999549E-9      8.31899999999549E-9
-4.51889121526474E-6      0.005190606324846123     8.31899999999549E-9      8.31899999999549E-9
-6.035332186113839E-5     0.005178100342080181     8.31899999999549E-9      8.31899999999549E-9
-1.2262326854440986E-4    0.005145330672227752     8.31899999999549E-9      8.31899999999549E-9
-1.7000097913947302E-4    0.005083899887233969     8.31899999999549E-9      8.31899999999549E-9
-1.3898938243730644E-4    0.005132012678016288     8.31899999999549E-9      8.31899999999549E-9
-1.5740408072388847E-4    0.004898450868538767     8.31899999999549E-9      8.31899999999549E-9
-1.4126327156269072E-4    0.00487919000170698      8.31899999999549E-9      8.31899999999549E-9
-1.274424700987566E-4     0.004862967059604405     8.31899999999549E-9      8.31899999999549E-9
-8.71654241421725E-5      0.0048329808070514185    8.31899999999549E-9      8.31899999999549E-9
-4.4674691662863315E-5    0.0048153503910751995    8.31899999999549E-9      8.31899999999549E-9
-8.725060785606693E-6     0.004810508101214044     8.31899999999549E-9      8.31899999999549E-9
-4.115097888215774E-5     0.00481409415382638      8.31899999999549E-9      8.31899999999549E-9
1.409948248395545E-4      0.005126046586456308     8.31899999999549E-9      8.31899999999549E-9
2.861441379027872E-6      0.005191794677945461     8.31899999999549E-9      8.31899999999549E-9
7.731310856863537E-5      0.005170128844665231     8.31899999999549E-9      8.31899999999549E-9
8.989937053842195E-5      0.005163686545031917     8.31899999999549E-9      8.31899999999549E-9
1.8452863117010283E-4     0.004974876264271273     8.31899999999549E-9      8.31899999999549E-9
1.5831319349629756E-4     0.004890002526955849     8.31899999999549E-9      8.31899999999549E-9
1.506523581352447E-4      0.005118663655821908     8.31899999999549E-9      8.31899999999549E-9
1.7797394303152486E-4     0.0050499068405642535    8.31899999999549E-9      8.31899999999549E-9
5.2383433241771075E-5     0.004819502223582096     8.31899999999549E-9      8.31899999999549E-9
6.310173844468786E-5      0.0048221048898652325    8.31899999999549E-9      8.31899999999549E-9
1.1637212794362946E-4     0.004849790573100891     8.31899999999549E-9      8.31899999999549E-9
-1.4998590307838044E-4    -0.0048837999962994165   8.31899999999549E-9      8.31899999999549E-9
-1.8737840512131717E-4    -0.004990114957981228    8.31899999999549E-9      8.31899999999549E-9
1.7295367843808005E-5     -0.004810773370132125    8.31899999999549E-9      8.31899999999549E-9
-7.707201582847848E-5     -0.004828694712774726    8.31899999999549E-9      8.31899999999549E-9
1.8527036835752134E-4     -0.00503323476918865     8.31899999999549E-9      8.31899999999549E-9
1.546747946420344E-4      -0.004886383237250502    8.31899999999549E-9      8.31899999999549E-9
-1.6485266129515638E-4    -0.005089407873679339    8.31899999999549E-9      8.31899999999549E-9
-1.2033278833693874E-4    -0.005143317241756253    8.31899999999549E-9      8.31899999999549E-9
7.62610003855672E-5       -0.005170877589355314    8.31899999999549E-9      8.31899999999549E-9
1.4100091374913523E-4     -0.005126035156492617    8.31899999999549E-9      8.31899999999549E-9
7.45093502667164E-6       -0.0051894901065780655   8.31899999999549E-9      8.31899999999549E-9
-7.738085451374608E-5     -0.005170436287453537    8.31899999999549E-9      8.31899999999549E-9
-3.4795930528011586E-5    -0.005184007666161723    8.31899999999549E-9      8.31899999999549E-9
-1.8678067186247898E-4    0.004999265321303075     8.31899999999549E-9      8.31899999999549E-9
-1.6469823455850515E-4    0.004910355634039054     8.31899999999549E-9      8.31899999999549E-9
-7.922107678147974E-5     0.005169898782441786     8.31899999999549E-9      8.31899999999549E-9
-1.619249094508192E-4     0.005098847774339756     8.31899999999549E-9      8.31899999999549E-9
-1.211580437012702E-4     0.004857354045315535     8.31899999999549E-9      8.31899999999549E-9
-7.847625925116336E-5     0.004828453903755815     8.31899999999549E-9      8.31899999999549E-9
1.4370369574704252E-6     0.004810262134518834     8.31899999999549E-9      8.31899999999549E-9
-3.79810279073245E-5      0.004813637990972524     8.31899999999549E-9      8.31899999999549E-9
1.6286254282778417E-5     0.0051881042470114       8.31899999999549E-9      8.31899999999549E-9
1.84182174370735E-4       0.004970089600525007     8.31899999999549E-9      8.31899999999549E-9
1.5223432807153433E-4     0.0051152940356881844    8.31899999999549E-9      8.31899999999549E-9
7.648189981496049E-5      0.004828962183812325     8.31899999999549E-9      8.31899999999549E-9
1.4783633712861177E-4     0.004877466812468744     8.31899999999549E-9      8.31899999999549E-9
-1.3878507528190372E-4    -0.004994727421784202    8.79299999999549E-9      8.792999999995488E-9
-1.2607532179882933E-4    -0.004936943219716538    8.79299999999549E-9      8.792999999995488E-9
-1.1803495788639793E-4    -0.004924017991986735    8.79299999999549E-9      8.792999999995488E-9
3.5233383552575246E-5     -0.004865483404493409    8.79299999999549E-9      8.792999999995488E-9
1.0570546179336217E-4     -0.004905507286341027    8.79299999999549E-9      8.792999999995488E-9
8.151880887081486E-6      -0.004858138069884069    8.79299999999549E-9      8.792999999995488E-9
-5.844426115755645E-5     -0.004874213919037957    8.79299999999549E-9      8.792999999995488E-9
1.386348456778454E-4      -0.004973887934430979    8.79299999999549E-9      8.792999999995488E-9
1.2465805682608538E-4     -0.005073035222150024    8.79299999999549E-9      8.792999999995488E-9
1.385781657712879E-4      -0.004973056069258251    8.79299999999549E-9      8.792999999995488E-9
-1.2281528967555543E-4    -0.005070689701666488    8.79299999999549E-9      8.792999999995488E-9
-1.200309821335593E-4     -0.005075902028590449    8.79299999999549E-9      8.792999999995488E-9
-8.60544987814685E-5      -0.0051106188993717975   8.79299999999549E-9      8.792999999995488E-9
-3.7537957820248865E-5    -0.005137424693466316    8.79299999999549E-9      8.792999999995488E-9
3.335024007411828E-5      -0.005136428877360835    8.79299999999549E-9      8.792999999995488E-9
4.34720855729427E-5       -0.005134288446824186    8.79299999999549E-9      8.792999999995488E-9
8.858189408946426E-5      -0.005107547025499977    8.79299999999549E-9      8.792999999995488E-9
1.1674469078573457E-4     -0.0050824080391955176   8.79299999999549E-9      8.792999999995488E-9
-2.8065426572790542E-5    -0.005140479668029906    8.79299999999549E-9      8.792999999995488E-9
5.367933278001718E-6      0.005141189965570241     8.79299999999549E-9      8.792999999995488E-9
-5.782485268982268E-5     0.005127051920492853     8.79299999999549E-9      8.792999999995488E-9
-1.371086057886986E-4     0.004998519712362574     8.79299999999549E-9      8.792999999995488E-9
-1.2623870060755402E-4    0.005058378692833825     8.79299999999549E-9      8.792999999995488E-9
-1.1624841520034806E-4    0.00507686957567394      8.79299999999549E-9      8.792999999995488E-9
-1.1788164539732133E-4    0.004919926317530822     8.79299999999549E-9      8.792999999995488E-9
-1.1769126690348462E-4    0.004919615601390634     8.79299999999549E-9      8.792999999995488E-9
-8.351344561802666E-5     0.0048863787994972855    8.79299999999549E-9      8.792999999995488E-9
-3.7298477007372886E-5    0.004859557131232806     8.79299999999549E-9      8.792999999995488E-9
-2.9651243233908236E-5    0.004856684720326231     8.79299999999549E-9      8.792999999995488E-9
3.2642854486462324E-5     0.005133692191584605     8.79299999999549E-9      8.792999999995488E-9
1.0318060579271411E-4     0.0050937951409923835    8.79299999999549E-9      8.792999999995488E-9
1.3437280789084315E-4     0.005027355273967134     8.79299999999549E-9      8.792999999995488E-9
1.3445786745411387E-4     0.005027110543452423     8.79299999999549E-9      8.792999999995488E-9
1.2821886106768619E-4     0.004940772703252199     8.79299999999549E-9      8.792999999995488E-9
1.235638637893279E-4      0.0049263614239170896    8.79299999999549E-9      8.792999999995488E-9
3.079519227312925E-5      0.004861824636836209     8.79299999999549E-9      8.792999999995488E-9
4.1057301884665185E-5     0.004863710255411281     8.79299999999549E-9      8.792999999995488E-9
8.77040013903651E-5       0.004890688961183276     8.79299999999549E-9      8.792999999995488E-9
1.1118652659609338E-4     0.004911551755852575     8.79299999999549E-9      8.792999999995488E-9
-1.372323502478549E-4     -0.0050327260814896175   8.79299999999549E-9      8.792999999995488E-9
-1.315832721755049E-4     -0.004952034448309029    8.79299999999549E-9      8.792999999995488E-9
-8.947869797844083E-5     -0.0048930424131860524   8.79299999999549E-9      8.792999999995488E-9
8.360014588155942E-5      -0.0048882604840938485   8.79299999999549E-9      8.792999999995488E-9
-1.8583591162878904E-5    -0.004862689033609235    8.79299999999549E-9      8.792999999995488E-9
1.282973256782091E-4      -0.005063619088074582    8.79299999999549E-9      8.792999999995488E-9
1.3828653549552523E-4     -0.004972347486581857    8.79299999999549E-9      8.792999999995488E-9
-1.1727333644178008E-4    -0.0050793328306608316   8.79299999999549E-9      8.792999999995488E-9
-7.21285711619475E-5      -0.005120173397996066    8.79299999999549E-9      8.792999999995488E-9
5.4841319323421775E-5     -0.005128551309584418    8.79299999999549E-9      8.792999999995488E-9
-1.9224162669508225E-5    -0.005142121140743335    8.79299999999549E-9      8.792999999995488E-9
-2.234207588903846E-5     0.005136728205228737     8.79299999999549E-9      8.792999999995488E-9
-9.483900542458846E-5     0.005106265153152852     8.79299999999549E-9      8.792999999995488E-9
-1.3488426725883354E-4    0.004962843390757551     8.79299999999549E-9      8.792999999995488E-9
-1.3226154853743412E-4    0.005039996821556574     8.79299999999549E-9      8.792999999995488E-9
-1.1753694597207576E-4    0.004919431449847825     8.79299999999549E-9      8.792999999995488E-9
-7.326364366197945E-5     0.004878997778267114     8.79299999999549E-9      8.792999999995488E-9
-2.2710123019984086E-5    0.004855836055858371     8.79299999999549E-9      8.792999999995488E-9
8.022475478240381E-5      0.005111344286356279     8.79299999999549E-9      8.792999999995488E-9
1.3442354459097973E-4     0.005026496908209911     8.79299999999549E-9      8.792999999995488E-9
5.608493334640798E-5      0.004870837187691092     8.79299999999549E-9      8.792999999995488E-9
-6.53054228442817E-5      -0.004972263566502295    9.267999999995491E-9     9.267999999995491E-9
-4.9658406774482944E-5    -0.0049502545351140705   9.267999999995491E-9     9.267999999995491E-9
4.396392513284531E-5      -0.004938434692885907    9.267999999995491E-9     9.267999999995491E-9
1.2930161245766383E-5     -0.004923917964563914    9.267999999995491E-9     9.267999999995491E-9
7.446821215569085E-5      -0.005007246577309279    9.267999999995491E-9     9.267999999995491E-9
7.341388515366026E-5      -0.0050172757742548936   9.267999999995491E-9     9.267999999995491E-9
-1.3670721305030481E-5    -0.005079174972942084    9.267999999995491E-9     9.267999999995491E-9
-6.146026112369982E-6     -0.0050782390907683946   9.267999999995491E-9     9.267999999995491E-9
4.2827883989724345E-5     -0.005057761493626065    9.267999999995491E-9     9.267999999995491E-9
6.159519917146026E-5      -0.005036974042928256    9.267999999995491E-9     9.267999999995491E-9
-2.0234065232834613E-5    -0.0050761420734031825   9.267999999995491E-9     9.267999999995491E-9
-6.162291621579174E-5     -0.00504557208757162     9.267999999995491E-9     9.267999999995491E-9
-6.540654250691965E-5     -0.005038814058937366    9.267999999995491E-9     9.267999999995491E-9
8.498714799168319E-6      0.005077981184224031     9.267999999995491E-9     9.267999999995491E-9
-6.385482610825604E-5     0.00502199779490207      9.267999999995491E-9     9.267999999995491E-9
-5.14291543173956E-5      0.005046901905660301     9.267999999995491E-9     9.267999999995491E-9
-1.7503368506559084E-5    0.004923424769157154     9.267999999995491E-9     9.267999999995491E-9
-3.3916511133380784E-5    0.004936458736156945     9.267999999995491E-9     9.267999999995491E-9
-5.4445955269294864E-5    0.004955462606117106     9.267999999995491E-9     9.267999999995491E-9
-6.779653417295591E-5     0.005000874386586916     9.267999999995491E-9     9.267999999995491E-9
4.263321312222011E-5      0.005062076831509077     9.267999999995491E-9     9.267999999995491E-9
7.174370416380858E-5      0.004994257151217124     9.267999999995491E-9     9.267999999995491E-9
7.102108601471762E-5      0.0049813379503500935    9.267999999995491E-9     9.267999999995491E-9
-1.5453380995672852E-5    0.004922373868332169     9.267999999995491E-9     9.267999999995491E-9
-1.2847068697354086E-5    0.00492270416248466      9.267999999995491E-9     9.267999999995491E-9
3.737365473421543E-5      0.004943350578069872     9.267999999995491E-9     9.267999999995491E-9
5.703445506535473E-5      0.004960924321535186     9.267999999995491E-9     9.267999999995491E-9
-7.337778968810966E-5     -0.004999653677765408    9.267999999995491E-9     9.267999999995491E-9
-2.2704170076653348E-5    -0.004931852737417633    9.267999999995491E-9     9.267999999995491E-9
7.044411313415105E-5      -0.0049958740687607245   9.267999999995491E-9     9.267999999995491E-9
1.7551343562725024E-5     -0.005071011921031675    9.267999999995491E-9     9.267999999995491E-9
-5.891834204446283E-5     -0.005048699363567759    9.267999999995491E-9     9.267999999995491E-9
-3.2502430653325346E-5    0.005069911839377926     9.267999999995491E-9     9.267999999995491E-9
-5.780862816815951E-5     0.004962655049719767     9.267999999995491E-9     9.267999999995491E-9
6.680155644892578E-5      0.0050084765324076115    9.267999999995491E-9     9.267999999995491E-9
-2.522971408769193E-6     0.0049257800595182396    9.267999999995491E-9     9.267999999995491E-9
