% Model:              pcal_mirror_deformation_2d.mph
% Version:            COMSOL 5.6.0.401
% Date:               Apr 16 2026, 13:58
% Dimension:          1
% Nodes:              2251
% Expressions:        3
% Description:        Line graph
% R                       Height                   Height                   Height
0                         1.129270286875096E-8     5.62355040443562E-9      3.737293769993835E-9
3.33333333333334E-5       1.1230222627269005E-8    5.616543064138703E-9     3.735304263367544E-9
6.66666666666668E-5       1.1084756476714143E-8    5.598187159976943E-9     3.729864363196407E-9
1.0000000000000021E-4     1.0856162631812801E-8    5.5684769583744514E-9    3.7209732362108504E-9
1.3333333333333364E-4     1.0532570994281361E-8    5.5259934373151106E-9    3.7083082406699377E-9
1.66666666666667E-4       1.015208360900754E-8     5.473093845468056E-9     3.6923182864165754E-9
2.0000000000000042E-4     9.714503214211E-9        5.409771150133458E-9     3.673002384284942E-9
2.3333333333333385E-4     9.227276189341297E-9     5.3350112905943E-9       3.6500435914705964E-9
2.666666666666672E-4      8.72288067281209E-9      5.251866316488243E-9     3.6240760151819225E-9
3.000000000000006E-4      8.201017079782474E-9     5.160324475477633E-9     3.5950979397485553E-9
3.33333333333334E-4       7.67788989492446E-9      5.059702265243806E-9     3.5627868508561523E-9
3.6666666666666743E-4     7.168894269715086E-9     4.953038502724885E-9     3.5278315606235624E-9
4.0000000000000083E-4     6.673659882421836E-9     4.8403158668648714E-9    3.4902294603218737E-9
4.3333333333333424E-4     6.208972003010252E-9     4.721573438854271E-9     3.4497729208334754E-9
4.666666666666676E-4      5.773708782441879E-9     4.599313132332662E-9     3.4071108449310944E-9
5.000000000000011E-4      5.367538417358475E-9     4.473512479559324E-9     3.362239752748169E-9
5.333333333333344E-4      5.0016146462111855E-9    4.344814935606266E-9     3.3150739115249853E-9
5.666666666666678E-4      4.666523733767194E-9     4.215006727248219E-9     3.2661847460866543E-9
6.000000000000011E-4      4.362050481995268E-9     4.084061667245295E-9     3.2155681349720255E-9
6.333333333333346E-4      4.093246127115905E-9     3.953110080085546E-9     3.163266324155133E-9
6.666666666666679E-4      3.848890390513275E-9     3.823091260012878E-9     3.1097605999019634E-9
7.000000000000014E-4      3.628881720086872E-9     3.693978532170603E-9     3.0550464750066334E-9
7.333333333333348E-4      3.4349573104520245E-9    3.5670679380079155E-9    2.9992325915694792E-9
7.666666666666681E-4      3.25834979677279E-9      3.442639260892134E-9     2.94272230076048E-9
8.000000000000016E-4      3.0990231757795384E-9    3.32066628095068E-9      2.8855106422337957E-9
8.33333333333335E-4       2.956918679574344E-9     3.2024118966183546E-9    2.827765661528613E-9
8.666666666666684E-4      2.826500650210647E-9     3.087636384049825E-9     2.769796000475779E-9
9.000000000000017E-4      2.7077579391444054E-9    2.9763155644366022E-9    2.711596313151454E-9
9.333333333333352E-4      2.600063337347667E-9     2.869556184965724E-9     2.6533807350684565E-9
9.666666666666684E-4      2.500279146158347E-9     2.766758810949735E-9     2.5953571281833313E-9
0.0010000000000000018     2.408401746146061E-9     2.6679026820018877E-9    2.5375199027320983E-9
0.0010333333333333353     2.3238043948860273E-9    2.57389128338199E-9      2.4801182660903795E-9
0.0010666666666666687     2.244723580898184E-9     2.483893680484068E-9     2.423256114258623E-9
0.001100000000000002      2.1711579016657183E-9    2.397893575152404E-9     2.366927864977522E-9
0.0011333333333333354     2.1026476780930447E-9    2.3165736811209053E-9    2.3113945997153118E-9
0.0011666666666666687     2.038152245062629E-9     2.2390397651187205E-9    2.256673907901999E-9
0.001200000000000002      1.9776709761774645E-9    2.1652800891314566E-9    2.2027603750419257E-9
0.0012333333333333354     1.920873376806188E-9     2.095763695154328E-9     2.1499116887014827E-9
0.0012666666666666685     1.8671077085706676E-9    2.0296435200350514E-9    2.098075709550002E-9
0.001300000000000002      1.8163736558680885E-9    1.966911712942822E-9     2.0472473204572617E-9
0.0013333333333333352     1.7684286131151482E-9    1.9078551313785086E-9    1.9976691847052795E-9
0.0013666666666666686     1.722836731118168E-9     1.8517258306329357E-9    1.9492308414555876E-9
0.001400000000000002      1.6795978294282403E-9    1.7985188992652163E-9    1.9019276393549626E-9
0.0014333333333333353     1.6385357208993165E-9    1.7483862827882097E-9    1.8559759653371904E-9
0.0014666666666666684     1.5993417204117645E-9    1.7007136546789235E-9    1.8112290549873538E-9
0.0015000000000000018     1.5620157189767473E-9    1.6554981238758828E-9    1.7676828267981789E-9
0.0015333333333333351     1.5264253691675301E-9    1.6127975142409984E-9    1.725522208284897E-9
0.0015666666666666682     1.4923463600182811E-9    1.572129957500633E-9     1.6845791971322992E-9
0.0016000000000000016     1.4597786218863899E-9    1.533493814521372E-9     1.6448503206322352E-9
0.001633333333333335      1.4286192924349117E-9    1.4968894912998796E-9    1.6064901020888733E-9
0.0016666666666666683     1.398700200513569E-9     1.4619466633391537E-9    1.569315403283519E-9
0.0017000000000000014     1.3700212976584816E-9    1.4286644114023204E-9    1.533323383565351E-9
0.001733333333333335      1.3425038847598164E-9    1.3970161017716157E-9    1.4986386920223173E-9
0.0017666666666666681     1.316017592524577E-9     1.3667247899836146E-9    1.465079078816936E-9
0.0018000000000000015     1.290562387025286E-9     1.337789966771458E-9     1.4326423089980761E-9
0.0018333333333333348     1.2660760545548138E-9    1.3101710517537767E-9    1.4014232104179487E-9
0.001866666666666668      1.2424575563778974E-9    1.2836653579659347E-9    1.3712499275652006E-9
0.0019000000000000013     1.219706868260214E-9     1.2582725988830982E-9    1.342120753704757E-9
0.0019333333333333346     1.1977728778155908E-9    1.2339471458932002E-9    1.3141039054128053E-9
0.001966666666666668      1.1765758613192303E-9    1.2105403304138834E-9    1.2870401476869796E-9
0.0020000000000000013     1.1561158004172132E-9    1.1880519835348093E-9    1.2609282155150483E-9
0.0020333333333333345     1.1363517830077513E-9    1.16643998613039E-9      1.2358152723189812E-9
0.0020666666666666676     1.1172189878582253E-9    1.1455936484089596E-9    1.2115594019523188E-9
0.002100000000000001      1.0987174010616157E-9    1.125512867576788E-9     1.1881596960817123E-9
0.0021333333333333347     1.0808137726377863E-9    1.1061604663351344E-9    1.1656457101764057E-9
0.002166666666666668      1.0634553504674209E-9    1.0874532733027782E-9    1.1438941298937934E-9
0.002200000000000001      1.0466421237676953E-9    1.0693912228811255E-9    1.1229043163502865E-9
0.0022333333333333346     1.0303467222037966E-9    1.0519425418978509E-9    1.1026927609758303E-9
0.0022666666666666677     1.014525357666604E-9     1.035043002301488E-9     1.0831529175120933E-9
0.0023000000000000013     9.991780214186697E-10    1.0186925595790295E-9    1.0642843429223907E-9
0.0023333333333333344     9.842825191604043E-10    1.0028653312607374E-9    1.0460951730860638E-9
0.002366666666666668      9.69801820472537E-10     9.8751023320011E-10      1.028494834459099E-9
0.002400000000000001      9.557359182770796E-10    9.726272342168301E-10    1.0114830252154498E-9
0.0024333333333333347     9.420662636724686E-10    9.581946904647212E-10    9.950610160335683E-10
0.002466666666666668      9.287618684864396E-10    9.441718471524115E-10    9.791536588681399E-10
0.002500000000000001      9.158227269412116E-10    9.305586817411938E-10    9.63760749604125E-10
0.002533333333333334      9.032330012299458E-10    9.173368321176904E-10    9.488788773576442E-10
0.002566666666666667      8.909665604968011E-10    9.044732171036468E-10    9.344460056028E-10
0.0026000000000000007     8.790233998970863E-10    8.919678197510422E-10    9.204619958447695E-10
0.0026333333333333343     8.673901042568599E-10    8.798052741296134E-10    9.069208784819604E-10
0.0026666666666666674     8.560441743537356E-10    8.679579540273895E-10    8.937716594140336E-10
0.002700000000000001      8.449856061350631E-10    8.564258464924735E-10    8.8101424459829E-10
0.002733333333333334      8.342030515169109E-10    8.451960899265101E-10    8.686411212735147E-10
0.0027666666666666673     8.236773106298837E-10    8.342456597086399E-10    8.566110774056817E-10
0.0028000000000000004     8.134083800892739E-10    8.2357454580814E-10      8.449240486293853E-10
0.002833333333333334      8.033861845562803E-10    8.131714187770979E-10    8.33571280192405E-10
0.002866666666666667      7.935944633251255E-10    8.030171553461513E-10    8.225197243310916E-10
0.0029000000000000002     7.840332134781979E-10    7.931117474853419E-10    8.117693359798184E-10
0.002933333333333334      7.746934746428419E-10    7.834452075804131E-10    8.013110851505514E-10
0.002966666666666667      7.655612573511809E-10    7.740013459402032E-10    7.911182403412968E-10
0.003                     7.566365590928905E-10    7.647801560816295E-10    7.811907695619481E-10
0.0030333333333333336     7.479115248897269E-10    7.557729516311532E-10    7.715200180199296E-10
0.0030666666666666668     7.393740872797598E-10    7.469659472390297E-10    7.620842495795061E-10
0.0031                    7.310242440731486E-10    7.383591375788251E-10    7.528834410090483E-10
0.0031333333333333335     7.228550940759653E-10    7.299449467614137E-10    7.439095901467846E-10
0.003166666666666667      7.14856028346015E-10     7.217113921656366E-10    7.351446680339552E-10
0.0032                    7.070270449155405E-10    7.13658469289376E-10     7.265886572612197E-10
0.0032333333333333337     6.993622363149478E-10    7.057797479067884E-10    7.1823459020133E-10
0.0032666666666666664     6.918520971743005E-10    6.980645944058652E-10    7.100672148156201E-10
0.0033                    6.844966257555712E-10    6.905130050025334E-10    7.020865179066836E-10
0.0033333333333333335     6.772906549641908E-10    6.831193897772101E-10    6.942863015337489E-10
0.0033666666666666667     6.70225783402711E-10     6.758744245554577E-10    6.8665372592345E-10
0.0034                    6.633020095295215E-10    6.687781061301253E-10    6.791887808766341E-10
0.0034333333333333334     6.565148068282918E-10    6.61825563632184E-10     6.718859947525602E-10
0.0034666666666666665     6.49856663301603E-10     6.55008521930264E-10     6.647343997645469E-10
0.0034999999999999996     6.433275775778062E-10    6.483269782853973E-10    6.577339878780793E-10
0.003533333333333333      6.369235808468333E-10    6.417766845213367E-10    6.508799642214537E-10
0.0035666666666666663     6.30637923100112E-10     6.35350254519624E-10     6.441628636592784E-10
0.0036                    6.244706031299E-10       6.290476859485191E-10    6.375826797995029E-10
0.0036333333333333335     6.184181000195886E-10    6.22865225280767E-10     6.311351611863704E-10
0.0036666666666666666     6.124744200367706E-10    6.167963527607025E-10    6.24812183167478E-10
0.0036999999999999997     6.066395621069346E-10    6.108410663802376E-10    6.186137405623842E-10
0.0037333333333333333     6.009103376984713E-10    6.049959775125397E-10    6.125359963124309E-10
0.003766666666666666      5.952814135412743E-10    5.992553172125877E-10    6.065719302160382E-10
0.0037999999999999996     5.897527886530877E-10    5.936190837088241E-10    6.007215379634035E-10
0.003833333333333333      5.843215718407779E-10    5.880842151698893E-10    5.949813707737763E-10
0.0038666666666666663     5.789829915761003E-10    5.826455755336918E-10    5.893453007696669E-10
0.0038999999999999994     5.737370469707384E-10    5.773031632447303E-10    5.838133243496456E-10
0.003933333333333332      5.685811064749793E-10    5.720541996547944E-10    5.783823264336076E-10
0.003966666666666665      5.63510937142097E-10     5.668941479046648E-10    5.730469814247833E-10
0.003999999999999998      5.585265381690812E-10    5.618230066253121E-10    5.678072862884896E-10
0.004033333333333332      5.536254834664935E-10    5.568382202935396E-10    5.626603910350843E-10
0.0040666666666666655     5.488039674394914E-10    5.519357267512183E-10    5.576015939949133E-10
0.004099999999999999      5.4406198934378E-10      5.47115524766453E-10     5.526308925543349E-10
0.004133333333333332      5.393973750655601E-10    5.423753313669705E-10    5.477457601820259E-10
0.004166666666666666      5.348066518279002E-10    5.377114531354274E-10    5.429419723960676E-10
0.004199999999999999      5.302898189444294E-10    5.331238889648245E-10    5.382195269364633E-10
0.004233333333333333      5.258448661409369E-10    5.286105322004459E-10    5.335761038066461E-10
0.004266666666666665      5.214687133317795E-10    5.241681177348644E-10    5.290080053887661E-10
0.004299999999999998      5.171613598831506E-10    5.197966445700627E-10    5.245152297157629E-10
0.004333333333333332      5.12920929073647E-10     5.154941496375573E-10    5.200956251963697E-10
0.004366666666666665      5.087446202480031E-10    5.112576729219096E-10    5.157458685952764E-10
0.0043999999999999985     5.046324328138084E-10    5.07087213512708E-10     5.114659581789012E-10
0.004433333333333332      5.005827108682423E-10    5.029810441997323E-10    5.072540137375138E-10
0.004466666666666665      4.965928611253148E-10    4.989364317803021E-10    5.03106990392147E-10
0.004499999999999998      4.926628830448794E-10    4.949533754385976E-10    4.990248866298204E-10
0.004533333333333331      4.887912455993955E-10    4.910302811846305E-10    4.950059747802017E-10
0.004566666666666664      4.849756178150192E-10    4.871646984475136E-10    4.910475430885281E-10
0.004599999999999998      4.812159991971127E-10    4.833566264925614E-10    4.871495902258836E-10
0.004633333333333331      4.77510953252843E-10     4.796045718890316E-10    4.83310503327372E-10
0.0046666666666666645     4.738583629891697E-10    4.759063145655213E-10    4.795278409981152E-10
0.004699999999999998      4.702582279405092E-10    4.722618538443292E-10    4.758016020462094E-10
0.004733333333333331      4.667092498773776E-10    4.686698427343112E-10    4.721303385868039E-10
0.004766666666666664      4.6320945986003227E-10   4.6512822110107165E-10   4.685117976673108E-10
0.004799999999999997      4.5975885745774493E-10   4.6163698832730985E-10   4.6494597822639693E-10
0.00483333333333333       4.5635626056204906E-10   4.5819492015987896E-10   4.614315697369644E-10
0.004866666666666663      4.5299986302439575E-10   4.548001303797109E-10    4.579665189444325E-10
0.004899999999999996      4.4968966444613235E-10   4.5145261842373963E-10   4.545508249010718E-10
0.00493333333333333       4.464245720141844E-10    4.4815125395893706E-10   4.511832812267456E-10
0.004966666666666663      4.432029165602871E-10    4.4489429719766106E-10   4.4786200254307044E-10
0.004999999999999996      4.4002469770570574E-10   4.4168174761431465E-10   4.445869879866299E-10
0.00503333333333333       4.3688894102057685E-10   4.3851259915370073E-10   4.4135716809521514E-10
0.005066666666666662      4.337940710896024E-10    4.3538521270316756E-10   4.3817077390565265E-10
0.005099999999999995      4.3074008755992006E-10   4.322995877794222E-10    4.3502780463904923E-10
0.005133333333333329      4.2772609920632887E-10   4.2925480559809666E-10   4.3192728670000007E-10
0.005166666666666661      4.2475065958019814E-10   4.262493635955953E-10    4.28867604279515E-10
0.0051999999999999946     4.2181376835301237E-10   4.2328326132739064E-10   4.25848756673736E-10
0.0052333333333333286     4.189145859967849E-10    4.203556340252406E-10    4.2286982928381733E-10
0.005266666666666661      4.1605178767200614E-10   4.1746510776408845E-10   4.199293500395483E-10
0.005299999999999994      4.1322537306519524E-10   4.146116821259505E-10    4.170273182925186E-10
0.005333333333333328      4.104345655560937E-10    4.117945581214507E-10    4.141628912590098E-10
0.00536666666666666       4.07678130355346E-10     4.0901245718513226E-10   4.113347035950355E-10
0.005399999999999993      4.0495606716783407E-10   4.062653789280817E-10    4.085427547073877E-10
0.005433333333333327      4.02267649091351E-10     4.035525762855196E-10    4.0578625831225515E-10
0.00546666666666666       3.9961174816154163E-10   4.008728828405773E-10    4.0306397235521637E-10
0.005499999999999993      3.9698836410052354E-10   3.9822629823106065E-10   4.0037589629253886E-10
0.005533333333333327      3.9439680738814755E-10   3.9561211438782157E-10   3.97721286199194E-10
0.005566666666666659      3.9183603721372116E-10   3.9302925644401176E-10   3.950990007064277E-10
0.005599999999999992      3.89306053313933E-10     3.9047772406019955E-10   3.9250903931269546E-10
0.005633333333333326      3.86806216734376E-10     3.8795686179968527E-10   3.8995071492380236E-10
0.005666666666666658      3.843355516294501E-10    3.8546566309331807E-10   3.8742296137919375E-10
0.0056999999999999915     3.818940577515393E-10    3.830041276248646E-10    3.8492577821796603E-10
0.0057333333333333255     3.794811472403452E-10    3.805716529984254E-10    3.8245853527176283E-10
0.005766666666666658      3.770959111870073E-10    3.7816730274300734E-10   3.8002024295311273E-10
0.005799999999999991      3.747383493584958E-10    3.7579107656361076E-10   3.776109008375866E-10
0.005833333333333325      3.724079080263938E-10    3.734424074041142E-10    3.7522991653092565E-10
0.005866666666666657      3.7010374537180376E-10   3.7112042895336337E-10   3.7287637680332993E-10
0.00589999999999999       3.678258611706733E-10    3.6882514093074127E-10   3.7055028125715254E-10
0.005933333333333324      3.65573741686518E-10     3.6655601771652364E-10   3.6825108181059326E-10
0.005966666666666657      3.6334659071731557E-10   3.6431224079713194E-10   3.6597791744327143E-10
0.00599999999999999       3.6114440804987394E-10   3.6209380990789453E-10   3.6373078778492147E-10
0.006033333333333324      3.589667194694449E-10    3.5990024032005345E-10   3.615091883285792E-10
0.006066666666666656      3.568127791806273E-10    3.5773076601324844E-10   3.593123147143929E-10
0.006099999999999989      3.5468258698093197E-10   3.5558538673812973E-10   3.571401665976709E-10
0.006133333333333323      3.5257570045389893E-10   3.534636505470762E-10    3.549922741763032E-10
0.006166666666666655      3.50491418873431E-10     3.513648384001726E-10    3.5286788386182955E-10
0.0061999999999999885     3.4842974204461804E-10   3.49288950059547E-10     3.5076699532965823E-10
0.0062333333333333225     3.4639026503192563E-10   3.472355722533345E-10    3.4868917976917533E-10
0.006266666666666655      3.443723184003608E-10    3.452040186456761E-10    3.4663371910938404E-10
0.006299999999999988      3.4237590196506675E-10   3.4319428901251185E-10   3.446006130476531E-10
0.006333333333333322      3.4040064206835844E-10   3.41206002331378E-10     3.425894668903955E-10
0.006366666666666654      3.384459100237592E-10    3.3923851451723316E-10   3.4059960775792836E-10
0.006399999999999987      3.3651170565561426E-10   3.372918253585949E-10    3.386310353674511E-10
0.006433333333333321      3.3459767708655234E-10   3.3536557621060053E-10   3.3668337855486913E-10
0.0064666666666666536     3.3270323366440744E-10   3.3345916245759536E-10   3.347560066979647E-10
0.006499999999999987      3.308283752197949E-10    3.31572583897205E-10     3.328489195291361E-10
0.006533333333333321      3.289727754337511E-10    3.297055081589308E-10    3.3096177352525475E-10
0.006566666666666653      3.271358741940551E-10    3.2785736233300385E-10   3.2909397203404023E-10
0.006599999999999986      3.2531767133881424E-10   3.260281462272256E-10    3.272455148037427E-10
0.00663333333333332       3.23517858170471E-10     3.2421754559144325E-10   3.25416077381558E-10
0.006666666666666652      3.217359137459437E-10    3.224250279491287E-10    3.2360510597132665E-10
0.0066999999999999855     3.199718379103991E-10    3.2065059311757333E-10   3.2181260033588496E-10
0.0067333333333333195     3.182253348648948E-10    3.188939400992093E-10    3.200382499533645E-10
0.006766666666666652      3.1649591964990533E-10   3.171545735499465E-10    3.182815403514658E-10
0.006799999999999985      3.1478359211674747E-10   3.154324932953886E-10    3.165424713058432E-10
0.006833333333333319      3.130880688831147E-10    3.137274110997397E-10    3.1482074571443855E-10
0.006866666666666651      3.114088943442012E-10    3.120388619241571E-10    3.1311588121947764E-10
0.006899999999999984      3.09746068358282E-10     3.1036684560324017E-10   3.114278776098044E-10
0.006933333333333317      3.0809932324594577E-10   3.0871109002539E-10      3.097564546984593E-10
0.00696666666666665       3.064682325499464E-10    3.0707116015563884E-10   3.081011617536159E-10
0.006999999999999983      3.0485279613511724E-10   3.0544705583700124E-10   3.0646199857633057E-10
0.007033333333333316      3.03252757667717E-10     3.038385165754116E-10    3.048386971118343E-10
0.007066666666666649      3.0166771569939347E-10   3.0224513311432563E-10   3.032308338574573E-10
0.007099999999999982      3.000976700990429E-10    3.006669053023702E-10    3.0163840862303974E-10
0.007133333333333315      2.9854238239957097E-10   2.9910359093686616E-10   3.000611724381037E-10
0.0071666666666666485     2.970014684900187E-10    2.9755479865935245E-10   2.984987207580453E-10
0.007199999999999982      2.954749282444914E-10    2.9602052832516115E-10   2.9695105340243764E-10
0.007233333333333315      2.9396253667471887E-10   2.9450055153500013E-10   2.95417935807008E-10
0.007266666666666648      2.9246393308178635E-10   2.9299450096545717E-10   2.9389898862802907E-10
0.007299999999999981      2.909791173452656E-10    2.9150237647873497E-10   2.9239421169476057E-10
0.007333333333333314      2.895078719414376E-10    2.900239573159194E-10    2.9090337841437853E-10
0.007366666666666647      2.880498598359161E-10    2.885589004381996E-10    2.894261348801056E-10
0.00739999999999998       2.866050809123193E-10    2.8710720571304045E-10   2.8796248092889864E-10
0.0074333333333333135     2.851733254472242E-10    2.856686603659186E-10    2.865121982969976E-10
0.007466666666666647      2.837542773576135E-10    2.84242942854622E-10     2.850749555848802E-10
0.00749999999999998       2.823479365316205E-10    2.828300530522787E-10    2.8365075263744696E-10
0.007533333333333313      2.809540999701722E-10    2.8142978506530907E-10   2.8223937836250765E-10
0.007566666666666646      2.795724736740188E-10    2.8004183995637405E-10   2.8084052492733E-10
0.007599999999999979      2.7820305753554587E-10   2.786662176039096E-10    2.794541921842084E-10
0.007633333333333312      2.768456560282873E-10    2.7730271975061025E-10   2.78080176980665E-10
0.007666666666666645      2.754999922939293E-10    2.7595106502184775E-10   2.7671818982456156E-10
0.007699999999999979      2.741660662281315E-10    2.746112533002602E-10    2.7536823057422395E-10
0.007733333333333313      2.728436932269666E-10    2.732830974722018E-10    2.7403010762666466E-10
0.007766666666666646      2.7153260702992135E-10   2.719663270602929E-10    2.7270354294139077E-10
0.007799999999999979      2.702328075360478E-10    2.706609419514281E-10    2.7138853638267786E-10
0.00783333333333331       2.689441241589378E-10    2.693667693280358E-10    2.7008491114967514E-10
0.007866666666666643      2.676663012211681E-10    2.680835495532554E-10    2.6879240051856335E-10
0.007899999999999976      2.6639933862565574E-10   2.668112825186782E-10    2.6751100435993154E-10
0.00793333333333331       2.651430770675585E-10    2.6554980689478234E-10   2.6624055773619497E-10
0.007966666666666643      2.638972699714029E-10    2.642988723864519E-10    2.6498080370751666E-10
0.007999999999999976      2.6266191724311633E-10   2.6305847888902077E-10   2.637317421496485E-10
0.008033333333333309      2.614368713357127E-10    2.6182847704718E-10      2.6249322049152816E-10
0.008066666666666642      2.602218936603448E-10    2.6060862476616604E-10   2.6126499038730564E-10
0.008099999999999975      2.590169841265449E-10    2.593989219456226E-10    2.600470517184004E-10
0.008133333333333308      2.5782200345933406E-10   2.581992276586052E-10    2.5883926062492267E-10
0.008166666666666642      2.5663672600203666E-10   2.5700931300955304E-10   2.5764138244694806E-10
0.008199999999999975      2.5546115166780965E-10   2.5582917790239637E-10   2.564534170714505E-10
0.008233333333333308      2.5429514435182926E-10   2.546586846384713E-10    2.552752239742385E-10
0.008266666666666641      2.53138491675138E-10     2.534976178754055E-10    2.5410658254781563E-10
0.008299999999999974      2.519911935530486E-10    2.5234597751984063E-10   2.529474926829341E-10
0.008333333333333307      2.5085312123833654E-10   2.512036333547596E-10    2.5179782156146213E-10
0.00836666666666664       2.497240704451788E-10    2.500703783195191E-10    2.5065735720087206E-10
0.008399999999999973      2.486040410915032E-10    2.489462123239118E-10    2.495260994960897E-10
0.008433333333333307      2.4749291127995346E-10   2.478310121201197E-10    2.4840392281291047E-10
0.00846666666666664       2.463904868801241E-10    2.4672458099850294E-10   2.4729062587389075E-10
0.008499999999999973      2.452967678127106E-10    2.456269188721325E-10    2.4618620857820285E-10
0.008533333333333306      2.4421163776121204E-10   2.44537908162449E-10     2.4509055112027867E-10
0.008566666666666639      2.4313491068821217E-10   2.434573604223512E-10    2.440034607919508E-10
0.008599999999999972      2.4206658651653495E-10   2.423852755674907E-10    2.429249374958295E-10
0.008633333333333305      2.4100655639686785E-10   2.4132154360301076E-10   2.4185486921899765E-10
0.008666666666666639      2.3995463984782025E-10   2.4026598176586287E-10   2.407930691694235E-10
0.008699999999999972      2.389108367945242E-10    2.39218589974436E-10     2.3973953725326495E-10
0.008733333333333305      2.3787504421302715E-10   2.3817926415010897E-10   2.3869416753626973E-10
0.008766666666666638      2.3684709062800527E-10   2.371478306982954E-10    2.376567826868069E-10
0.008799999999999971      2.3582697596690503E-10   2.361242895401023E-10    2.3662738261451117E-10
0.008833333333333304      2.3481459999660986E-10   2.351085394274721E-10    2.3560586428751027E-10
0.008866666666666637      2.338098006767921E-10    2.3410041636939206E-10   2.3459206027973675E-10
0.00889999999999997       2.328125779365201E-10    2.330999202889449E-10    2.335859705034657E-10
0.008933333333333304      2.318228362214016E-10    2.3210695468773781E-10   2.325874968034118E-10
0.008966666666666637      2.3084041916532698E-10   2.3112136136180293E-10   2.315964777435224E-10
0.00899999999999997       2.2986532669943108E-10   2.3014314023663616E-10   2.3061291323913343E-10
0.009033333333333303      2.2889746830041795E-10   2.2917219992165418E-10   2.2963671037924956E-10
0.009066666666666636      2.279366948748718E-10    2.282083896060413E-10    2.286677153365876E-10
0.00909999999999997       2.2698300635617543E-10   2.2725170921787453E-10   2.277059280296836E-10
0.009133333333333302      2.2603631491200274E-10   2.2630207009580323E-10   2.267512583454075E-10
0.009166666666666635      2.2509647935733287E-10   2.2535932946762268E-10   2.2580356072725975E-10
0.009199999999999969      2.2416349962733831E-10   2.244234872634971E-10    2.2486283509641648E-10
0.009233333333333302      2.2323729016131552E-10   2.2349445712958537E-10   2.2392899371171758E-10
0.009266666666666635      2.223177161431961E-10    2.2257210277064152E-10   2.2300189768615175E-10
0.009299999999999968      2.2140477751007396E-10   2.2165642411903472E-10   2.2208154694362494E-10
0.009333333333333301      2.2049839250185592E-10   2.207473386760276E-10    2.2116785769468408E-10
0.009366666666666634      2.195984327279796E-10    2.1984471666947495E-10   2.2026069774913158E-10
0.009399999999999967      2.1870489812746404E-10   2.1894855803394021E-10   2.193600670335643E-10
0.0094333333333333        2.1781770995946863E-10   2.180587833271782E-10    2.184658848812374E-10
0.009466666666666634      2.1693674488720935E-10   2.1717526791776737E-10   2.1757802439737104E-10
0.009499999999999967      2.160620028509977E-10    2.1629801174179736E-10   2.1669648551052025E-10
0.0095333333333333        2.151934096481087E-10    2.1542693995059397E-10   2.158211922456795E-10
0.009566666666666633      2.1433084556934737E-10   2.1456193160873358E-10   2.1495202152588908E-10
0.009599999999999966      2.134743105563929E-10    2.1370298665389514E-10   2.1408897328170112E-10
0.0096333333333333        2.1262373292789853E-10   2.1285003279123686E-10   2.132319741495257E-10
0.009666666666666632      2.1177899960783508E-10   2.1200295581271038E-10   2.1238090794627385E-10
0.009699999999999966      2.1094011053919191E-10   2.111617556575128E-10    2.115357746043972E-10
0.009733333333333299      2.1010699511290725E-10   2.1032636111805594E-10   2.1069650187449622E-10
0.009766666666666632      2.0927954644455848E-10   2.0949666426472038E-10   2.0986298000519012E-10
0.009799999999999965      2.0845776447829416E-10   2.086726650380546E-10    2.0903520893063403E-10
0.009833333333333298      2.0764158143329266E-10   2.0785429509536202E-10   2.0821311933104732E-10
0.009866666666666631      2.068308938843225E-10    2.07041450019908E-10     2.0739660506316884E-10
0.009899999999999964      2.0602570177692616E-10   2.062341297538227E-10    2.065856660630785E-10
0.009933333333333298      2.0522594136025125E-10   2.0543227003485125E-10   2.0578023718007524E-10
0.00996666666666663       2.044315121466682E-10    2.0463576942898684E-10   2.0498021533374174E-10
0.009999999999999964      2.03642414083625E-10     2.0384462788045568E-10   2.0418560046259997E-10
0.010033333333333297      2.0285858621310166E-10   2.0305878395518275E-10   2.0339633030622152E-10
0.01006666666666663       2.0207993250265432E-10   2.0227814073149847E-10   2.0261230639734956E-10
0.010099999999999963      2.0130645290133107E-10   2.015026981554028E-10    2.0183352867659446E-10
0.010133333333333296      2.0053808817411092E-10   2.0073239653432401E-10   2.0105993665776675E-10
0.01016666666666663       1.9977474557762518E-10   1.999671422869986E-10    2.0029143530451103E-10
0.010199999999999963      1.9901642506184418E-10   1.9920693536049547E-10   1.9952802455877333E-10
0.010233333333333296      1.9826307201853005E-10   1.9845172073745055E-10   1.987696486942734E-10
0.010266666666666629      1.975145950267538E-10    1.977014061873113E-10    1.9801621407561463E-10
0.010299999999999962      1.9677099403771277E-10   1.9695599165851968E-10   1.9726772064638055E-10
0.010333333333333295      1.96032217023276E-10     1.9621542474258784E-10   1.9652411533951035E-10
0.010366666666666628      1.9529817643598415E-10   1.9547961713042409E-10   1.9578530852537858E-10
0.010399999999999961      1.9456887222823074E-10   1.9474856877180464E-10   1.950513001491521E-10
0.010433333333333294      1.9384425407738028E-10   1.940222289820976E-10    1.9432203889984924E-10
0.010466666666666628      1.9312423805216842E-10   1.9330051311448322E-10   1.9359743889101054E-10
0.01049999999999996       1.9240882410615256E-10   1.9258342112003112E-10   1.9287750006933024E-10
0.010533333333333296      1.91697963371846E-10     1.9187090378663048E-10   1.9216217262683956E-10
0.010566666666666629      1.9099157495370778E-10   1.9116287954268293E-10   1.9145137382163872E-10
0.010599999999999962      1.9028965880659565E-10   1.9045934834068428E-10   1.907451036020744E-10
0.010633333333333297      1.895921680587434E-10    1.8976026298670173E-10   1.9004331421754275E-10
0.010666666666666628      1.8889902524290388E-10   1.8906554537670224E-10   1.8934592646251896E-10
0.010699999999999961      1.8821023031516823E-10   1.8837519546453398E-10   1.8865294028691494E-10
0.010733333333333296      1.8752573760091718E-10   1.8768916726487904E-10   1.8796430916887636E-10
0.010766666666666628      1.8684547266922223E-10   1.870073857482536E-10    1.872799570443321E-10
0.01079999999999996       1.8616943547706115E-10   1.8632985086949713E-10   1.865998838643738E-10
0.010833333333333296      1.854975823091247E-10    1.8565651862159077E-10   1.859240451186116E-10
0.010866666666666627      1.848298410064266E-10    1.8498731627707979E-10   1.85252367097705E-10
0.01089999999999996       1.8416621152694508E-10   1.8432224379190578E-10   1.8458484975402985E-10
0.010933333333333295      1.835066517691368E-10    1.836612587895403E-10    1.8392145023682984E-10
0.010966666666666626      1.8285109270892266E-10   1.8300429171153098E-10   1.832620980653016E-10
0.01099999999999996       1.8219953430529182E-10   1.8235134251492746E-10   1.8260679319310276E-10
0.011033333333333294      1.815519356637574E-10    1.8170237004173908E-10   1.8195549400809508E-10
0.011066666666666626      1.8090823001518362E-10   1.8105730701621809E-10   1.8130813236068725E-10
0.011099999999999959      1.8026841731938775E-10   1.804161533963313E-10    1.8066470820561255E-10
0.011133333333333294      1.7963245882607776E-10   1.7977887018794676E-10   1.8002518212879639E-10
0.011166666666666625      1.7900028924285271E-10   1.7914539161226847E-10   1.7938948751298772E-10
0.011199999999999958      1.7837190853044933E-10   1.785157176282685E-10    1.7875762431407847E-10
0.011233333333333293      1.7774727970347267E-10   1.7788981102358723E-10   1.781295549290625E-10
0.011266666666666625      1.771263399130491E-10    1.7726760848861633E-10   1.7750521525459394E-10
0.011299999999999958      1.765090891208393E-10    1.7664910998333406E-10   1.7688460524771707E-10
0.011333333333333293      1.758954913288265E-10    1.7603427929107388E-10   1.7626768831561308E-10
0.011366666666666624      1.752854861633982E-10    1.7542305560448972E-10   1.7565440290418733E-10
0.011399999999999957      1.7467907358694605E-10   1.7481543888436546E-10   1.750447489714223E-10
0.011433333333333292      1.7407621881938473E-10   1.7421139414270732E-10   1.744386911718831E-10
0.011466666666666623      1.734768632232188E-10    1.736108623292319E-10    1.7383616974502144E-10
0.011499999999999956      1.7288100676164263E-10   1.7301384340559747E-10   1.7323718464982228E-10
0.011533333333333291      1.722886159900348E-10    1.7242030373164204E-10   1.7264170191013574E-10
0.011566666666666623      1.7169963459377746E-10   1.7183018660247507E-10   1.7204966414992315E-10
0.011599999999999956      1.7111406253687744E-10   1.712434919806367E-10    1.7146107132917417E-10
0.01163333333333329       1.7053186708934988E-10   1.7066018694648229E-10   1.708758902025206E-10
0.011666666666666622      1.6995299390673402E-10   1.7008021678614086E-10   1.7029406542116863E-10
0.011699999999999955      1.693774429536714E-10    1.6950358146285013E-10   1.6971559694591675E-10
0.01173333333333329       1.6880518316695837E-10   1.689302497377921E-10    1.6914045323653126E-10
0.011766666666666621      1.6823616144565545E-10   1.6836016815500506E-10   1.6856858022718596E-10
0.011799999999999955      1.6767037775524837E-10   1.6779333667863418E-10   1.6799997787969861E-10
0.01183333333333329       1.671078021165396E-10    1.6722972516381215E-10   1.6743461576498642E-10
0.011866666666666623      1.6654838358000376E-10   1.6666928232526372E-10   1.6687244202132168E-10
0.011899999999999954      1.6599212211195394E-10   1.66112008128022E-10     1.6631345661151707E-10
0.011933333333333289      1.654389882844121E-10    1.6555787298261238E-10   1.6575762966916582E-10
0.011966666666666619      1.64888933041426E-10     1.650068275162643E-10    1.6520491127783537E-10
0.011999999999999952      1.6434195634988645E-10   1.6445887169464208E-10   1.6465530140106384E-10
0.012033333333333285      1.6379803019296516E-10   1.6391397735043555E-10   1.6410877161364775E-10
0.012066666666666618      1.6325710639521041E-10   1.633720960024622E-10    1.6356527291003184E-10
0.012099999999999951      1.6271918492424692E-10   1.6283322761717355E-10   1.630248052546354E-10
0.012133333333333284      1.621842389459721E-10    1.6229734521984732E-10   1.624873414318562E-10
0.012166666666666617      1.6165222199341875E-10   1.6176440205259203E-10   1.6195283418505906E-10
0.01219999999999995       1.6112313403494357E-10   1.6123439808264241E-10   1.6142128347953676E-10
0.012233333333333284      1.6059694886530468E-10   1.6070730696849996E-10   1.6089266274047787E-10
0.012266666666666617      1.600736216446938E-10    1.6018308359500744E-10   1.6036692638090748E-10
0.01229999999999995       1.595531523419862E-10    1.5966172792996358E-10   1.5984407436676258E-10
0.012333333333333283      1.5903551592235873E-10   1.591432148108423E-10    1.5932408131696092E-10
0.012366666666666616      1.5852066856499438E-10   1.5862750015261348E-10   1.588069026939511E-10
0.01239999999999995       1.5800861023938717E-10   1.581145839237396E-10    1.5829253846441258E-10
0.012433333333333282      1.5749931652787458E-10   1.5760444158415218E-10   1.577809638788723E-10
0.012466666666666616      1.5699274554494966E-10   1.5709703099953534E-10   1.5727213637706409E-10
0.012499999999999949      1.5648889726073402E-10   1.5659235213902235E-10   1.5676605592641418E-10
0.012533333333333282      1.559877476401247E-10    1.5609038084823126E-10   1.5626269816856277E-10
0.012566666666666615      1.5548925638217415E-10   1.5559107659075645E-10   1.5576202216419368E-10
0.012599999999999948      1.5499342345760018E-10   1.5509443933636825E-10   1.5526402788144187E-10
0.012633333333333281      1.5450022559065814E-10   1.546004456959224E-10    1.5476869173732452E-10
0.012666666666666614      1.5400962343932724E-10   1.541090561012724E-10    1.5427597377692074E-10
0.012699999999999947      1.53521616974931E-10     1.536202705228334E-10    1.537858739690791E-10
0.01273333333333328       1.530361838438695E-10    1.5313406650006338E-10   1.532983696705283E-10
0.012766666666666614      1.5255328608221506E-10   1.5265040585446517E-10   1.528134223359181E-10
0.012799999999999947      1.5207292366181538E-10   1.5216928855701474E-10   1.5233103193472155E-10
0.01283333333333328       1.5159507462283475E-10   1.5169069254351115E-10   1.518511762244772E-10
0.012866666666666613      1.511197026036245E-10    1.512145812507382E-10    1.5137381829749125E-10
0.012899999999999946      1.5064680757649938E-10   1.5074095465017284E-10   1.5089895812379724E-10
0.01293333333333328       1.501763676290758E-10    1.5026979072595421E-10   1.5042657351085808E-10
0.012966666666666612      1.4970834803327752E-10   1.498010545612272E-10    1.499566292193277E-10
0.012999999999999946      1.4924274876193685E-10   1.493347461280193E-10    1.494891252198481E-10
0.013033333333333279      1.4877954789817572E-10   1.4887084340687474E-10   1.4902403931787466E-10
0.013066666666666612      1.4831871263083618E-10   1.48409313411294E-10     1.4856133822749298E-10
0.013099999999999945      1.478602429332901E-10    1.4795015611387654E-10   1.481010219199734E-10
0.013133333333333278      1.4740411655152808E-10   1.4749334915597314E-10   1.4764306785810643E-10
0.013166666666666611      1.469503024711689E-10    1.4703886136125622E-10   1.4718744458913373E-10
0.013199999999999944      1.4649880066591394E-10   1.465866927026829E-10    1.4673415208473265E-10
0.013233333333333278      1.460495896171871E-10    1.4613682156149236E-10   1.4628316855525E-10
0.01326666666666661       1.4560263873736555E-10   1.4568921719321923E-10   1.4583446298860055E-10
0.013299999999999944      1.4515794800047862E-10   1.452438795711756E-10    1.4538803535686356E-10
0.013333333333333277      1.447154975004203E-10    1.4480078869918948E-10   1.4494386551030268E-10
0.01336666666666661       1.4427525652409124E-10   1.4435991370810142E-10   1.4450192231355982E-10
0.013399999999999943      1.4383722504597655E-10   1.4392125457170693E-10   1.4406220573924577E-10
0.013433333333333276      1.4340138477882724E-10   1.434847929230712E-10    1.4362469728462368E-10
0.01346666666666661       1.429677050278483E-10    1.4305049791253925E-10   1.4318936583597128E-10
0.013499999999999943      1.4253618576808427E-10   1.4261836951449376E-10   1.42756211366535E-10
0.013533333333333276      1.42106809622907E-10     1.4218839027883676E-10   1.4232521630105765E-10
0.013566666666666609      1.4167954664873757E-10   1.4176053011256943E-10   1.4189635029183666E-10
0.013599999999999942      1.4125439682126558E-10   1.41334788990747E-10     1.4146961331283912E-10
0.013633333333333275      1.4083134301845962E-10   1.409111497201072E-10    1.4104498804948768E-10
0.013666666666666608      1.404103566036977E-10    1.404895835229449E-10    1.4062244548367167E-10
0.013699999999999941      1.3999143755321813E-10   1.4007009037488984E-10   1.4020198558997685E-10
0.013733333333333275      1.395745688312212E-10    1.3965265316940409E-10   1.3978359114142012E-10
0.013766666666666608      1.3915972270729337E-10   1.3923724404216707E-10   1.3936723404558375E-10
0.01379999999999994       1.387468991580105E-10    1.3882386296916806E-10   1.389529142774512E-10
0.013833333333333274      1.3833608216188213E-10   1.3841249386359835E-10   1.3854061563903964E-10
0.013866666666666607      1.379272443720008E-10    1.3800310924879747E-10   1.3813031043274083E-10
0.01389999999999994       1.3752038576535516E-10   1.3759570910118926E-10   1.377219986340108E-10
0.013933333333333273      1.3711549024052252E-10   1.371902772537715E-10    1.3731566396425572E-10
0.013966666666666606      1.3671253198506342E-10   1.3678678777392594E-10   1.369112802862783E-10
0.01399999999999994       1.3631151097629478E-10   1.3638524063842492E-10   1.3650884757591774E-10
0.014033333333333273      1.359124110687849E-10    1.3598561963622516E-10   1.3610834951051411E-10
0.014066666666666606      1.355152076522694E-10    1.355879000444551E-10    1.3570976117556717E-10
0.014099999999999939      1.3511990070440862E-10   1.3519208184025007E-10   1.3531308254731297E-10
0.014133333333333272      1.347264743381258E-10    1.3479814907273086E-10   1.349182975663668E-10
0.014166666666666605      1.3433490456146234E-10   1.3440607764173257E-10   1.3452538194847912E-10
0.014199999999999938      1.3394519135247423E-10   1.340158675248054E-10    1.3413433567033448E-10
0.014233333333333271      1.3355731940501894E-10   1.3362750335544527E-10   1.337451432628058E-10
0.014266666666666605      1.331712652573593E-10    1.332409615674265E-10    1.3335778098195818E-10
0.014299999999999938      1.327870288879371E-10    1.3285624213870352E-10   1.3297224880491274E-10
0.014333333333333271      1.324045958089628E-10    1.324733305253612E-10    1.3258853209236183E-10
0.014366666666666604      1.3202394265864216E-10   1.3209220326294528E-10   1.3220660720530234E-10
0.014399999999999937      1.3164506941575762E-10   1.3171286032976827E-10   1.3182647412124345E-10
0.01443333333333327       1.3126796286123057E-10   1.313352884570828E-10    1.314481194870516E-10
0.014466666666666603      1.3089259925295362E-10   1.309594637991546E-10    1.310715192808437E-10
0.014499999999999937      1.305189785700191E-10    1.3058538633462278E-10   1.3069667348048408E-10
0.01453333333333327       1.3014708945961872E-10   1.302130446711218E-10    1.3032357062643678E-10
0.014566666666666603      1.2977690701493218E-10   1.298424137934285E-10    1.2995218551925727E-10
0.014599999999999936      1.2940843121568163E-10   1.2947349368083102E-10   1.2958251813749205E-10
0.014633333333333269      1.2904165293366817E-10   1.2910627517609655E-10   1.2921455927463522E-10
0.014666666666666602      1.286765463445308E-10    1.2874073234326532E-10   1.2884828280511942E-10
0.014699999999999935      1.2831311142833187E-10   1.283768651619813E-10    1.2848368870787396E-10
0.014733333333333268      1.2795134036728123E-10   1.2801466579077027E-10   1.2812076910125222E-10
0.014766666666666602      1.2759120729352357E-10   1.276541082522879E-10    1.2775949782194305E-10
0.014799999999999935      1.272327121875691E-10    1.2729519252664168E-10   1.2739987484936651E-10
0.014833333333333268      1.2687584684342845E-10   1.269379103830347E-10    1.2704189191064884E-10
0.014866666666666601      1.265205868927848E-10    1.265822373506563E-10    1.2668552436093287E-10
0.014899999999999934      1.2616693231644312E-10   1.2622817340992265E-10   1.2633077217997162E-10
0.014933333333333267      1.2581487502126188E-10   1.258757104427005E-10    1.2597762720724899E-10
0.0149666666666666        1.254643912538989E-10    1.255248245980857E-10    1.256260654262413E-10
0.014999999999999934      1.2511548099551668E-10   1.2517551585686588E-10   1.2527608681709664E-10
0.015033333333333267      1.2476813598956564E-10   1.2482777593742733E-10   1.2492768305570424E-10
0.0150666666666666        1.2442233356452569E-10   1.2448158207570532E-10   1.2458083122093E-10
0.015099999999999933      1.2407807370181854E-10   1.2413693425275943E-10   1.2423553129321587E-10
0.015133333333333266      1.2373534861700243E-10   1.2379382466059303E-10   1.2389177542463978E-10
0.0151666666666666        1.2339413582394857E-10   1.2345223072323726E-10   1.235495408867963E-10
0.015199999999999932      1.2305443530442745E-10   1.2311215242211317E-10   1.2320882766051078E-10
0.015233333333333265      1.227162392463689E-10    1.2277358192206394E-10   1.2286962787150233E-10
0.015266666666666599      1.2237952602104502E-10   1.2243649750840783E-10   1.2253191965927408E-10
0.015299999999999932      1.2204429561046578E-10   1.2210089916281712E-10   1.2219570300492277E-10
0.015333333333333265      1.217105407004515E-10    1.2176677954952944E-10   1.2186097053611955E-10
0.015366666666666598      1.2137823997064451E-10   1.2143411726523102E-10   1.2152770070886024E-10
0.015399999999999931      1.2104739340339256E-10   1.211029122919436E-10    1.2119589350461128E-10
0.015433333333333264      1.2071799354701335E-10   1.207731571564E-10       1.208655414135415E-10
0.015466666666666597      1.2039001990801542E-10   1.204448312858557E-10    1.205366237285214E-10
0.01549999999999993       1.2006347246897027E-10   1.2011793466256694E-10   1.2020914043127032E-10
0.015533333333333264      1.1973834419053143E-10   1.1979246022682012E-10   1.198830844275825E-10
0.015566666666666597      1.1941461504914457E-10   1.1946838787929664E-10   1.195584354897053E-10
0.01559999999999993       1.1909228502771644E-10   1.1914571760259896E-10   1.1923519359972293E-10
0.015633333333333263      1.187713464165683E-10    1.1882444166450384E-10   1.1891335098723348E-10
0.015666666666666593      1.1845178051148758E-10   1.1850454129039355E-10   1.18592888758291E-10
0.015699999999999926      1.1813358729561054E-10   1.1818601646310997E-10   1.1827380689523629E-10
0.01573333333333326       1.1781675936936205E-10   1.178688597616791E-10    1.179560979408654E-10
0.015766666666666592      1.1750127824893518E-10   1.1755305263403324E-10   1.176397432274481E-10
0.015799999999999925      1.1718714391783113E-10   1.1723859506338974E-10   1.1732474273771868E-10
0.015833333333333262      1.1687434887352375E-10   1.1692547952583694E-10   1.1701108891156322E-10
0.01586666666666659       1.165628755095081E-10    1.1661368835019013E-10   1.1669876396822084E-10
0.015899999999999925      1.1625272380952013E-10   1.1630322151991072E-10   1.1638776789068589E-10
0.015933333333333258      1.1594388618039629E-10   1.1599407141987183E-10   1.1607809302665777E-10
0.01596666666666659       1.1563634597511648E-10   1.1568622134339796E-10   1.1576972256842345E-10
0.015999999999999924      1.1533010317776883E-10   1.1537967127431235E-10   1.1546265649935568E-10
0.01603333333333326       1.1502514879562348E-10   1.1507441219259411E-10   1.1515688575323697E-10
0.01606666666666659       1.1472146828919006E-10   1.1477042950758158E-10   1.1485239565275686E-10
0.016099999999999923      1.1441906164275762E-10   1.1446772320330723E-10   1.1454918618151157E-10
0.016133333333333257      1.1411791928758075E-10   1.1416628368152888E-10   1.1424724769133712E-10
0.01616666666666659       1.1381802747116406E-10   1.1386609714251753E-10   1.1394656630254132E-10
0.016199999999999923      1.135193861779402E-10    1.135671635704569E-10    1.1364714199888441E-10
0.01623333333333326       1.1322198597463519E-10   1.1326947350309338E-10   1.1334896526907536E-10
0.01626666666666659       1.1292581332673257E-10   1.1297301336007038E-10   1.130520224551672E-10
0.016299999999999922      1.1263086821887432E-10   1.1267778312578853E-10   1.1275631354115058E-10
0.016333333333333255      1.1233714182771906E-10   1.1238377395056381E-10   1.1246182963277693E-10
0.01636666666666659       1.120446206083075E-10    1.1209097224376716E-10   1.1216855706212823E-10
0.01639999999999992       1.1175330454554152E-10   1.1179937799006712E-10   1.1187649581347677E-10
0.016433333333333258      1.1146318523012163E-10   1.1150898275543609E-10   1.1158563741097013E-10
0.01646666666666659       1.1117424924384896E-10   1.1121977307698143E-10   1.1129596831609141E-10
0.016499999999999924      1.1088649657182759E-10   1.1093174893958122E-10   1.1100748851333484E-10
0.016533333333333258      1.105999193015032E-10    1.1064490240789256E-10   1.1072019002882285E-10
0.01656666666666659       1.1031450403041484E-10   1.1035922003535214E-10   1.1043405934138165E-10
0.016599999999999924      1.1003025074389626E-10   1.1007470180707482E-10   1.1014909643575458E-10
0.016633333333333257      1.0974715180541655E-10   1.0979134006496017E-10   1.0986529361737453E-10
0.01666666666666659       1.0946519419442596E-10   1.0950912174603437E-10   1.0958263775150889E-10
0.016699999999999923      1.0918437789649497E-10   1.092280468356561E-10    1.0930112882315682E-10
0.016733333333333256      1.0890469532534691E-10   1.0894810772616392E-10   1.090207591885075E-10
0.01676666666666659       1.0862613390691428E-10   1.0866929180314246E-10   1.0874151616491134E-10
0.016799999999999923      1.0834869362696679E-10   1.0839159905215618E-10   1.0846339973758439E-10
0.016833333333333256      1.0807236696868478E-10   1.0811502193535831E-10   1.0818640233314144E-10
0.01686666666666659       1.077971417089374E-10    1.0783954819095935E-10   1.0791051162442706E-10
0.016899999999999922      1.0752301783371607E-10   1.075651778047519E-10    1.0763572759689655E-10
0.016933333333333255      1.072499879351516E-10    1.0729190334845993E-10   1.0736204278778901E-10
0.01696666666666659       1.0697804022214762E-10   1.0701971299405379E-10   1.0708944530663712E-10
0.01699999999999992       1.0670717468093687E-10   1.0674860672757385E-10   1.0681793513915493E-10
0.017033333333333255      1.064373838701776E-10    1.0647857708719312E-10   1.0654750478890248E-10
0.017066666666666588      1.0616865645288881E-10   1.0620961270096769E-10   1.06278142824839E-10
0.01709999999999992       1.0590099241548765E-10   1.0594171355512803E-10   1.0600984923287868E-10
0.017133333333333254      1.0563438448842815E-10   1.0567487236029499E-10   1.0574261669013677E-10
0.017166666666666587      1.0536882148988643E-10   1.0540907790069299E-10   1.0547643392346041E-10
0.01719999999999992       1.0510430340648401E-10   1.0514433016276281E-10   1.052113009189838E-10
0.017233333333333253      1.0484082322075032E-10   1.0488062211015913E-10   1.0494721060848063E-10
0.017266666666666586      1.0457836997824147E-10   1.0461794275553543E-10   1.0468415194900818E-10
0.01729999999999992       1.0431694366577093E-10   1.0435629208552998E-10   1.0442212492690761E-10
0.017333333333333253      1.0405653749511521E-10   1.0409566329362343E-10   1.0416112270476137E-10
0.017366666666666586      1.0379714046855073E-10   1.0383604534961464E-10   1.0390113419749792E-10
0.01739999999999992       1.0353875257299277E-10   1.0357743824024847E-10   1.0364215939157307E-10
0.017433333333333252      1.0328136799388067E-10   1.0331983613612761E-10   1.033841924325415E-10
0.017466666666666585      1.030249752821827E-10    1.030632275542163E-10    1.031272217799255E-10
0.01749999999999992       1.0276957442504143E-10   1.0280761248149209E-10   1.0287124742042293E-10
0.01753333333333325       1.0251516013354142E-10   1.0255298561630621E-10   1.0261626403089374E-10
0.017566666666666585      1.0226172062687786E-10   1.0229933514298032E-10   1.0236225973675746E-10
0.017599999999999918      1.0200925589249503E-10   1.020466610487994E-10    1.0210923452502929E-10
0.01763333333333325       1.0175776158172857E-10   1.017949589754252E-10    1.0185718402104894E-10
0.017666666666666584      1.0150722551267951E-10   1.0154421670508985E-10   1.0160609594647336E-10
0.017699999999999917      1.0125764767297539E-10   1.0129443422526643E-10   1.0135597028851412E-10
0.01773333333333325       1.0100902424425186E-10   1.0104560770931567E-10   1.0110680320657392E-10
0.017766666666666583      1.0076134304295306E-10   1.0079772493852138E-10   1.0085858242256914E-10
0.017799999999999917      1.005146040569195E-10    1.0055078590057442E-10   1.0061130792393725E-10
0.01783333333333325       1.0026880318694896E-10   1.003047864873647E-10    1.0036497558754198E-10
0.017866666666666583      1.0002392902184732E-10   1.0005971525490838E-10   1.001195739140415E-10
0.017899999999999916      9.977998154961625E-11    9.981557219106201E-11    9.987510289104641E-11
0.01793333333333325       9.953695652157673E-11    9.957235303763705E-11    9.96315582443284E-11
0.017966666666666582      9.929484294621933E-11    9.933004677218408E-11    9.938892889921217E-11
0.017999999999999915      9.905364081175834E-11    9.90886533827767E-11     9.914721484353304E-11
0.01803333333333325       9.88133457340798E-11     9.88481684756414E-11     9.890641166722578E-11
0.01806666666666658       9.857394704207572E-11    9.860858134970019E-11    9.86665086186292E-11
0.018099999999999915      9.83354447240982E-11     9.83698919931685E-11     9.842750568572733E-11
0.018133333333333248      9.809783497833587E-11    9.813209659603847E-11    9.818939904469165E-11
0.01816666666666658       9.786110688475262E-11    9.789518420824422E-11    9.795217769478108E-11
0.018199999999999914      9.762526043188138E-11    9.765915481818607E-11    9.771584162417145E-11
0.018233333333333247      9.739029188341285E-11    9.742400468182093E-11    9.74803870757812E-11
0.01826666666666658       9.715619069393623E-11    9.718972322473581E-11    9.724580342626085E-11
0.018299999999999914      9.692295685214548E-11    9.695631043549601E-11    9.701209066395788E-11
0.018333333333333247      9.669058681715107E-11    9.672376276583695E-11    9.677924522817614E-11
0.01836666666666658       9.645907006424421E-11    9.649206966270129E-11    9.65472565180324E-11
0.018399999999999913      9.622840658229115E-11    9.626123111483026E-11    9.631612452205661E-11
0.018433333333333246      9.599859284525689E-11    9.603124358907644E-11    9.608584569511346E-11
0.01846666666666658       9.576961870758574E-11    9.58020969126211E-11     9.585640981839462E-11
0.018499999999999912      9.554148415829218E-11    9.557379107435734E-11    9.5627816880588E-11
0.018533333333333245      9.531418583252723E-11    9.534632270258436E-11    9.540006349844583E-11
0.01856666666666658       9.508771364593211E-11    9.511968168638057E-11    9.517313951624509E-11
0.018599999999999912      9.486206758768693E-11    9.489386801480832E-11    9.494704492284894E-11
0.018633333333333245      9.46372442251991E-11     9.466887824843088E-11    9.472177626728745E-11
0.018666666666666578      9.441323392642705E-11    9.444470272990247E-11    9.449732384954059E-11
0.01869999999999991       9.419003668069332E-11    9.422134144843118E-11    9.427368765862309E-11
0.018733333333333244      9.3967649175172E-11      9.399879108452464E-11    9.405086436380984E-11
0.018766666666666577      9.37460618240976E-11     9.377704202770986E-11    9.382884431296632E-11
0.018799999999999907      9.352527461695336E-11    9.355609426735896E-11    9.360762749527678E-11
0.01883333333333324       9.330528426992721E-11    9.333594451324919E-11    9.338721060971822E-11
0.01886666666666657       9.308608153807055E-11    9.31165834966691E-11     9.316758434751442E-11
0.018899999999999903      9.286766641100731E-11    9.289801120713473E-11    9.294874869799895E-11
0.018933333333333236      9.265003574052618E-11    9.26802244902294E-11     9.273070049630219E-11
0.01896666666666657       9.243318031116843E-11    9.246321410726323E-11    9.25134304645715E-11
0.018999999999999902      9.221710011271158E-11    9.224698004790887E-11    9.229693859230236E-11
0.019033333333333236      9.200179201175787E-11    9.203151917277501E-11    9.208122173000816E-11
0.019066666666666565      9.178724713814978E-11    9.181682258940225E-11    9.186627094763721E-11
0.0190999999999999        9.157346548180248E-11    9.160289028760384E-11    9.165208623483057E-11
0.01913333333333323       9.13604440054119E-11     9.138971922419162E-11    9.143866453849002E-11
0.019166666666666565      9.114817390471377E-11    9.11773005731998E-11     9.122599699607483E-11
0.019199999999999898      9.093665516977043E-11    9.096563432459181E-11    9.101408359738114E-11
0.01923333333333323       9.072588470371962E-11    9.075471737561964E-11    9.080292122974917E-11
0.019266666666666564      9.051585411245758E-11    9.054454131154567E-11    9.059250144366876E-11
0.019299999999999894      9.030656338617853E-11    9.033510612246785E-11    9.038282422907525E-11
0.019333333333333227      9.009800949823243E-11    9.01264087759261E-11     9.0173886543725E-11
0.019366666666666556      8.989018408081959E-11    8.991844088392095E-11    8.996567996558222E-11
0.01939999999999989       8.968308712427944E-11    8.971120243669828E-11    8.975820448473481E-11
0.019433333333333223      8.947671569265679E-11    8.950469049287078E-11    8.955145715064948E-11
0.019466666666666556      8.927106165412128E-11    8.929889690101434E-11    8.934542977888985E-11
0.01949999999999989       8.906612499913937E-11    8.909382165150453E-11    8.914012235967787E-11
0.019533333333333222      8.886190293796237E-11    8.88894619493919E-11     8.893553208930881E-11
0.019566666666666552      8.865838734838817E-11    8.868580965328695E-11    8.873165079406973E-11
0.019599999999999885      8.845557822102188E-11    8.848286475370636E-11    8.852847846432803E-11
0.019633333333333218      8.825347279765242E-11    8.828062448747402E-11    8.832601232855008E-11
0.01966666666666655       8.805206321715385E-11    8.807908097490697E-11    8.812424447579399E-11
0.019699999999999884      8.785134947025665E-11    8.787823420664972E-11    8.792317489655916E-11
0.019733333333333217      8.765132894149004E-11    8.767808156249512E-11    8.772280096266658E-11
0.01976666666666655       8.745199378234879E-11    8.747861517576986E-11    8.752311477684352E-11
0.01979999999999988       8.725334398369932E-11    8.727983503725678E-11    8.732411632973174E-11
0.019833333333333213      8.705537691273925E-11    8.708173850951392E-11    8.712580297608096E-11
0.019866666666666543      8.685808502174232E-11    8.68843180273766E-11     8.692816712135832E-11
0.019899999999999876      8.666146830169545E-11    8.668757358175039E-11    8.673120875633229E-11
0.019933333333333213      8.646552421171238E-11    8.649150262721494E-11    8.653492532795208E-11
0.019966666666666542      8.627024523798412E-11    8.629609763293427E-11    8.633930927671047E-11
0.019999999999999876      8.607563137162903E-11    8.610135858994771E-11    8.614436059351336E-11
0.02003333333333321       8.588168008764612E-11    8.590728296889876E-11    8.595007674167541E-11
0.02006666666666654       8.568838410887833E-11    8.571386347615103E-11    8.575645039981287E-11
0.02009999999999987       8.54957434265602E-11     8.552110010286206E-11    8.556348155895356E-11
0.020133333333333205      8.530375566305864E-11    8.5328990467272E-11      8.537116783039447E-11
0.020166666666666538      8.511241353863792E-11    8.513752727347793E-11    8.51795018910145E-11
0.02019999999999987       8.492171704465875E-11    8.494671051276572E-11    8.498848373197332E-11
0.020233333333333204      8.473166379830523E-11    8.475653779830443E-11    8.479811095968525E-11
0.020266666666666537      8.454224678488906E-11    8.456700209985353E-11    8.460837651772894E-11
0.020299999999999867      8.435346599588323E-11    8.437810340881316E-11    8.441928039738172E-11
0.0203333333333332        8.416531914227991E-11    8.418983943226777E-11    8.423082029915462E-11
0.02036666666666653       8.39777992296182E-11     8.400220316054131E-11    8.404298918776137E-11
0.020399999999999863      8.37909062494931E-11     8.381519458515795E-11    8.385578705460664E-11
0.0204333333333332        8.360463790813507E-11    8.362881140854654E-11    8.366921159572485E-11
0.02046666666666653       8.341898746110598E-11    8.344304687162172E-11    8.348325602737816E-11
0.020499999999999862      8.323395490011074E-11    8.325790096601946E-11    8.329792034108631E-11
0.020533333333333195      8.304953801759538E-11    8.307337148049082E-11    8.311320231938592E-11
0.020566666666666525      8.286573010058472E-11    8.288945168774708E-11    8.292909521090026E-11
0.020599999999999858      8.26825311409066E-11     8.270614157954898E-11    8.274559900727694E-11
0.02063333333333319       8.249993890487905E-11    8.252343891856566E-11    8.256271146504867E-11
0.020666666666666524      8.231794692811224E-11    8.234133722664994E-11    8.238042608291778E-11
0.020699999999999857      8.213655520253813E-11    8.215983649566837E-11    8.219874285264076E-11
0.02073333333333319       8.195576160661225E-11    8.19789346005818E-11     8.201765964330161E-11
0.020766666666666524      8.177555966204366E-11    8.179862504956867E-11    8.18371699403127E-11
0.020799999999999853      8.159594936087754E-11    8.161890783461055E-11    8.16572737355485E-11
0.020833333333333186      8.141692860823184E-11    8.143978085748631E-11    8.147796892517324E-11
0.020866666666666516      8.123849113149543E-11    8.126123783250622E-11    8.129924920149334E-11
0.02089999999999985       8.106063692281515E-11    8.108327875175522E-11    8.112111455648944E-11
0.020933333333333186      8.088336398200029E-11    8.090590161182661E-11    8.094356298134754E-11
0.020966666666666516      8.070666605228784E-11    8.072910014314658E-11    8.076658818494301E-11
0.02099999999999985       8.053054312593755E-11    8.055287433791463E-11    8.059019015937375E-11
0.021033333333333182      8.035499318299155E-11    8.0377222173014E-11      8.04143668762125E-11
0.02106666666666651       8.018001020192362E-11    8.020213761460792E-11    8.023911228091437E-11
0.021099999999999845      8.000559417509566E-11    8.00276206549996E-11     8.006442636568366E-11
0.021133333333333178      7.983174312853902E-11    7.985366931708604E-11    7.989030714814843E-11
0.02116666666666651       7.9658451082773E-11      7.968027760938428E-11    7.971674861663836E-11
0.021199999999999844      7.948571803026925E-11    7.950744552430882E-11    7.954375076347171E-11
0.021233333333333177      7.931354195479256E-11    7.933517104248768E-11    7.937131156400369E-11
0.02126666666666651       7.91419171396069E-11     7.916344843572666E-11    7.919942527076911E-11
0.02129999999999984       7.897084357727927E-11    7.899227769653711E-11    7.902809187618561E-11
0.021333333333333176      7.880031921759065E-11    7.882165677143379E-11    7.885730932127777E-11
0.021366666666666506      7.863033852038071E-11    7.865158010935676E-11    7.868707203665624E-11
0.02139999999999984       7.84609014783328E-11     7.848204770293522E-11    7.851738001485897E-11
0.021433333333333172      7.829200592999996E-11    7.831305738730373E-11    7.834823108527468E-11
0.021466666666666502      7.812364652848031E-11    7.814460380506638E-11    7.817961987286089E-11
0.021499999999999835      7.795582326654293E-11    7.797668694893935E-11    7.801154637024493E-11
0.02153333333333317       7.778853419989307E-11    7.780930487159203E-11    7.784400862499402E-11
0.021566666666666498      7.762177387613433E-11    7.764245211010241E-11    7.767700115648858E-11
0.02159999999999983       7.745554228814446E-11    7.747612865729683E-11    7.751052395746837E-11
0.021633333333333164      7.728983751523805E-11    7.73103325895851E-11     7.734457509946189E-11
0.021666666666666497      7.712465424368875E-11    7.714505858298954E-11    7.717914924125576E-11
0.02169999999999983       7.695999246646031E-11    7.698030663042378E-11    7.701424637567928E-11
0.021733333333333164      7.679585039099012E-11    7.68160749365929E-11     7.684986470284651E-11
0.021766666666666497      7.66322227252633E-11     7.665235819947312E-11    7.668599890390744E-11
0.021799999999999826      7.646910946234153E-11    7.648915641207733E-11    7.65226489717927E-11
0.021833333333333163      7.630650866240105E-11    7.632646763165232E-11    7.635981295882689E-11
0.021866666666666493      7.614441540885533E-11    7.616428693230612E-11    7.61974859234755E-11
0.021899999999999826      7.598282969486328E-11    7.600261430715008E-11    7.603566785876973E-11
0.02193333333333316       7.582174939515825E-11    7.584144762760997E-11    7.587435663057764E-11
0.02196666666666649       7.566116989037352E-11    7.5680782265757E-11      7.571354759657909E-11
0.021999999999999822      7.550109117377783E-11    7.552061821481359E-11    7.55532407499186E-11
0.022033333333333155      7.534151075562989E-11    7.536095298097437E-11    7.539343358996127E-11
0.022066666666666485      7.518242454440314E-11    7.520178246527928E-11    7.523412200525396E-11
0.022099999999999818      7.502383253344223E-11    7.504310666102786E-11    7.507530598902018E-11
0.02213333333333315       7.486573204777746E-11    7.488492288881115E-11    7.491698285439173E-11
0.022166666666666484      7.470811919198952E-11    7.47272272462701E-11     7.475914868734688E-11
0.022199999999999817      7.455099395949256E-11    7.45700197267747E-11     7.460180348118141E-11
0.02223333333333315       7.439435369992672E-11    7.441329767556942E-11    7.444494457375419E-11
0.022266666666666483      7.4238194555963E-11      7.42570572285294E-11     7.42885680895205E-11
0.022299999999999813      7.408251652110054E-11    7.410129837911081E-11    7.413267402186411E-11
0.02233333333333315       7.392731707288329E-11    7.394601860075489E-11    7.397725983733367E-11
0.02236666666666648       7.377259235171428E-11    7.379121402708337E-11    7.382232165815609E-11
0.022399999999999812      7.361834235118192E-11    7.363688465164272E-11    7.366785947780732E-11
0.022433333333333146      7.34645646617853E-11     7.34830280610616E-11     7.351387087641404E-11
0.022466666666666475      7.331125541182492E-11    7.332964037689438E-11    7.336035196419572E-11
0.02249999999999981       7.315841459496948E-11    7.317672159276892E-11    7.320730273471145E-11
0.02253333333333314       7.300603993529053E-11    7.30242694291646E-11     7.305472090240694E-11
0.02256666666666647       7.285412754031144E-11    7.28722799868719E-11     7.290260255676067E-11
0.022599999999999804      7.270267740378888E-11    7.272075325960761E-11    7.275094769142238E-11
0.022633333333333137      7.255168732641098E-11    7.256968704464861E-11    7.25997540979393E-11
0.02266666666666647       7.240115349341294E-11    7.241907752067129E-11    7.244901794396926E-11
0.022699999999999804      7.22510758986388E-11     7.22689246814809E-11     7.229873922325221E-11
0.022733333333333137      7.210145235660423E-11    7.211922633820912E-11    7.214891574123633E-11
0.02276666666666647       7.195227912633214E-11    7.196997874352268E-11    7.199954373991103E-11
0.0227999999999998        7.180355620174384E-11    7.1821181891305E-11      7.185062321309599E-11
0.022833333333333136      7.165528146273977E-11    7.167283365820384E-11    7.170215203197614E-11
0.022866666666666466      7.150745118690082E-11    7.152493031553826E-11    7.15541264573527E-11
0.0228999999999998        7.136006536822919E-11    7.137747185727353E-11    7.140654648312883E-11
0.022933333333333132      7.121312194599118E-11    7.12304562195587E-11     7.12594100402185E-11
0.022966666666666462      7.106661727622527E-11    7.108387975234938E-11    7.111271346836074E-11
0.022999999999999795      7.092055135301557E-11    7.093774244969372E-11    7.096645676154307E-11
0.023033333333333128      7.077492211295402E-11    7.079204224505572E-11    7.082063784797705E-11
0.023066666666666458      7.062972601386458E-11    7.06467755904246E-11     7.067525316985249E-11
0.02309999999999979       7.048496304990359E-11    7.050194247992156E-11    7.053030272123145E-11
0.023133333333333124      7.034063118608354E-11    7.035754087548525E-11    7.038578445889146E-11
0.023166666666666457      7.019672692093937E-11    7.021356726995167E-11    7.02416948660977E-11
0.02319999999999979       7.005325024870281E-11    7.007002165751821E-11    7.009803393698995E-11
0.023233333333333123      6.991019915397799E-11    6.992690201976485E-11    6.99547996480705E-11
0.023266666666666456      6.976757023523373E-11    6.978420494967912E-11    6.981198858312229E-11
0.023299999999999786      6.962536348677551E-11    6.964193044153298E-11    6.966960073636107E-11
0.023333333333333123      6.948357690683486E-11    6.950007649056247E-11    6.952763409799365E-11
0.023366666666666452      6.934220717281322E-11    6.93586397688712E-11     6.938608533122779E-11
0.023399999999999786      6.920125427908942E-11    6.921762027080534E-11    6.924495443035473E-11
0.02343333333333312       6.906071625913943E-11    6.907701602692706E-11    6.910423942104504E-11
0.02346666666666645       6.892058981428636E-11    6.893682373334129E-11    6.89639369906419E-11
0.02349999999999978       6.878087493898792E-11    6.879704338447386E-11    6.882404713351764E-11
0.023533333333333115      6.864156974025975E-11    6.865767308458404E-11    6.868456794930452E-11
0.023566666666666444      6.850267094071986E-11    6.851870955113436E-11    6.85454961468092E-11
0.023599999999999777      6.836417853490479E-11    6.838015277863024E-11    6.840683172048487E-11
0.02363333333333311       6.822609071029407E-11    6.824200095192092E-11    6.826857285076562E-11
0.02366666666666644       6.80884041467323E-11     6.810425074568443E-11    6.813071620365556E-11
0.023699999999999777      6.795111883881996E-11    6.796690215449091E-11    6.799326177367387E-11
0.02373333333333311       6.781423326011048E-11    6.782995364975882E-11    6.785620802865556E-11
0.023766666666666443      6.767774383878861E-11    6.769340165410225E-11    6.77195513818631E-11
0.023799999999999773      6.754165056951967E-11    6.755724616215693E-11    6.758329182788243E-11
0.02383333333333311       6.740595220863512E-11    6.742148592867458E-11    6.744742811881445E-11
0.02386666666666644       6.727064507710548E-11    6.728611726885383E-11    6.73119565601686E-11
0.023899999999999772      6.713572916970228E-11    6.715114017743738E-11    6.717687714663926E-11
0.023933333333333105      6.700120333966546E-11    6.701655350627116E-11    6.704218872773313E-11
0.023966666666666435      6.686706385042633E-11    6.688235351294351E-11    6.690788755123085E-11
0.023999999999999768      6.673331069682246E-11    6.6748540192264E-11      6.677397361189477E-11
0.0240333333333331        6.659994289274039E-11    6.661511255696545E-11    6.664044592052228E-11
0.02406666666666643       6.646695670692723E-11    6.648206687004156E-11    6.650730073045013E-11
0.024099999999999764      6.633435213430173E-11    6.634940312638369E-11    6.637453803652372E-11
0.024133333333333097      6.620212805080852E-11    6.621712020059038E-11    6.624215671108319E-11
0.024166666666666427      6.607028096764788E-11    6.608521459850239E-11    6.611015325097378E-11
0.024199999999999763      6.59388108798039E-11     6.595368631507706E-11    6.597852765110798E-11
0.024233333333333096      6.580771662439978E-11    6.58225341859985E-11     6.58472787447556E-11
0.02426666666666643       6.567699477039582E-11    6.569175477505395E-11    6.571640308702217E-11
0.02429999999999976       6.554664531284517E-11    6.556134807727042E-11    6.55859006728909E-11
0.024333333333333096      6.541666704535614E-11    6.543131288477843E-11    6.545577029201268E-11
0.024366666666666426      6.528705670502278E-11    6.530164592976098E-11    6.532600866832918E-11
0.02439999999999976       6.515781428696233E-11    6.517234720730988E-11    6.519661579688936E-11
0.024433333333333092      6.502893860758351E-11    6.504341553236786E-11    6.506759049017677E-11
0.02446666666666642       6.490042636225229E-11    6.491484759540427E-11    6.49389294304438E-11
0.024499999999999755      6.477227754615347E-11    6.478664339157905E-11    6.481063261280865E-11
0.024533333333333088      6.464449108497595E-11    6.4658801845321E-11      6.468269895958645E-11
0.024566666666666417      6.451706368538011E-11    6.453131965840546E-11    6.455512516435534E-11
0.02459999999999975       6.438999534261374E-11    6.440419682605598E-11    6.442791122229808E-11
0.024633333333333084      6.426328510801305E-11    6.427743239851172E-11    6.430105618181411E-11
0.024666666666666413      6.413692959333227E-11    6.415102298258055E-11    6.417455664141171E-11
0.02469999999999975       6.40109287938839E-11     6.402496857355136E-11    6.40484125963399E-11
0.024733333333333083      6.388528179214838E-11    6.389926825289054E-11    6.392262312636483E-11
0.024766666666666416      6.375998532668917E-11    6.377391875440139E-11    6.379718495730293E-11
0.024799999999999746      6.36350393928822E-11     6.364892007343675E-11    6.367209808446819E-11
0.024833333333333082      6.351044302429238E-11    6.352427124244577E-11    6.354736153843855E-11
0.024866666666666412      6.338619302945565E-11    6.339996906538568E-11    6.342297211548958E-11
0.024899999999999745      6.326228940381315E-11    6.32760135376751E-11     6.329892981100197E-11
0.02493333333333308       6.313873113542093E-11    6.315240364622276E-11    6.317523360996056E-11
0.024966666666666408      6.301551517477612E-11    6.302913633715055E-11    6.305188045114683E-11
0.02499999999999974       6.289264151738155E-11    6.290621160593921E-11    6.292887033000457E-11
0.025033333333333074      6.277010914088333E-11    6.278362842904706E-11    6.280620222100029E-11
0.025066666666666404      6.264791503506109E-11    6.266138379200819E-11    6.268387310254607E-11
0.025099999999999737      6.252605919548188E-11    6.253947769036821E-11    6.25618829701514E-11
0.02513333333333307       6.240454053174721E-11    6.241790903247727E-11    6.244023073006793E-11
0.0251666666666664        6.228335623148395E-11    6.229667500199248E-11    6.231891355929376E-11
0.025199999999999736      6.216250629032107E-11    6.217577559452188E-11    6.21979314534017E-11
0.02523333333333307       6.204198950042557E-11    6.205520960079041E-11    6.207728320069839E-11
0.025266666666666403      6.1921803213576E-11      6.193497436892457E-11    6.195696614318472E-11
0.025299999999999732      6.180194742546508E-11    6.181506989459665E-11    6.183698027649859E-11
0.02533333333333307       6.168242075304182E-11    6.169549479305803E-11    6.171732421304441E-11
0.0253666666666664        6.156322080603841E-11    6.157624667077719E-11    6.159799555381664E-11
0.025399999999999732      6.144434758020276E-11    6.145732552348203E-11    6.147899429450953E-11
0.025433333333333065      6.13257996208785E-11     6.133872989469768E-11    6.136031897559875E-11
0.025466666666666395      6.120757459020913E-11    6.122045744343778E-11    6.12419672508486E-11
0.025499999999999728      6.108967248399193E-11    6.11025081654801E-11     6.112393911600403E-11
0.02553333333333306       6.09720918818016E-11     6.098488063863046E-11    6.100623314590468E-11
0.02556666666666639       6.085483046027892E-11    6.086757253644906E-11    6.088884700894458E-11
0.025599999999999724      6.073788821527216E-11    6.075058385476509E-11    6.077178070092078E-11
0.025633333333333057      6.062126380897148E-11    6.063391325411997E-11    6.065503287961004E-11
0.025666666666666386      6.050495489994362E-11    6.051755838999495E-11    6.053860119531928E-11
0.025699999999999723      6.038896148408953E-11    6.040151925827229E-11    6.042248564389945E-11
0.025733333333333056      6.027328228495181E-11    6.028579458094358E-11    6.030668494474146E-11
0.02576666666666639       6.015791495254781E-11    6.017038200494796E-11    6.019119673962272E-11
0.02579999999999972       6.004285948283592E-11    6.005528152622567E-11    6.007602102445283E-11
0.025833333333333056      5.992811463819457E-11    5.994049190567726E-11    5.996115655765451E-11
0.025866666666666385      5.981367810940216E-11    5.982601083107052E-11    5.984660102194731E-11
0.02589999999999972       5.96995498924746E-11     5.971183829840355E-11    5.973235441329941E-11
0.02593333333333305       5.958572875038876E-11    5.959797306917456E-11    5.961841549073006E-11
0.02596666666666638       5.947221242102184E-11    5.94844128783472E-11     5.950478198431741E-11
0.025999999999999714      5.935900090044018E-11    5.937115772197035E-11    5.939145389008116E-11
0.026033333333333047      5.924609297271321E-11    5.925820638266618E-11    5.927842998821719E-11
0.02606666666666638       5.913348640686172E-11    5.914555662661194E-11    5.916570804013508E-11
0.026099999999999714      5.902118119900553E-11    5.903320844991046E-11    5.905328804190914E-11
0.026133333333333047      5.890917614106341E-11    5.892116064306051E-11    5.894116878165755E-11
0.026166666666666377      5.879746905824199E-11    5.880941102851134E-11    5.882934807720669E-11
0.02619999999999971       5.868605994671655E-11    5.869795960242166E-11    5.871782592468738E-11
0.026233333333333043      5.857494759940255E-11    5.858680515628881E-11    5.860660111321968E-11
0.026266666666666376      5.846412988342677E-11    5.84759455545621E-11     5.849567150276416E-11
0.026299999999999706      5.835360679501449E-11    5.836538079345063E-11    5.838503708950269E-11
0.026333333333333042      5.824337716453698E-11    5.825510970196362E-11    5.82746967001614E-11
0.026366666666666372      5.8133438859058846E-11   5.814513014450963E-11    5.816464819469613E-11
0.026399999999999705      5.8023791874859324E-11   5.8035442117352055E-11   5.805489156934367E-11
0.026433333333333038      5.79144350649634E-11     5.792604447219947E-11    5.794542567360607E-11
0.026466666666666368      5.7805366341645244E-11   5.781693511874019E-11    5.783624841283683E-11
0.0264999999999997        5.769658570123754E-11    5.7708114053291444E-11   5.772735978332718E-11
0.026533333333333034      5.758809199793518E-11    5.759958012872913E-11    5.761875863574231E-11
0.026566666666666367      5.7479883180121915E-11   5.749133129092742E-11    5.751044291174956E-11
0.0265999999999997        5.737195924417764E-11    5.7383367536251095E-11   5.740241260768836E-11
0.026633333333333033      5.7264319070754325E-11   5.727568774406663E-11    5.7294666600770624E-11
0.026666666666666363      5.71569606253419E-11     5.716828987740381E-11    5.718720284990238E-11
0.026699999999999696      5.704988390436769E-11    5.706117393267518E-11    5.708002135147141E-11
0.02673333333333303       5.6943087797901796E-11   5.695433879867938E-11    5.6973120992145406E-11
0.026766666666666362      5.683657032425905E-11    5.684778249136022E-11    5.6866499783894E-11
0.026799999999999692      5.673033147991343E-11    5.674150500717725E-11    5.6760157723152504E-11
0.02683333333333303       5.662437015048451E-11    5.663550523046968E-11    5.665409369211438E-11
0.02686666666666636       5.65186844007165E-11     5.652978122369251E-11    5.654830574939776E-11
0.02689999999999969       5.6413274227128996E-11   5.642433298335124E-11    5.6442793891484455E-11
0.026933333333333025      5.630813853276678E-11    5.63191594112372E-11     5.6337557018065135E-11
0.026966666666666354      5.6203275395937084E-11   5.621425858340111E-11    5.6232593201408695E-11
0.026999999999999687      5.6098684813207414E-11   5.61096304963967E-11     5.6127902438045696E-11
0.02703333333333302       5.5994365728674024E-11   5.6005274093135136E-11   5.602348366890144E-11
0.027066666666666354      5.589031622752348E-11    5.590118745656058E-11    5.591933497316193E-11
0.027099999999999687      5.5786536306374844E-11   5.579737058327863E-11    5.5815456347410114E-11
0.02713333333333302       5.568302492541589E-11    5.5693822432326167E-11   5.571184674875435E-11
0.02716666666666635       5.557978020915487E-11    5.559054112602589E-11    5.560850429585462E-11
0.027199999999999683      5.547680215426027E-11    5.548752666103314E-11    5.550542898534419E-11
0.027233333333333016      5.537408971718739E-11    5.5384777992648024E-11   5.5402619770587626E-11
0.02726666666666635       5.527164106902035E-11    5.5282293289847196E-11   5.530007481702976E-11
0.02729999999999968       5.516945620647319E-11    5.518007254933186E-11    5.519779412135022E-11
0.027333333333333015      5.5067534085921365E-11   5.507811472632678E-11    5.509577663684586E-11
0.027366666666666345      5.4965872912634277E-11   5.4976418024052274E-11   5.499402056330315E-11
0.027399999999999678      5.486447268337399E-11    5.4874982439257844E-11   5.489252589745053E-11
0.02743333333333301       5.4763332369390154E-11   5.477380694207596E-11    5.479129160754872E-11
0.02746666666666634       5.466245020388388E-11    5.467288976369549E-11    5.469031592141458E-11
0.027499999999999674      5.456182618366644E-11    5.457223090091539E-11    5.458959883582656E-11
0.027533333333333007      5.4461459292579315E-11   5.447182933647672E-11    5.448913933168191E-11
0.02756666666666634       5.436134777990119E-11    5.437168331768346E-11    5.4388935652975805E-11
0.027599999999999673      5.426149164248616E-11    5.427179284137773E-11    5.428898779653029E-11
0.027633333333333007      5.416188991752254E-11    5.4172156943715875E-11   5.418929479677287E-11
0.027666666666666336      5.406254083499323E-11    5.407277385269874E-11    5.408985487838329E-11
0.02769999999999967       5.396344439179608E-11    5.39736435652125E-11     5.39906680382281E-11
0.027733333333333002      5.386459966563509E-11    5.387476515798742E-11    5.3891733351406376E-11
0.027766666666666336      5.3766004896217855E-11   5.377613686876753E-11    5.3793049052372163E-11
0.027799999999999665      5.3667660080486044E-11   5.3677758694483084E-11   5.3694615138036526E-11
0.027833333333333002      5.356956433594595E-11    5.3579629751720664E-11   5.359643072344545E-11
0.02786666666666633       5.3471715896503956E-11   5.3481748272425266E-11   5.34984940372577E-11
0.027899999999999665      5.337411475914691E-11    5.338411425357255E-11    5.3400805076430226E-11
0.027933333333332998      5.327676006499506E-11    5.328672683540159E-11    5.3303362979725935E-11
0.027966666666666327      5.31796500673739E-11     5.3189584269307775E-11   5.320616599530663E-11
0.02799999999999966       5.3082784763314466E-11   5.3092686552311236E-11   5.310921412017417E-11
0.028033333333332994      5.298616330821245E-11    5.299603283894648E-11    5.301250650742049E-11
0.028066666666666327      5.2889783989034386E-11   5.2899621414302025E-11   5.2916041438987884E-11
0.02809999999999966       5.279364680285399E-11    5.280345227544093E-11    5.28198189119215E-11
0.028133333333332993      5.269775090354219E-11    5.2707524575373965E-11   5.272383807779136E-11
0.028166666666666323      5.26020946052167E-11     5.261183662638803E-11    5.26280972458173E-11
0.028199999999999656      5.250667790499396E-11    5.251638842558914E-11    5.253259641308789E-11
0.02823333333333299       5.241149995798629E-11    5.242117912723762E-11    5.2437334732436374E-11
0.028266666666666322      5.2316559120599474E-11   5.23262070859677E-11     5.2342310555529316E-11
0.028299999999999652      5.222185538999212E-11    5.2231472298927835E-11   5.22475238794981E-11
0.02833333333333299       5.2127387911864904E-11   5.213697391095055E-11    5.2152973847721187E-11
0.028366666666666318      5.203315508008342E-11    5.204271031419304E-11    5.205865884949408E-11
0.02839999999999965       5.193915689184343E-11    5.1948681505841146E-11   5.1964578881985917E-11
0.028433333333332984      5.184539251422233E-11    5.18548866521274E-11     5.187073311001426E-11
0.028466666666666314      5.1751860346047995E-11   5.176132415019208E-11    5.177711992789246E-11
0.028499999999999647      5.165856038455536E-11    5.166799399726041E-11    5.168373933282942E-11
0.02853333333333298       5.156549180810163E-11    5.1574895370863356E-11   5.159059050097252E-11
0.02856666666666631       5.147265305104779E-11    5.1482026703722245E-11   5.149767186229658E-11
0.028599999999999643      5.138004411066836E-11    5.138938799310212E-11    5.14049834140507E-11
0.028633333333332976      5.128766416508382E-11    5.129697841629971E-11    5.131252433215204E-11
0.028666666666666306      5.1195511684703096E-11   5.12047964421346E-11     5.122029308275814E-11
0.02869999999999964       5.110358666684031E-11    5.1112842067911616E-11   5.112828966315824E-11
0.028733333333332972      5.1011888284458745E-11   5.102111446576969E-11    5.103651324411078E-11
0.028766666666666302      5.092041503651425E-11    5.0929612133117576E-11   5.094496232043323E-11
0.028799999999999635      5.082916692036194E-11    5.083833506730129E-11    5.085363688945637E-11
0.028833333333332968      5.0738143112796027E-11   5.0747282444303555E-11   5.076253612580402E-11
0.0288666666666663        5.0647342148170535E-11   5.065645279697618E-11    5.067165855981201E-11
0.028899999999999634      5.055676402388004E-11    5.05658461227049E-11     5.05810041888512E-11
0.028933333333332967      5.0466407916557305E-11   5.047546159730781E-11    5.0490572187375536E-11
0.028966666666666297      5.037627238562655E-11    5.0385297778751404E-11   5.040036111091004E-11
0.02899999999999963       5.028635742851748E-11    5.029535466445667E-11    5.031037095686122E-11
0.029033333333332963      5.0196662249781006E-11   5.020563145819053E-11    5.0220600927683095E-11
0.029066666666666297      5.0107185401767736E-11   5.011612671085098E-11    5.013104957184097E-11
0.02909999999999963       5.0017926881944206E-11   5.002684041989609E-11    5.0041716886778715E-11
0.029133333333332963      4.992888591731236E-11    4.993777181157359E-11    4.99526020974811E-11
0.029166666666666292      4.984006107686122E-11    4.9848919453444234E-11   4.98637037691171E-11
0.029199999999999626      4.975145235809417E-11    4.9760283343003185E-11   4.9775021899168005E-11
0.02923333333333296       4.966305900476242E-11    4.967186272326885E-11    4.9686555729425274E-11
0.02926666666666629       4.957487959814246E-11    4.9583656174110076E-11   4.959830383740049E-11
0.02929999999999962       4.9486914135774166E-11   4.949566369305867E-11    4.9510266220611904E-11
0.029333333333332955      4.939916188028837E-11    4.940788454204041E-11    4.942244213980483E-11
0.029366666666666288      4.931162141836828E-11    4.932031730634221E-11    4.933483017792788E-11
0.02939999999999962       4.922429274759231E-11    4.9232961983534555E-11   4.924743033253832E-11
0.029433333333332954      4.913717515006014E-11    4.9145817855043586E-11   4.91602418839347E-11
0.029466666666666284      4.9050267233858913E-11   4.905888352758409E-11    4.907326343653365E-11
0.029499999999999617      4.8963568996604854E-11   4.897215899876458E-11    4.8986494987930746E-11
0.02953333333333295       4.8877079722547445E-11   4.888564355216284E-11    4.8899935820579235E-11
0.029566666666666283      4.879079803970078E-11    4.879933581445456E-11    4.8813584558913724E-11
0.029599999999999616      4.8704723945715164E-11   4.871323578328252E-11    4.8727441200564336E-11
0.02963333333333295       4.8618856741750544E-11   4.8627342759153364E-11   4.8641505044943956E-11
0.02966666666666628       4.8533195062994646E-11   4.8541655375935255E-11   4.85557747237113E-11
0.029699999999999612      4.844773890713272E-11    4.8456173631306105E-11   4.847025023453189E-11
0.029733333333332945      4.8362487582016224E-11   4.837089683247613E-11    4.8384930883542555E-11
0.029766666666666275      4.827743975164762E-11    4.8285823642164125E-11   4.829981533131265E-11
0.029799999999999608      4.8192595413746575E-11   4.8200954058082516E-11   4.821490357554254E-11
0.02983333333333294       4.8107953880153753E-11   4.811628739143463E-11    4.813019492636862E-11
0.029866666666666274      4.8023513835751695E-11   4.803182232585089E-11    4.804568806532471E-11
0.029899999999999607      4.7939275278293246E-11   4.7947558859077064E-11   4.796138299014482E-11
0.02993333333333294       4.7855237531441294E-11   4.7863496314152636E-11   4.7877279022824886E-11
0.02996666666666627       4.777139928625143E-11    4.7779633380896584E-11   4.779337485111344E-11
0.029999999999999603      4.768776054051052E-11    4.769597005708889E-11    4.7709670472778924E-11
0.030033333333332937      4.76043206294295E-11     4.7612505677335283E-11   4.7626165221413985E-11
0.03006666666666627       4.7521078268780556E-11   4.752923895620048E-11    4.754285780956171E-11
0.030099999999999603      4.7438033456384536E-11   4.7446169891498604E-11   4.745974823502497E-11
0.030133333333332936      4.7355185519912895E-11   4.7363297810289257E-11   4.7376835823839214E-11
0.030166666666666266      4.727253321230359E-11    4.7280621464349166E-11   4.729411932583705E-11
0.0301999999999996        4.719007653140991E-11    4.7198140851525076E-11   4.72115987388542E-11
0.030233333333332932      4.7107814791441445E-11   4.711585528540209E-11    4.7129273375430516E-11
0.03026666666666626       4.702574677544899E-11    4.703376354791058E-11    4.704714201562066E-11
0.030299999999999595      4.6943872481318343E-11   4.695186563692996E-11    4.696520465729326E-11
0.030333333333332928      4.686219122632777E-11    4.687016086912095E-11    4.6883460616075394E-11
0.03036666666666626       4.678070182356404E-11    4.6788648056484644E-11   4.680190870215071E-11
0.030399999999999594      4.669940427094539E-11    4.6707327196933016E-11   4.6720548913420635E-11
0.030433333333332927      4.6618297873900396E-11   4.6626197595261244E-11   4.663938055362018E-11
0.030466666666666257      4.653738147172235E-11    4.654525808971742E-11    4.655840245924764E-11
0.03049999999999959       4.645665506235778E-11    4.646450867824191E-11    4.6477614628233125E-11
0.030533333333332923      4.637611797711151E-11    4.638394869153069E-11    4.639701639025361E-11
0.030566666666666256      4.629576904988604E-11    4.630357696244431E-11    4.6316606576425347E-11
0.03059999999999959       4.6215608278657646E-11   4.622339348895302E-11    4.623638518470856E-11
0.030633333333332922      4.613563501909904E-11    4.6143397626151146E-11   4.615635156922948E-11
0.030666666666666252      4.605584810694114E-11    4.60635882087313E-11     4.607650456294272E-11
0.030699999999999585      4.5976247540192914E-11   4.5983965234696595E-11   4.599684416384154E-11
0.030733333333332922      4.589683268259055E-11    4.590452806722044E-11    4.591736973415743E-11
0.030766666666666255      4.5817602394070125E-11   4.582527556522566E-11    4.5838080131117184E-11
0.030799999999999585      4.5738556672672814E-11   4.574620772674771E-11    4.5758975352746644E-11
0.03083333333333292       4.565969486740905E-11    4.566732390021706E-11    4.568005474650561E-11
0.03086666666666625       4.558101586941686E-11    4.558862297580164E-11    4.560131720093828E-11
0.03089999999999958       4.550251967676473E-11    4.551010495156434E-11    4.5522762714098147E-11
0.030933333333332914      4.542420566233425E-11    4.5431769199831034E-11   4.544439065738107E-11
0.030966666666666243      4.534607270956083E-11    4.535361460306494E-11    4.536619991162292E-11
0.030999999999999577      4.5268120816542724E-11   4.5275641159358796E-11   4.5288190474907294E-11
0.03103333333333291       4.5190349374037614E-11   4.519784825893715E-11    4.5210361736566524E-11
0.031066666666666243      4.5112757278179103E-11   4.512023479697708E-11    4.5132712590176654E-11
0.031099999999999576      4.5035344527096276E-11   4.5042800771602316E-11   4.5055243033852474E-11
0.03113333333333291       4.495811050251482E-11    4.496554556400083E-11    4.497795244788203E-11
0.03116666666666624       4.488105413887168E-11    4.48884681076937E-11     4.4900839764253585E-11
0.031199999999999572      4.480417543432533E-11    4.481156840083417E-11    4.482390498111161E-11
0.03123333333333291       4.4727473750852914E-11   4.473484580483902E-11    4.474714745893511E-11
0.03126666666666624       4.465094805665252E-11    4.4658299287035477E-11   4.467056616359375E-11
0.03129999999999957       4.45745983499086E-11     4.4581928845602866E-11   4.4594161093258355E-11
0.03133333333333291       4.449842400659673E-11    4.450573385596839E-11    4.451793162243834E-11
0.03136666666666624       4.442242399261155E-11    4.442971328316171E-11    4.444187671471584E-11
0.03139999999999957       4.434659830616503E-11    4.4353867125389805E-11   4.436599636828946E-11
0.031433333333332904      4.427094635011155E-11    4.427819478498745E-11    4.4290289984624447E-11
0.03146666666666623       4.4195467082912384E-11   4.42026952195471E-11     4.4214756519859266E-11
0.03149999999999957       4.412016050280753E-11    4.4127368427303927E-11   4.41393959722209E-11
0.03153333333333291       4.4045026052253145E-11   4.4052213850234366E-11   4.406420778288313E-11
0.031566666666666236      4.39700626601906E-11     4.3977230416386975E-11   4.3989190878400385E-11
0.031599999999999566      4.3895270324887666E-11   4.390241812402479E-11    4.3914345257027694E-11
0.031633333333332896      4.3820648566548373E-11   4.3827776492948684E-11   4.38396704378914E-11
0.031666666666666225      4.374619624373342E-11    4.375330438076214E-11    4.3765165276993056E-11
0.03169999999999956       4.3671913354737455E-11   4.367900178575513E-11    4.369082977261485E-11
0.0317333333333329        4.3597799511633464E-11   4.360486831969609E-11    4.3616663536015654E-11
0.03176666666666623       4.3523853510779656E-11   4.3530902777923275E-11   4.3542665360826917E-11
0.03179999999999956       4.345007535050419E-11    4.345710515876031E-11    4.346883524536462E-11
0.031833333333332894      4.337646469788249E-11    4.3383475129037616E-11   4.3395172856049285E-11
0.031866666666666224      4.3303020330736924E-11   4.331001146553919E-11    4.332167696792727E-11
0.031899999999999554      4.322974224742253E-11    4.323671416661562E-11    4.324834757934175E-11
0.03193333333333289       4.3156630142247874E-11   4.316358292634927E-11    4.3175184383996716E-11
0.03196666666666622       4.308368278668393E-11    4.309061651518172E-11    4.310218615061112E-11
0.03199999999999956       4.3010900179113016E-11   4.3017814931490946E-11   4.3029352877555647E-11
0.03203333333333289       4.2938281996758796E-11   4.294517785226546E-11    4.295668424142546E-11
0.03206666666666622       4.286582705944823E-11    4.2872704096344375E-11   4.2884179059406684E-11
0.03209999999999955       4.2793535365588925E-11   4.280039366213107E-11    4.281183732989558E-11
0.03213333333333288       4.272140659249815E-11    4.27282462267014E-11     4.273965872956422E-11
0.03216666666666621       4.264943956350333E-11    4.2656260612412386E-11   4.2667642079145774E-11
0.03219999999999955       4.257763427703841E-11    4.2584436817693806E-11   4.2595787377063126E-11
0.032233333333332885      4.250599040622765E-11    4.251277451543198E-11    4.252409429580445E-11
0.032266666666666215      4.2434506804205E-11      4.244127255781537E-11    4.245256168597623E-11
0.032299999999999544      4.2363183469428505E-11   4.236993094329797E-11    4.238118954602567E-11
0.03233333333333288       4.229202008523734E-11    4.2298749354983675E-11   4.230997755866309E-11
0.03236666666666621       4.2221015513966103E-11   4.222772665428286E-11    4.223892458375242E-11
0.03239999999999954       4.215016975409822E-11    4.2156862839675005E-11   4.216803061976655E-11
0.03243333333333288       4.207948245960998E-11    4.2086157564881904E-11   4.20972953200016E-11
0.03246666666666621       4.2008952550068776E-11   4.201560974859502E-11    4.202671760168333E-11
0.03249999999999954       4.193858002398179E-11    4.194521938931764E-11    4.195629746330857E-11
0.03253333333333288       4.186836452542713E-11    4.187498613086033E-11    4.1886034548240326E-11
0.03256666666666621       4.179830498551882E-11    4.1804908903483025E-11   4.1815927785309523E-11
0.03259999999999954       4.1728401402789856E-11   4.1734987705714934E-11   4.1745977173039084E-11
0.03263333333333287       4.165865342121617E-11    4.1665222181270296E-11   4.167618235470547E-11
0.0326666666666662        4.158905998392375E-11    4.159561127243055E-11    4.160654227117706E-11
0.032699999999999535      4.151962108946828E-11    4.152615497774767E-11    4.15370569209997E-11
0.03273333333333287       4.1450336420179876E-11   4.145685297931696E-11    4.14677259858759E-11
0.0327666666666662        4.13812049005633E-11     4.138770420079502E-11    4.139854838804318E-11
0.03279999999999953       4.131222652919835E-11    4.1318708640758036E-11   4.132952412607166E-11
0.03283333333333287       4.124340097848364E-11    4.124986597136793E-11    4.126065287172746E-11
0.0328666666666662        4.117472721321301E-11    4.118117515660271E-11    4.1191933587623614E-11
0.032899999999999534      4.110620523198877E-11    4.111263619506115E-11    4.112336627235297E-11
0.03293333333333286       4.103783469763519E-11    4.10442487493195E-11     4.105495058807695E-11
0.0329666666666662        4.0969614597894895E-11   4.0976011806333646E-11   4.0986685520435234E-11
0.03299999999999953       4.0901544931395264E-11   4.090792536472749E-11    4.091857106804596E-11
0.033033333333332866      4.083362533970636E-11    4.083998906581039E-11    4.08506068717823E-11
0.033066666666666196      4.0765854833784095E-11   4.077220191977133E-11    4.078279194055029E-11
0.033099999999999526      4.0698233412276996E-11   4.070456392525546E-11    4.0715126272989435E-11
0.033133333333332855      4.063076076281285E-11    4.063707476966272E-11    4.0647609556118514E-11
0.033166666666666185      4.056343586330645E-11    4.056973343012441E-11    4.058024076575817E-11
0.03319999999999952       4.0496258712429304E-11   4.050253990530874E-11    4.05130199005711E-11
0.03323333333333286       4.042922901143278E-11    4.043549389625728E-11    4.0445946661247993E-11
0.03326666666666619       4.0362345750320134E-11   4.036859439219724E-11    4.037902003571775E-11
0.03329999999999952       4.0295608927784765E-11   4.0301841391818785E-11   4.031224002266519E-11
0.033333333333332854      4.0229018260702664E-11   4.023523461179516E-11    4.0245606338424475E-11
0.033366666666666184      4.016257273601578E-11    4.016877303830127E-11    4.017911796788734E-11
0.03339999999999952       4.0096272352439806E-11   4.0102456670049666E-11   4.0112774909761074E-11
0.03343333333333285       4.0030116822753974E-11   4.003628521961871E-11    4.004657687628809E-11
0.03346666666666619       3.996410515245672E-11    3.997025769175412E-11    3.9980522870954996E-11
0.033499999999999516      3.989823734028449E-11    3.990437408518928E-11    3.9914612892490025E-11
0.03353333333333285       3.98325131189245E-11     3.983863413242345E-11    3.984884667307806E-11
0.03356666666666618       3.9766931495644963E-11   3.977303683998132E-11    3.9783223218000164E-11
0.03359999999999951       3.970149246920489E-11    3.970758220661894E-11    3.9717742526007326E-11
0.03363333333333284       3.9636195741614244E-11   3.964226993414171E-11    3.965240429856285E-11
0.03366666666666617       3.9571040378048577E-11   3.9577099087024783E-11   3.958720759897033E-11
0.03369999999999951       3.950602637728819E-11    3.951206966404553E-11    3.952215242600223E-11
0.033733333333332845      3.9441153417890826E-11   3.94471813435319E-11     3.945723845760224E-11
0.033766666666666174      3.937642058785054E-11    3.938243321280924E-11    3.9392464779977066E-11
0.033799999999999504      3.931182788596824E-11    3.931782527067558E-11    3.932783139191994E-11
0.03383333333333284       3.924737495185325E-11    3.925335715648066E-11    3.9263337932346516E-11
0.03386666666666617       3.9183060956138726E-11   3.918902804025506E-11    3.919898357027946E-11
0.03389999999999951       3.9118885897646034E-11   3.912483792081737E-11    3.913476830453266E-11
0.03393333333333284       3.9054849361503555E-11   3.906078638299122E-11    3.9070691719420206E-11
0.03396666666666617       3.899095056027266E-11    3.8996872638778756E-11   3.900675302600873E-11
0.0339999999999995        3.892718949279355E-11    3.8933096687017454E-11   3.8942952223131144E-11
0.03403333333333284       3.8863565737418784E-11   3.886945810574851E-11    3.887928888830802E-11
0.03406666666666617       3.880007852125939E-11    3.880595612153955E-11    3.881576224719805E-11
0.0340999999999995        3.8736727843175084E-11   3.874259073324763E-11    3.875237229865386E-11
0.03413333333333283       3.8673513293444907E-11   3.8679361530848414E-11   3.8689118632143695E-11
0.03416666666666616       3.861043410103352E-11    3.8616267742768894E-11   3.8626000475195324E-11
0.034199999999999495      3.854749026481964E-11    3.8553309367885194E-11   3.856301782668047E-11
0.03423333333333283       3.8484681391122847E-11   3.849048601222658E-11    3.850017029214296E-11
0.03426666666666616       3.842200670073519E-11    3.842779689604496E-11    3.843745709093123E-11
0.03429999999999949       3.835946619255506E-11    3.8365242018236146E-11   3.837487822193685E-11
0.03433333333333283       3.829705948921553E-11    3.8302821001159235E-11   3.8312433307060724E-11
0.03436666666666616       3.823478581496855E-11    3.824053306852934E-11    3.8250121569120116E-11
0.034399999999999493      3.817264516873234E-11    3.81783782192622E-11     3.8187943007026597E-11
0.03443333333333282       3.8110637178602664E-11   3.811635608118369E-11    3.8125897248154744E-11
0.03446666666666616       3.8048761076365556E-11   3.805446588555292E-11    3.80639835228824E-11
0.03449999999999949       3.798701686095782E-11    3.7992707631304245E-11   3.800220183013983E-11
0.034533333333332826      3.7925404168692954E-11   3.793108095448818E-11    3.794055180553771E-11
0.034566666666666156      3.7863922231566764E-11   3.786958508657757E-11    3.787903267967433E-11
0.034599999999999485      3.780257104853485E-11    3.7808220026525637E-11   3.781764445149893E-11
0.034633333333332815      3.774135026506511E-11    3.774698541954693E-11    3.7756386765802423E-11
0.034666666666666145      3.768025912378603E-11    3.768588050775615E-11    3.7695258863840255E-11
0.03469999999999948       3.761929762367197E-11    3.762490529012536E-11    3.763426074458061E-11
0.03473333333333282       3.7558465411650015E-11   3.7564059413329836E-11   3.757339205427772E-11
0.03476666666666615       3.7497761742323514E-11   3.7503342131471114E-11   3.7512652046193934E-11
0.03479999999999948       3.743718661468502E-11    3.7442753443539506E-11   3.7452040719315755E-11
0.034833333333332814      3.7376739677765637E-11   3.738229299831708E-11    3.739155772200885E-11
0.03486666666666614       3.731642019059062E-11    3.732196005433345E-11    3.733120231197399E-11
0.03489999999999948       3.7256228152171315E-11   3.726175461059774E-11    3.727097448821659E-11
0.03493333333333281       3.7196163218516755E-11   3.720167632287868E-11    3.721087390610348E-11
0.034966666666666146      3.713622465872864E-11    3.7141724459789966E-11   3.7150899833432364E-11
0.034999999999999476      3.7076412471836804E-11   3.708189902035927E-11    3.709105226922727E-11
0.03503333333333281       3.701672631424837E-11    3.702219966075325E-11    3.703133086925274E-11
0.03506666666666614       3.695716546370293E-11    3.696262565823433E-11    3.697173490997325E-11
0.03509999999999947       3.689772991924728E-11    3.6903177011847173E-11   3.6912264390429966E-11
0.0351333333333328        3.6838419344282656E-11   3.6843853384758254E-11   3.685291897339676E-11
0.03516666666666613       3.6779233022309776E-11   3.678465405999841E-11    3.679369794111877E-11
0.03519999999999946       3.672017095239309E-11    3.672557903663002E-11    3.673460129265493E-11
0.03523333333333279       3.666123279484788E-11    3.6666627974733794E-11   3.667562868769363E-11
0.03526666666666612       3.6602417854296996E-11   3.660780017847912E-11    3.661677942964602E-11
0.03529999999999946       3.654372612982249E-11    3.6549095646946016E-11   3.6558053517588715E-11
0.03533333333333279       3.6485157272559925E-11   3.649051403102797E-11    3.6499450602010523E-11
0.03536666666666612       3.642671060271405E-11    3.6432054650491984E-11   3.6440970001946385E-11
0.03539999999999946       3.6368386119383377E-11   3.637371750443458E-11    3.6382611716489516E-11
0.035433333333332796      3.631018347689788E-11    3.6315502246946356E-11   3.632437539933023E-11
0.035466666666666126      3.6252102000731844E-11   3.6257408203070555E-11   3.626626037479108E-11
0.035499999999999456      3.619414169000083E-11    3.61994353719208E-11     3.6208266641982464E-11
0.035533333333332785      3.6136302199434E-11      3.614158340798955E-11    3.615039385500108E-11
0.03556666666666612       3.6078582870010734E-11   3.608385165183736E-11    3.609264135370707E-11
0.03559999999999945       3.602098370086346E-11    3.602624010259475E-11    3.6035009137227784E-11
0.03563333333333279       3.5963504342823284E-11   3.596874841085301E-11    3.5977496855753586E-11
0.03566666666666612       3.5906144149871045E-11   3.5911375930187095E-11   3.592010386218081E-11
0.03569999999999945       3.584890312115489E-11    3.5854122659743326E-11   3.586283015565267E-11
0.03573333333333278       3.579178091112352E-11    3.5796988253733047E-11   3.580567538998365E-11
0.03576666666666611       3.573477687848092E-11    3.5739972070461E-11      3.574863892281098E-11
0.03579999999999944       3.567789102239153E-11    3.568307410908982E-11    3.5691720753294255E-11
0.03583333333333278       3.562112299600089E-11    3.562629402252801E-11    3.563492053394567E-11
0.03586666666666611       3.556447217463242E-11    3.556963118571351E-11    3.5578237639058646E-11
0.035899999999999446      3.550793855746633E-11    3.551308559782478E-11    3.5521672067808725E-11
0.03593333333333278       3.5451521794004935E-11   3.5456656908123403E-11   3.546522346905501E-11
0.03596666666666611       3.5395221269937665E-11   3.5400344501924956E-11   3.540889122748802E-11
0.03599999999999944       3.533903698445967E-11    3.5344148378422866E-11   3.53526753422983E-11
0.03603333333333277       3.5282968597082884E-11   3.528806819689516E-11    3.529657547237277E-11
0.03606666666666611       3.5227015490599794E-11   3.5232103339761325E-11   3.524059099950731E-11
0.03609999999999944       3.5171177664221076E-11   3.517625380623035E-11    3.51847219229081E-11
0.036133333333332775      3.5115454789360574E-11   3.512051926749168E-11    3.5128967913389425E-11
0.036166666666666104      3.505984624795397E-11    3.5064899105109334E-11   3.5073328351893893E-11
0.036199999999999434      3.500435203922729E-11    3.5009393318307684E-11   3.501780323764314E-11
0.036233333333332764      3.4948971850719226E-11   3.4954001594412165E-11   3.4962392257606046E-11
0.03626666666666609       3.489370505451141E-11    3.4898723305128804E-11   3.490709478286071E-11
0.03629999999999943       3.483855164984479E-11    3.484355844969698E-11    3.48519108126438E-11
0.03633333333333277       3.4783511351903615E-11   3.4788506743106783E-11   3.479684006162093E-11
0.036366666666666096      3.472858350984267E-11    3.4733567534122803E-11   3.474188187790427E-11
0.03639999999999943       3.4673768122917784E-11   3.4678740821999276E-11   3.468703626074544E-11
0.03643333333333277       3.461906495654361E-11    3.462402637199753E-11    3.46323029751494E-11
0.0364666666666661        3.456447330727176E-11    3.4569423480238994E-11   3.4577681316518436E-11
0.03649999999999943       3.450999317437638E-11    3.451493214599632E-11    3.4523171284122604E-11
0.03653333333333276       3.445562438295096E-11    3.4460552194255656E-11   3.446877270276872E-11
0.036566666666666095      3.4401366195744976E-11   3.44062828873109E-11     3.441448483398899E-11
0.036599999999999425      3.434721861204775E-11    3.4352124224449845E-11   3.436030767706872E-11
0.03663333333333276       3.429318146850452E-11    3.4298076042218524E-11   3.430624106838806E-11
0.03666666666666609       3.423925404008577E-11    3.4244137615143234E-11   3.4252284281730697E-11
0.03669999999999942       3.418543632609659E-11    3.41903089425276E-11     3.41984373163978E-11
0.03673333333333275       3.413172812755256E-11    3.41365898252687E-11     3.414469997308845E-11
0.03676666666666608       3.407812877141068E-11    3.408297958991188E-11    3.409107157765974E-11
0.036799999999999417      3.4024638256990306E-11   3.402947823577505E-11    3.403755212942716E-11
0.03683333333333275       3.397125635090977E-11    3.3976085529334623E-11   3.398414139462993E-11
0.03686666666666608       3.3917982426535214E-11   3.392280084358021E-11    3.3930838745628144E-11
0.03689999999999942       3.386481648320113E-11    3.3869624177844876E-11   3.3877644181752545E-11
0.036933333333332756      3.381175822895025E-11    3.381655523999089E-11    3.382455741056369E-11
0.036966666666666086      3.3758807105936567E-11   3.3763593471843804E-11   3.3771577873338146E-11
0.036999999999999415      3.370596311350757E-11    3.371073887274977E-11    3.371870556941975E-11
0.037033333333332745      3.3653225931767043E-11   3.365799112260984E-11    3.3665940178370695E-11
0.03706666666666608       3.3600595026695096E-11   3.360534968709849E-11    3.3613281165354524E-11
0.03709999999999941       3.3548070397651254E-11   3.35528145655739E-11     3.3560728529727187E-11
0.03713333333333275       3.349565172010397E-11    3.350038543329602E-11    3.350828194640011E-11
0.03716666666666608       3.3443338466825916E-11   3.344806176274065E-11    3.345594088735282E-11
0.03719999999999941       3.339113063718989E-11    3.3395843553279276E-11   3.340370535195462E-11
0.03723333333333274       3.333902791668222E-11    3.334373049019705E-11    3.335157502515436E-11
0.037266666666666066      3.328702977696402E-11    3.3291722044858335E-11   3.3299549377820356E-11
0.0372999999999994        3.323513621742162E-11    3.323981821664817E-11    3.324762840933551E-11
0.03733333333333274       3.318334693471341E-11    3.318801870203048E-11    3.319581181583869E-11
0.03736666666666607       3.3131661395340617E-11   3.3136322967209473E-11   3.314409906303761E-11
0.037399999999999406      3.3080079598702274E-11   3.3084731011582947E-11   3.309249015032796E-11
0.03743333333333274       3.3028601259263214E-11   3.303324254943297E-11    3.3040984791686347E-11
0.03746666666666607       3.297722583498724E-11    3.29818570384226E-11     3.298958244427316E-11
0.0374999999999994        3.2925953325286824E-11   3.29305744779631E-11     3.2938283107497584E-11
0.03753333333333273       3.287478345096376E-11    3.2879394588679284E-11   3.288708650168861E-11
0.03756666666666607       3.282371567685842E-11    3.282831683511606E-11    3.2835992090897294E-11
0.0375999999999994        3.277275000239658E-11    3.2777341216698E-11      3.278499987454617E-11
0.037633333333332734      3.2721886148722455E-11   3.272646745439184E-11    3.273410957330533E-11
0.037666666666666064      3.26711235859264E-11     3.2675695017998985E-11   3.268332065649326E-11
0.037699999999999394      3.2620462313446394E-11   3.2625023906956274E-11   3.263263312354479E-11
0.03773333333333272       3.256990206675848E-11    3.257445385657115E-11    3.2582046709485675E-11
0.03776666666666605       3.2519442305793514E-11   3.252398432648098E-11    3.2531560873462627E-11
0.03779999999999939       3.2469083030002234E-11   3.247361531613535E-11    3.248117561492328E-11
0.037833333333332726      3.241882399007105E-11    3.242334657606412E-11    3.243089068413598E-11
0.037866666666666056      3.236866464299736E-11    3.237317756296886E-11    3.238070553730772E-11
0.03789999999999939       3.23186049882455E-11     3.23231082763128E-11     3.233062017389987E-11
0.03793333333333273       3.226864478031695E-11    3.2273138470446104E-11   3.228063434800974E-11
0.03796666666666606       3.2218783484789E-11      3.22232676106547E-11     3.2230747524436224E-11
0.03799999999999939       3.216902110113924E-11    3.2173495696415047E-11   3.218095970265392E-11
0.03803333333333272       3.211935738118496E-11    3.2123822479391526E-11   3.2131270634071653E-11
0.038066666666666055      3.206979179613482E-11    3.2074247430507586E-11   3.208167978913617E-11
0.038099999999999384      3.2020324345478415E-11   3.202477054925179E-11    3.2032187167334244E-11
0.03813333333333272       3.1970954790551E-11      3.197539159681268E-11    3.198279252960926E-11
0.03816666666666605       3.192168260070228E-11    3.1926110042255155E-11   3.193349534455013E-11
0.03819999999999938       3.187250777543445E-11    3.187692588508037E-11    3.1884295611656205E-11
0.03823333333333271       3.1823430078466465E-11   3.182783888886392E-11    3.183519309426351E-11
0.03826666666666604       3.177444898827708E-11    3.1778848531805595E-11   3.1786187270105635E-11
0.038299999999999376      3.172556450438104E-11    3.172995481341914E-11    3.173727813869455E-11
0.03833333333333271       3.1676776386554846E-11   3.1681157493335386E-11   3.168846545941765E-11
0.03836666666666604       3.162808412495519E-11    3.163245606144106E-11    3.163974872171048E-11
0.03839999999999938       3.157948771910866E-11    3.1583850517261727E-11   3.159112792509692E-11
0.038433333333332716      3.153098692758154E-11    3.1535340619217726E-11   3.1542602827753414E-11
0.038466666666666045      3.1482581245907743E-11   3.148692586257787E-11    3.149417292450566E-11
0.038499999999999375      3.143427067362611E-11    3.143860624688E-11       3.144583821488986E-11
0.038533333333332705      3.13860549702535E-11     3.139038153149747E-11    3.139759845803948E-11
0.03856666666666604       3.133793364241841E-11    3.134225122280038E-11    3.1349453159892825E-11
0.03859999999999937       3.128990668967197E-11    3.1294215320338894E-11   3.130140231999841E-11
0.03863333333333271       3.1241973866363236E-11   3.124627357831399E-11    3.125344569230978E-11
0.03866666666666604       3.11941346843069E-11     3.119842550828916E-11    3.120558278797056E-11
0.03869999999999937       3.114638914306493E-11    3.11506711098254E-11     3.115781360654018E-11
0.038733333333332697      3.109873701545654E-11    3.110301015560391E-11    3.111013792046907E-11
0.038766666666666026      3.1051177798349284E-11   3.105544214223414E-11    3.106255522593541E-11
0.03879999999999936       3.1003711491316526E-11   3.1007967069288513E-11   3.1015065522510064E-11
0.0388333333333327        3.0956337888261284E-11   3.096058473054623E-11    3.096766860376532E-11
0.03886666666666603       3.0909056473384315E-11   3.091329460994244E-11    3.092036395319243E-11
0.038899999999999366      3.086186724627121E-11    3.086609670706183E-11    3.087315157037453E-11
0.0389333333333327        3.0814770014290885E-11   3.081899082915951E-11    3.0826031262376515E-11
0.03896666666666603       3.076776425996067E-11    3.077197645848602E-11    3.077900251100315E-11
0.03899999999999936       3.0720849982877863E-11   3.072505359463777E-11    3.073206531584931E-11
0.03903333333333269       3.0674026994400576E-11   3.067822204886117E-11    3.0685219487974806E-11
0.03906666666666603       3.062729478033647E-11    3.0631481306701404E-11   3.063846451248609E-11
0.03909999999999936       3.058065334029385E-11    3.0584831367765886E-11   3.059180038898908E-11
0.039133333333332694      3.053410248189686E-11    3.0538272039565124E-11   3.054522692480451E-11
0.039166666666666024      3.048764170585344E-11    3.049180282255458E-11    3.04987436199658E-11
0.03919999999999935       3.044127101178331E-11    3.044542371635309E-11    3.045235047409032E-11
0.03923333333333268       3.039499019350512E-11    3.039913451465912E-11    3.040604728067574E-11
0.03926666666666601       3.0348798772934336E-11   3.0352934739148224E-11   3.035983356099667E-11
0.03929999999999935       3.0302696749702094E-11   3.0306824389450687E-11   3.031370931468195E-11
0.039333333333332686      3.0256683909178405E-11   3.026080325081184E-11    3.02676743267686E-11
0.039366666666666016      3.021075978390559E-11    3.021487085554142E-11    3.022172812917766E-11
0.03939999999999935       3.0164924373525886E-11   3.0169027203280836E-11   3.0175870721549125E-11
0.03943333333333269       3.0119177467994794E-11   3.0123272083864395E-11   3.013010189351489E-11
0.03946666666666602       3.007351859853887E-11    3.007760502828615E-11    3.0084421175680354E-11
0.03949999999999935       3.0027947764811695E-11   3.003202603619882E-11    3.0038828567696855E-11
0.039533333333332685      2.9982464762657174E-11   2.9986534903330085E-11   2.999332386509785E-11
0.039566666666666014      2.993706912814902E-11    2.994113116552412E-11    2.994790660334392E-11
0.039599999999999344      2.9891760860951904E-11   2.989581482244478E-11    2.990257678209753E-11
0.03963333333333268       2.984653975658768E-11    2.985058566949724E-11    2.985733419656899E-11
0.03966666666666601       2.9801405357496694E-11   2.980544324889787E-11    2.9812178388600297E-11
0.03969999999999934       2.9756357663354086E-11   2.976038756032099E-11    2.9767109357864444E-11
0.03973333333333267       2.9711396469472836E-11   2.9715418398962166E-11   2.972212689936081E-11
0.039766666666666         2.9666521323380154E-11   2.967053531212987E-11    2.9677230560032286E-11
0.039799999999999336      2.9621732224761724E-11   2.9625738299508975E-11   2.9632420339562475E-11
0.03983333333333267       2.957702896696446E-11    2.958102715432867E-11    2.958769603098378E-11
0.039866666666666         2.953241110902036E-11    2.95364014354093E-11     2.954305719276293E-11
0.03989999999999934       2.9487878650625815E-11   2.949186114244646E-11    2.9498503824594216E-11
0.039933333333332675      2.9443431381534816E-11   2.944740606507423E-11    2.945403571591123E-11
0.039966666666666005      2.9399068867889436E-11   2.940303576922865E-11    2.940965243230583E-11
0.039999999999999335      2.9354791109396414E-11   2.935875025461572E-11    2.9365353973482694E-11
0.04003333333333267       2.9310597900770635E-11   2.9314549315833186E-11   2.932114013384397E-11
0.040066666666666         2.926648880625216E-11    2.927043251691522E-11    2.92770104770797E-11
0.04009999999999933       2.9222463825558625E-11   2.922639985757869E-11    2.923296500290549E-11
0.04013333333333267       2.917852276173632E-11    2.918245114075915E-11    2.918900351407193E-11
0.040166666666666         2.913466517849337E-11    2.91385859299582E-11     2.914512557373544E-11
0.04019999999999933       2.9090891075558326E-11   2.909480422490366E-11    2.9101331181622604E-11
0.040233333333332656      2.9047200261091377E-11   2.9051105833648054E-11   2.9057620145606125E-11
0.040266666666665986      2.900359229955576E-11    2.9007490320449957E-11   2.901399202960257E-11
0.04029999999999932       2.8960067190690275E-11   2.8963957685047434E-11   2.8970446833348772E-11
0.04033333333333266       2.8916624748816033E-11   2.892050774165726E-11    2.8926984370887225E-11
0.04036666666666599       2.887326453748088E-11    2.8877140053623742E-11   2.8883604205222076E-11
0.040399999999999325      2.8829986556434052E-11   2.8833854620695394E-11   2.8840306336100637E-11
0.04043333333333266       2.8786790622017823E-11   2.8790651259112122E-11   2.8797090579591814E-11
0.04046666666666599       2.8743676304978233E-11   2.8747529539420846E-11   2.8753956505909796E-11
0.04049999999999932       2.8700643605075162E-11   2.8704489461380736E-11   2.871090411481256E-11
0.04053333333333266       2.8657692338033183E-11   2.8661530840612748E-11   2.8667933221747963E-11
0.04056666666666599       2.8614822074971056E-11   2.861865324803933E-11    2.8625043397310423E-11
0.04059999999999932       2.8572032815658576E-11   2.857585668342957E-11    2.8582234641267847E-11
0.040633333333332654      2.8529324394445138E-11   2.853314098103825E-11    2.8539506787716968E-11
0.04066666666666598       2.848669636640037E-11    2.8490505695731727E-11   2.8496859391184453E-11
0.04069999999999931       2.8444148731303967E-11   2.8447950827288994E-11   2.8454292451448135E-11
0.04073333333333264       2.8401681346901284E-11   2.840547623337538E-11    2.8411805826039682E-11
0.04076666666666597       2.8359293747236917E-11   2.8363081447819955E-11   2.8369399048428042E-11
0.04079999999999931       2.8316985932102625E-11   2.8320766470413806E-11   2.8327072118403137E-11
0.040833333333332646      2.8274757790031355E-11   2.8278531189628018E-11   2.8284824924332753E-11
0.040866666666665975      2.8232608832530867E-11   2.8236375116742706E-11   2.8242656977116614E-11
0.04089999999999931       2.819053905940325E-11    2.8194298251559264E-11   2.8200568276554967E-11
0.04093333333333265       2.814854837835412E-11    2.815230050173206E-11    2.8158558730216566E-11
0.04096666666666598       2.8106636295665416E-11   2.8110381373313054E-11   2.8116627843769112E-11
0.04099999999999931       2.80648028111504E-11     2.806854086611482E-11    2.8074775617024043E-11
0.041033333333332644      2.8023047820956852E-11   2.802677887623032E-11    2.8033001945982734E-11
0.041066666666665974      2.7981370850641347E-11   2.798509492899577E-11    2.7991306355613246E-11
0.041099999999999304      2.7939771900027294E-11   2.7943489024233917E-11   2.7949688845737197E-11
0.04113333333333264       2.789825086267518E-11    2.7901961055447163E-11   2.7908149309759964E-11
0.04116666666666597       2.7856807266936E-11      2.786051055077097E-11    2.7866687275456912E-11
0.0411999999999993        2.7815441112643542E-11   2.7819137510038467E-11   2.7825302742660055E-11
0.04123333333333263       2.7774152289300113E-11   2.77778418226937E-11     2.778399560071612E-11
0.04126666666666596       2.773294033887646E-11    2.773662303049812E-11    2.7742765391036848E-11
0.041299999999999296      2.769180526121651E-11    2.7695481133294977E-11   2.7701612113464367E-11
0.04133333333333263       2.765074694713959E-11    2.7654416021844288E-11   2.766053565865967E-11
0.04136666666666596       2.7609764938357808E-11   2.7613427237651704E-11   2.761953556778339E-11
0.0413999999999993        2.7568859234725503E-11   2.757251478057089E-11    2.7578611840688113E-11
0.041433333333332635      2.7528029726046787E-11   2.7531678540347738E-11   2.7537764367022482E-11
0.041466666666665965      2.7487275963037284E-11   2.7490918067495515E-11   2.7496992696961663E-11
0.041499999999999294      2.74465979455615E-11     2.745023336187807E-11    2.745629683036841E-11
0.04153333333333263       2.7405995567318634E-11   2.7409624317136854E-11   2.7415676660787674E-11
0.04156666666666596       2.736546837697651E-11    2.7369090481738954E-11   2.7375131736351238E-11
0.04159999999999929       2.7325016374410208E-11   2.7328631855558803E-11   2.733466205693244E-11
0.04163333333333263       2.728463945262087E-11    2.72882483315408E-11     2.7294267515380843E-11
0.04166666666666596       2.724433716682987E-11    2.724793946470894E-11    2.725394766639072E-11
0.041699999999999286      2.7204109516922375E-11   2.720770525494774E-11    2.7213702509845498E-11
0.041733333333332616      2.716395640268747E-11    2.716754560199081E-11    2.7173531945386135E-11
0.041766666666665946      2.712387737546297E-11    2.712746005697968E-11    2.71334355238262E-11
0.04179999999999928       2.7083872435144463E-11   2.708744861980929E-11    2.7093413245059545E-11
0.04183333333333262       2.7043941475814255E-11   2.7047511184507793E-11   2.7053465003023917E-11
0.04186666666666595       2.7004084071781363E-11   2.70076473251955E-11     2.701359037152433E-11
0.041899999999999285      2.696430022295264E-11    2.6967857041778627E-11   2.6973789350465942E-11
0.04193333333333262       2.6924589805581223E-11   2.6928140210446684E-11   2.6934061815931986E-11
0.04196666666666595       2.688495240809428E-11    2.688849641944793E-11    2.6894407355871793E-11
0.04199999999999928       2.6845388030409327E-11   2.6848925668699227E-11   2.685482597020116E-11
0.04203333333333262       2.6805896527716837E-11   2.6809427813318194E-11   2.681531751391603E-11
0.04206666666666595       2.676647752584902E-11    2.6770002478976058E-11   2.6775881612418667E-11
0.04209999999999928       2.672713102473387E-11    2.6730649665600174E-11   2.673651826563536E-11
0.042133333333332613      2.6687856856566372E-11   2.669136920530041E-11    2.669722730553382E-11
0.04216666666666594       2.6648654662937018E-11   2.665216073951719E-11    2.6658008373303708E-11
0.04219999999999927       2.6609524443783768E-11   2.6613024268187813E-11   2.6618861468881268E-11
0.04223333333333261       2.6570466029917258E-11   2.6573959622036253E-11   2.6579786422845685E-11
0.042266666666665946      2.653147906452445E-11    2.6534966444102002E-11   2.6540782877990103E-11
0.042299999999999276      2.6492563547553528E-11   2.64960447343326E-11     2.6501850834261005E-11
0.04233333333333261       2.6453719320890596E-11   2.6457194334532113E-11   2.64629901333254E-11
0.04236666666666594       2.6414946021811284E-11   2.641841488182706E-11    2.6424200412060722E-11
0.04239999999999927       2.6376243650274277E-11   2.637970637617548E-11    2.638548167042394E-11
0.04243333333333261       2.633761205428557E-11    2.63410686655044E-11     2.634683375621011E-11
0.04246666666666594       2.6299050870118724E-11   2.630250138593868E-11    2.630825630529574E-11
0.04249999999999927       2.6260560097743298E-11   2.626400453744726E-11    2.6269749317648675E-11
0.042533333333332604      2.622213958615964E-11    2.6225577968952913E-11   2.623131264206221E-11
0.042566666666665934      2.6183788978416825E-11   2.6187221323359404E-11   2.619294592119731E-11
0.04259999999999926       2.6145508274495382E-11   2.6148934600646636E-11   2.6154649155032824E-11
0.0426333333333326        2.610729732045724E-11    2.611071764679732E-11    2.6116422189419157E-11
0.04266666666666593       2.606915576388878E-11    2.6072570109256145E-11   2.60782646715643E-11
0.04269999999999926       2.6031083604781128E-11   2.6034491988013608E-11   2.6040176601457676E-11
0.042733333333332596      2.5993080694739383E-11   2.5996483134598302E-11   2.6002157830500132E-11
0.04276666666666593       2.5955146678856562E-11   2.595854319396102E-11    2.596420800340483E-11
0.04279999999999926       2.5917281557135084E-11   2.592067216610353E-11    2.5926327120172483E-11
0.0428333333333326        2.5879485184464342E-11   2.5882869905841534E-11   2.588851503549572E-11
0.04286666666666593       2.584175720961967E-11    2.5845136061809688E-11   2.5850771397774166E-11
0.04289999999999926       2.5804097632614844E-11   2.580747063402115E-11    2.5813096207019887E-11
0.042933333333332595      2.5766506308401546E-11   2.576987347735401E-11    2.5775489317988194E-11
0.042966666666665924      2.572898288912758E-11    2.5732344243818007E-11   2.5737950382458112E-11
0.042999999999999254      2.5691527374817698E-11   2.5694882933437237E-11   2.570047940045267E-11
0.04303333333333259       2.5654139622686267E-11   2.5657489403353545E-11   2.566307622899253E-11
0.04306666666666592       2.5616819286262805E-11   2.5620163306960006E-11   2.5625740521242877E-11
0.04309999999999925       2.5579566365583363E-11   2.5582904644291997E-11   2.5588472277238015E-11
0.04313333333333259       2.5542380717373815E-11   2.5545713272003302E-11   2.5551271353511263E-11
0.043166666666665916      2.550526200293792E-11    2.550858885126514E-11    2.5514137411012425E-11
0.043199999999999246      2.546821022232322E-11    2.5471531382124406E-11   2.547707044978731E-11
0.04323333333333258       2.543122522671427E-11    2.5434540715690492E-11   2.5440070320819845E-11
0.04326666666666592       2.5394306685329064E-11   2.539761652105415E-11    2.5403136692988176E-11
0.04329999999999925       2.5357454598226235E-11   2.536075879827333E-11    2.5366269566349162E-11
0.043333333333332585      2.5320668817520672E-11   2.5323967399387688E-11   2.532946879281678E-11
0.043366666666665915      2.528394901372106E-11    2.5287241994780495E-11   2.5292734042564794E-11
0.043399999999999245      2.5247295186897445E-11   2.5250582584521147E-11   2.52560653156615E-11
0.04343333333333258       2.521070719085087E-11    2.5213989022336702E-11   2.5219462465710408E-11
0.04346666666666591       2.5174184699368403E-11   2.517746098189056E-11    2.5182925166168348E-11
0.04349999999999924       2.5137727712532213E-11   2.514099846326421E-11    2.51464534171157E-11
0.04353333333333258       2.5101336082801656E-11   2.5104601318843455E-11   2.51100470708154E-11
0.04356666666666591       2.5065009490235422E-11   2.506826922856607E-11    2.5073705807003215E-11
0.04359999999999924       2.5028747934927786E-11   2.5032002192525663E-11   2.5037429625771634E-11
0.04363333333333257       2.49925512687093E-11     2.4995800062479094E-11   2.5001218378754554E-11
0.0436666666666659        2.4956419173850357E-11   2.495966252057774E-11    2.4965071747904466E-11
0.04369999999999923       2.4920351650457115E-11   2.4923589566927087E-11   2.492898973332574E-11
0.04373333333333257       2.488434855546372E-11    2.488758105839004E-11    2.489297219176228E-11
0.043766666666665906      2.484840956926444E-11    2.4851636675241646E-11   2.4857018803289988E-11
0.043799999999999235      2.481253469197774E-11    2.481575641759968E-11    2.4821129568025525E-11
0.04383333333333257       2.4776723784113185E-11   2.477994014590477E-11    2.4785304346294416E-11
0.0438666666666659        2.47409765282507E-11     2.4744187542618795E-11   2.4749542820361322E-11
0.04389999999999923       2.470529292452124E-11    2.4708498607872026E-11   2.4713844990355366E-11
0.04393333333333257       2.4669672833641402E-11   2.4672873202312097E-11   2.4678210716809024E-11
0.0439666666666659        2.4634115940599295E-11   2.4637311010811274E-11   2.4642639684401044E-11
0.04399999999999923       2.4598622245538057E-11   2.4601812033511985E-11   2.4607131893272723E-11
0.044033333333332564      2.4563191614881775E-11   2.4566376136771766E-11   2.45716872096704E-11
0.044066666666665893      2.4527823729802014E-11   2.45310030016454E-11     2.4536305314453808E-11
0.04409999999999922       2.4492518590454598E-11   2.4495692628288004E-11   2.4500986207776913E-11
0.04413333333333256       2.4457276069782818E-11   2.4460444889580187E-11   2.446572976241562E-11
0.04416666666666589       2.442209584769172E-11    2.44252594653093E-11     2.4430535657960696E-11
0.04419999999999922       2.438697792435057E-11    2.4390136355643907E-11   2.4395403894579525E-11
0.044233333333332556      2.435192217287395E-11    2.4355075433637297E-11   2.4360334345223072E-11
0.04426666666666589       2.431692827961451E-11    2.4320076385526723E-11   2.4325326695935828E-11
0.04429999999999922       2.428199624475491E-11    2.4285139211494143E-11   2.4290380946898557E-11
0.04433333333333256       2.4247125935793742E-11   2.425026377897456E-11    2.425549696544012E-11
0.04436666666666589       2.4212317046482144E-11   2.4215449781607915E-11   2.4220674445014674E-11
0.04439999999999922       2.417756957701574E-11    2.4180697219589126E-11   2.4185913385815916E-11
0.044433333333332554      2.4142883394302203E-11   2.414600595976205E-11    2.4151213654581262E-11
0.044466666666665884      2.4108258195458317E-11   2.411137569913431E-11    2.411657494813593E-11
0.044499999999999214      2.4073693980693246E-11   2.4076806437914338E-11   2.408199726668715E-11
0.04453333333333255       2.4039190616020963E-11   2.4042298042052674E-11   2.4047480476079536E-11
0.04456666666666588       2.400474780438297E-11    2.40078502143842E-11     2.4013024278969874E-11
0.04459999999999921       2.397036554600211E-11    2.3973462955131027E-11   2.3978628675579054E-11
0.044633333333332546      2.393604370537107E-11    2.3939136128721426E-11   2.3944293530227794E-11
0.044666666666665876      2.390178198854902E-11    2.3904869441110543E-11   2.391001854869749E-11
0.044699999999999206      2.3867580395772125E-11   2.3870662892533802E-11   2.3875803731222323E-11
0.04473333333333254       2.3833438796498743E-11   2.3836516352386974E-11   2.384164894709354E-11
0.04476666666666588       2.3799356894022604E-11   2.3802429523859386E-11   2.3807553899326125E-11
0.04479999999999921       2.3765334688594017E-11   2.3768402407200595E-11   2.3773518588168368E-11
0.044833333333332545      2.373137205483374E-11    2.3734434876971944E-11   2.3739542888082377E-11
0.044866666666665875      2.369746869579936E-11    2.3700526636126176E-11   2.3705626501845805E-11
0.044899999999999204      2.366362461175583E-11    2.366667768492749E-11    2.3671769429721586E-11
0.04493333333333254       2.3629839680511823E-11   2.3632887901126655E-11   2.363797154936381E-11
0.04496666666666587       2.3596113603251667E-11   2.359915698580318E-11    2.360423256167688E-11
0.0449999999999992        2.3562446380254653E-11   2.3565484939235558E-11   2.3570552466938012E-11
0.04503333333333254       2.3528837897586875E-11   2.3531871647435454E-11   2.3536931151067924E-11
0.04506666666666587       2.3495287851237296E-11   2.3498316806285497E-11   2.3503368309771706E-11
0.045099999999999196      2.346179624149997E-11    2.3464820416078966E-11   2.3469863943341327E-11
0.04513333333333253       2.342836295802715E-11    2.3431382366415818E-11   2.343641794128942E-11
0.04516666666666586       2.3394987700077435E-11   2.3398002356449737E-11   2.3403030002594416E-11
0.04519999999999919       2.3361670467959966E-11   2.3364680386489066E-11   2.3369700127563342E-11
0.04523333333333253       2.332841114913752E-11    2.3331416343943513E-11   2.3336428203517333E-11
0.045266666666665865      2.3295209449024656E-11   2.329820993412578E-11    2.3303213935598946E-11
0.045299999999999195      2.3262065367945613E-11   2.3265061157359304E-11   2.3270057324130275E-11
0.04533333333333253       2.3228978789300763E-11   2.3231969896989738E-11   2.3236958252365616E-11
0.04536666666666586       2.3195949423945017E-11   2.3198935863773074E-11   2.3203916430895752E-11
0.04539999999999919       2.3162977272218183E-11   2.316595905804831E-11    2.3170931860058302E-11
0.04543333333333253       2.3130062216817253E-11   2.313303936245803E-11    2.313800442240501E-11
0.04546666666666586       2.309720397353849E-11    2.3100176492701583E-11   2.3105133833473392E-11
0.04549999999999919       2.3064402542737625E-11   2.3067370449133874E-11   2.307232009361698E-11
0.045533333333332524      2.303165780729079E-11    2.303462111457674E-11    2.3039563085566938E-11
0.04556666666666585       2.299896948359289E-11    2.3001928205329182E-11   2.3006862525462068E-11
0.04559999999999918       2.2966337572015548E-11   2.2969291721761972E-11   2.2974218413671752E-11
0.04563333333333252       2.2933761959812912E-11   2.2936711551076702E-11   2.2941630637309857E-11
0.04566666666666585       2.2901242362210185E-11   2.2904187408402785E-11   2.2909098911345785E-11
0.04569999999999918       2.286877877959544E-11    2.287171929412745E-11    2.287662323616535E-11
0.045733333333332515      2.283637110001859E-11    2.2839307096248978E-11   2.2844203499680646E-11
0.04576666666666585       2.2804019042908044E-11   2.2806950534101827E-11   2.2811839421069216E-11
0.04579999999999918       2.277172260866856E-11    2.2774649608089886E-11   2.277953100073351E-11
0.04583333333333252       2.273948168489519E-11    2.2742404205756342E-11   2.274727812613009E-11
0.04586666666666585       2.2707295993261404E-11   2.2710214048682396E-11   2.271508051868608E-11
0.04589999999999918       2.2675165534188635E-11   2.2678079137288603E-11   2.2682938178820582E-11
0.045933333333332514      2.2643090197913384E-11   2.2645999361760586E-11   2.2650850996634238E-11
0.045966666666665844      2.261106970579748E-11    2.261397444336831E-11    2.2618818693243642E-11
0.045999999999999173      2.2579104058279812E-11   2.258200438254979E-11    2.2586841269085306E-11
0.04603333333333251       2.2547193147241164E-11   2.2550089071136226E-11   2.2554918615907664E-11
0.04606666666666584       2.2515336697069958E-11   2.2518228233425343E-11   2.252305045785697E-11
0.04609999999999917       2.2483534708222913E-11   2.2486421869872952E-11   2.2491236795387548E-11
0.046133333333332506      2.245178707230879E-11    2.2454669872038066E-11   2.245947751997533E-11
0.046166666666665836      2.2420093514644626E-11   2.242297196514828E-11    2.242777235669852E-11
0.046199999999999165      2.2388454035704762E-11   2.239132814967701E-11    2.2396121306029004E-11
0.0462333333333325        2.2356868531523297E-11   2.235973832161052E-11    2.2364524263873195E-11
0.04626666666666584       2.23253367272577E-11     2.2328202206016858E-11   2.2332980955149786E-11
0.04629999999999917       2.2293858623401023E-11   2.2296719803388145E-11   2.2301491380349334E-11
0.046333333333332505      2.2262434113646505E-11   2.2265291007369973E-11   2.2270055433037934E-11
0.046366666666665834      2.2231062930923572E-11   2.22339155508049E-11     2.2238672845913053E-11
0.046399999999999164      2.21997450757443E-11     2.220259343420405E-11    2.220734361948422E-11
0.0464333333333325        2.2168480436339102E-11   2.2171324545748314E-11   2.2176067641849632E-11
0.04646666666666583       2.2137268751371894E-11   2.2140108624017517E-11   2.2144844651448727E-11
0.04649999999999916       2.2106110021373725E-11   2.2108945669541756E-11   2.2113674648809986E-11
0.0465333333333325        2.2075004134336217E-11   2.2077835570263174E-11   2.2082557521792913E-11
0.046566666666665826      2.2043950832062837E-11   2.2046778067902825E-11   2.205149301198098E-11
0.046599999999999156      2.201295011510395E-11    2.20157731630101E-11     2.2020481119921933E-11
0.04663333333333249       2.19820018712945E-11     2.198482074337028E-11    2.1989521733318142E-11
0.04666666666666582       2.1951105845131964E-11   2.195392055340017E-11    2.1958614596451695E-11
0.04669999999999915       2.192026203718622E-11    2.1923072593668643E-11   2.1927759709889818E-11
0.04673333333333249       2.188947033780278E-11    2.1892276754472416E-11   2.1896956963847717E-11
0.046766666666665825      2.1858730489661648E-11   2.1861532778410666E-11   2.186620610078962E-11
0.046799999999999155      2.18280424933531E-11     2.183084066607266E-11    2.1835507121303096E-11
0.046833333333332484      2.1797406243532025E-11   2.180020031206687E-11    2.1804859919919106E-11
0.046866666666665814      2.1766821482997474E-11   2.176961145911131E-11    2.1774264239220403E-11
0.04689999999999915       2.1736288212360628E-11   2.1739074107816152E-11   2.1743720079815432E-11
0.04693333333333249       2.170580632904565E-11    2.170858815556035E-11    2.171322733900765E-11
0.04696666666666582       2.1675375574165368E-11   2.1678153343375616E-11   2.1682785757693342E-11
0.04699999999999915       2.1644995948351855E-11   2.1647769671892964E-11   2.1652395336501788E-11
0.04703333333333248       2.161466735484927E-11    2.161743704431362E-11    2.1622055978562503E-11
0.04706666666666581       2.1584389532287437E-11   2.1587155199185708E-11   2.1591767422287182E-11
0.04709999999999914       2.1554162481320153E-11   2.155692413716196E-11    2.1561529668326788E-11
0.04713333333333248       2.1523986105934825E-11   2.1526743762187878E-11   2.1531342620556846E-11
0.04716666666666581       2.1493860148896575E-11   2.14966138169482E-11     2.1501206021527875E-11
0.04719999999999914       2.1463784610881445E-11   2.1466534302117877E-11   2.1471119871913006E-11
0.047233333333332475      2.143375939182783E-11    2.143650511759194E-11    2.1441084071534904E-11
0.04726666666666581       2.1403784240208815E-11   2.1406526011765854E-11   2.1411098368659385E-11
0.04729999999999914       2.137385915672247E-11    2.137659698533659E-11    2.138116276398159E-11
0.04733333333333248       2.1343984040732205E-11   2.134671793762387E-11    2.1351277156748338E-11
0.0473666666666658        2.1314158643304173E-11   2.1316888619617642E-11   2.132144129782229E-11
0.04739999999999914       2.128438296515945E-11    2.1287109032037846E-11   2.1291655187921532E-11
0.047433333333332474      2.1254656904183392E-11   2.1257379072726212E-11   2.1261918724814916E-11
0.047466666666665804      2.12249802161383E-11     2.122769849737047E-11    2.1232231664065687E-11
0.04749999999999913       2.1195352901768726E-11   2.1198067306714042E-11   2.120259400641534E-11
0.04753333333333247       2.1165774859192563E-11   2.1168485398831214E-11   2.1173005649865445E-11
0.0475666666666658        2.113624584426914E-11    2.113895252950744E-11    2.1143466350078017E-11
0.04759999999999913       2.110676585776658E-11    2.1109468699509665E-11   2.1113976107818075E-11
0.047633333333332466      2.1077334802371142E-11   2.1080033811482152E-11   2.1084534825659754E-11
0.047666666666665795      2.1047952431653696E-11   2.1050647618921456E-11   2.1055142256975532E-11
0.047699999999999125      2.1018618746406897E-11   2.102131012261904E-11    2.1025798402554898E-11
0.04773333333333246       2.098933365075501E-11    2.099202122665828E-11    2.099650316641295E-11
0.0477666666666658        2.0960096901232802E-11   2.0962780687500597E-11   2.0967256304888637E-11
0.04779999999999913       2.0930908498657987E-11   2.0933588505962505E-11   2.0938057818796478E-11
0.047833333333332465      2.0901768345294094E-11   2.0904444584265897E-11   2.090890761028887E-11
0.04786666666666579       2.0872676200540112E-11   2.0875348681738166E-11   2.0879805438573656E-11
0.047899999999999124      2.0843632065238655E-11   2.0846300799220713E-11   2.085075130449019E-11
0.04793333333333246       2.0814635844146356E-11   2.081730084142913E-11    2.0821745112685582E-11
0.04796666666666579       2.078568729616995E-11    2.0788348567198986E-11   2.0792786621876555E-11
0.04799999999999912       2.0756786422177912E-11   2.07594439773975E-11     2.076387583292826E-11
0.048033333333332456      2.0727933126680722E-11   2.0730586976494295E-11   2.073501265024208E-11
0.048066666666665786      2.0699127172644572E-11   2.0701777327386004E-11   2.070619683659852E-11
0.048099999999999116      2.0670368560964317E-11   2.067301503096622E-11    2.0677428392889063E-11
0.04813333333333245       2.0641657195096628E-11   2.0644299990650487E-11   2.064870722246059E-11
0.04816666666666578       2.0612992841150076E-11   2.0615631972479162E-11   2.0620033091239584E-11
0.04819999999999911       2.058437550004639E-11    2.0587010977372697E-11   2.0591406000144357E-11
0.04823333333333245       2.0555805075712426E-11   2.0558436909217193E-11   2.0562825852992965E-11
0.048266666666665785      2.052728133447945E-11    2.0529909534275908E-11   2.0534292415935123E-11
0.048299999999999114      2.049880427729716E-11    2.0501428853497222E-11   2.050580568991705E-11
0.04833333333333245       2.047037381038958E-11    2.0472994773065967E-11   2.04773655810581E-11
0.048366666666665774      2.0441989700981964E-11   2.0444607060139423E-11   2.0448971856402084E-11
0.04839999999999911       2.0413651950052484E-11   2.041626571569444E-11    2.0420624516923625E-11
0.04843333333333245       2.0385360464916356E-11   2.0387970647007377E-11   2.0392323469834236E-11
0.04846666666666578       2.0357115012331515E-11   2.0359721620768733E-11   2.036406848171182E-11
0.048499999999999106      2.0328915593304348E-11   2.0331518637983546E-11   2.033585955355915E-11
0.04853333333333244       2.0300762121500386E-11   2.0303361612280442E-11   2.03076965989433E-11
0.04856666666666577       2.0272654359652084E-11   2.027525030632353E-11    2.0279579380414227E-11
0.0485999999999991        2.02445923087952E-11     2.0247184721147187E-11   2.025150789900401E-11
0.04863333333333244       2.0216575884648526E-11   2.0219164772434515E-11   2.022348207033616E-11
0.04866666666666577       2.018860485298922E-11    2.019119022589525E-11    2.0195501660007856E-11
0.0486999999999991        2.0160679214883117E-11   2.016326108259383E-11    2.0167566669081204E-11
0.048733333333332435      2.01327988832248E-11     2.013537725538815E-11    2.013967701035288E-11
0.04876666666666577       2.010496362853535E-11    2.0107538514734003E-11   2.011183245416964E-11
0.0487999999999991        2.007717345191085E-11    2.007974486172603E-11    2.0084033001623748E-11
0.04883333333333244       2.0049428263978757E-11   2.0051996206954107E-11   2.0056278563242317E-11
0.04886666666666576       2.0021727838642364E-11   2.002429232425785E-11    2.0028568912758662E-11
0.0488999999999991        1.9994072177028954E-11   1.999663321476308E-11    2.0000904051296188E-11
0.048933333333332434      1.9966461188251976E-11   1.99690187875455E-11     1.9973283887867563E-11
0.04896666666666576       1.9938894650276328E-11   1.9941448820507743E-11   1.994570820027148E-11
0.04899999999999909       1.9911372564261177E-11   1.9913923314807498E-11   1.9918176989663165E-11
0.04903333333333243       1.9883894840570517E-11   1.988644218077149E-11    1.9890690166307117E-11
0.04906666666666576       1.9856461256165123E-11   1.9859005195298238E-11   1.9863247506997935E-11
0.04909999999999909       1.98290718122365E-11     1.9831612359577753E-11   1.9835849012923118E-11
0.049133333333332425      1.98017264233866E-11     1.9804263588176007E-11   1.9808494598588588E-11
0.049166666666665755      1.977442486416893E-11    1.9776958655583908E-11   1.9781184038380757E-11
0.049199999999999085      1.9747167135808218E-11   1.974969756302467E-11    1.975391733352029E-11
0.04923333333333242       1.9719953154439405E-11   1.9722480226598055E-11   1.972669440004821E-11
0.04926666666666576       1.9692782698162957E-11   1.9695306424343142E-11   1.9699515015901172E-11
0.04929999999999909       1.9665655768237532E-11   1.966817615751706E-11    1.96723791823337E-11
0.049333333333332424      1.9638572277078983E-11   1.9641089338499184E-11   1.9645286811664333E-11
0.04936666666666575       1.9611532006694382E-11   1.961404574923704E-11    1.9618237685741148E-11
0.049399999999999084      1.9584534958376607E-11   1.9587045391021915E-11   1.959123180585279E-11
0.04943333333333242       1.9557581047570318E-11   1.956008817926307E-11    1.9564269087349417E-11
0.04946666666666575       1.9530670054143186E-11   1.953317389376805E-11    1.95373493099382E-11
0.04949999999999908       1.9503801979423573E-11   1.9506302535863608E-11   1.9510472474943204E-11
0.049533333333332416      1.947697674276803E-11    1.9479474024872552E-11   1.9483638501630952E-11
0.049566666666665746      1.94501941230388E-11     1.9452688139596582E-11   1.9456847168702037E-11
0.049599999999999075      1.9423454121600774E-11   1.9425944881398947E-11   1.9430098477516982E-11
0.04963333333333241       1.9396756657651555E-11   1.9399244169444115E-11   1.9403392347184934E-11
0.04966666666666574       1.9370101513922562E-11   1.9372585786403955E-11   1.937672856027836E-11
0.04969999999999907       1.9343488691815822E-11   1.934596973367884E-11    1.935010711819485E-11
0.04973333333333241       1.9316918106820827E-11   1.9319395926724003E-11   1.9323527936332498E-11
0.049766666666665745      1.929038954728049E-11    1.9292864153825044E-11   1.9296990802881195E-11
0.049799999999999074      1.9263903014633976E-11   1.926637441641943E-11    1.9270495719275577E-11
0.04983333333333241       1.9237458421777623E-11   1.9239926627368262E-11   1.9244042598317916E-11
0.049866666666665733      1.9211055560495718E-11   1.921352057840001E-11    1.9217631231643538E-11
0.04989999999999907       1.918469443226575E-11    1.918715627099045E-11    1.9191261620725345E-11
0.04993333333333241       1.9158374949461792E-11   1.9160833617478664E-11   1.9164933677843993E-11
0.049966666666665736      1.913209690636436E-11    1.9134552412090008E-11   1.9138647197132784E-11
0.049999999999999066      1.9105860304490444E-11   1.910831265633971E-11    1.9112402180104018E-11
0.0500333333333324        1.907966505642968E-11    1.908211426278265E-11    1.9086198539254513E-11
0.05006666666666573       1.905351095627583E-11    1.905595702545768E-11    1.9060036068531514E-11
0.05009999999999906       1.9027398005585577E-11   1.9029840945919713E-11   1.903391476948694E-11
0.0501333333333324        1.9001326123130877E-11   1.900376594290793E-11    1.9007834560805276E-11
0.05016666666666573       1.8975295098733722E-11   1.8977731806188262E-11   1.8981795232158874E-11
0.05019999999999906       1.8949304933991865E-11   1.8951738537356635E-11   1.8955796785140623E-11
0.050233333333332394      1.8923355549685165E-11   1.8925786057161137E-11   1.8929839140445584E-11
0.05026666666666573       1.8897446737532338E-11   1.8899874157265044E-11   1.8903922089644438E-11
0.05029999999999906       1.8871578499172866E-11   1.887400283930598E-11    1.887804563437173E-11
0.0503333333333324        1.8845750753779407E-11   1.8848172022424427E-11   1.8852209693714288E-11
0.05036666666666572       1.881996329693696E-11    1.8822381502151323E-11   1.8826414063112768E-11
0.05039999999999906       1.8794216130327267E-11   1.879663128016654E-11    1.880065874424393E-11
0.05043333333333239       1.8768509172272604E-11   1.8770921274759953E-11   1.8774943655343538E-11
0.05046666666666572       1.874284221902799E-11    1.8745251282132923E-11   1.8749268592523442E-11
0.05049999999999905       1.8717215272318772E-11   1.8719621304008897E-11   1.8723633557503895E-11
0.05053333333333239       1.869162825233268E-11    1.869403126054438E-11    1.869803847038926E-11
0.05056666666666572       1.8666080956792148E-11   1.86684809494083E-11     1.867248312875916E-11
0.05059999999999905       1.8640573387467265E-11   1.8642970372368793E-11   1.864696753437849E-11
0.050633333333332385      1.8615105463736045E-11   1.861749944877261E-11    1.8621491606541798E-11
0.050666666666665715      1.8589676985114214E-11   1.8592067978082743E-11   1.8596055144624077E-11
0.050699999999999044      1.8564287953416712E-11   1.8566675962112143E-11   1.8570658150434984E-11
0.05073333333333238       1.8538938290239158E-11   1.8541323322425845E-11   1.8545300545488418E-11
0.05076666666666572       1.8513627794146996E-11   1.8516009857536436E-11   1.851998212820881E-11
0.05079999999999905       1.8488356467001588E-11   1.8490735569303283E-11   1.8494702900452177E-11
0.050833333333332384      1.8463124232030376E-11   1.8465500380924293E-11   1.8469462785367145E-11
0.05086666666666571       1.843793088916891E-11    1.844030409228232E-11    1.8444261582748597E-11
0.05089999999999904       1.8412776440326006E-11   1.8415146705284132E-11   1.8419099294499895E-11
0.05093333333333238       1.838766080841619E-11    1.8390028142814562E-11   1.8393975843456297E-11
0.05096666666666571       1.8362583793292312E-11   1.8364948204674306E-11   1.8368891029331437E-11
0.05099999999999904       1.8337545396910577E-11   1.833990689281748E-11    1.8343844854075964E-11
0.051033333333332376      1.8312545547077897E-11   1.8314904135022484E-11   1.8318837245420712E-11
0.051066666666665705      1.828758404130673E-11    1.8289939728749276E-11   1.8293868000737977E-11
0.051099999999999035      1.8262660881602387E-11   1.826501367600105E-11    1.8268937122027425E-11
0.05113333333333237       1.823777599664206E-11    1.824012590542714E-11    1.824404453789192E-11
0.0511666666666657        1.8212929186188396E-11   1.8215276216738206E-11   1.821919004795532E-11
0.05119999999999903       1.8188120452297025E-11   1.8190464611987722E-11   1.8194373654267503E-11
0.05123333333333237       1.816334972292687E-11    1.8165691019106613E-11   1.8169595284712674E-11
0.051266666666665704      1.8138616798909935E-11   1.814095523887548E-11    1.8144854739985655E-11
0.051299999999999034      1.811392168235257E-11    1.8116257273398497E-11   1.8120152022186976E-11
0.05133333333333237       1.8089264303851263E-11   1.809159705324477E-11    1.809548706184002E-11
0.05136666666666569       1.8064644462795354E-11   1.8066974377752138E-11   1.80708596581967E-11
0.05139999999999903       1.8040062161343388E-11   1.8042389249076922E-11   1.8046269813409616E-11
0.051433333333332366      1.8015517330637277E-11   1.8017841598334056E-11   1.8021717458548673E-11
0.051466666666665696      1.7991009772584752E-11   1.799333122738054E-11    1.799720239538617E-11
0.051499999999999026      1.7966539489397686E-11   1.7968858138425968E-11   1.7972724626127953E-11
0.05153333333333236       1.79421064102339E-11     1.7944422260600607E-11   1.7948284079858283E-11
0.05156666666666569       1.7917710340460578E-11   1.792002339922224E-11    1.7923880561812485E-11
0.05159999999999902       1.7893351282343246E-11   1.78956615565541E-11     1.7899514074249963E-11
0.05163333333333236       1.7869029165409185E-11   1.7871336662095746E-11   1.7875184546624006E-11
0.05166666666666569       1.7844743795293725E-11   1.784704852143362E-11    1.785089178443949E-11
0.051699999999999025      1.782049517431751E-11    1.7822797136886044E-11   1.7826635790010823E-11
0.05173333333333236       1.7796283231723248E-11   1.779858243766791E-11    1.7802416492506492E-11
0.05176666666666569       1.777210777564877E-11    1.777440423186914E-11    1.7778233699936456E-11
0.05179999999999902       1.7747968808470954E-11   1.7750262521864238E-11   1.775408741467126E-11
0.05183333333333236       1.7723866260058696E-11   1.7726157237494373E-11   1.7729977566505812E-11
0.05186666666666568       1.7699799937746725E-11   1.770208818604644E-11    1.770590396264716E-11
0.051899999999999016      1.7675769843969197E-11   1.7678055369952172E-11   1.768186660552301E-11
0.05193333333333235       1.7651775915095968E-11   1.7654058725555518E-11   1.7657865431434058E-11
0.05196666666666568       1.7627817950921328E-11   1.7630098052600913E-11   1.7633900240041517E-11
0.05199999999999901       1.760389595393815E-11    1.7606173353578762E-11   1.7609971033831704E-11
0.05203333333333235       1.7580009874008206E-11   1.7582284578329347E-11   1.758607776260904E-11
0.05206666666666568       1.7556159497045526E-11   1.7558431512712278E-11   1.7562220212142275E-11
0.05209999999999901       1.7532344825605408E-11   1.7534614159280332E-11   1.7538398384980027E-11
0.052133333333332345      1.7508565824741507E-11   1.751083248307091E-11    1.7514612246132547E-11
0.052166666666665674      1.7484822269527615E-11   1.7487086259099978E-11   1.7490861570519285E-11
0.05219999999999901       1.7461114162580256E-11   1.746337548998151E-11    1.7467146360749976E-11
0.05223333333333235       1.743744147441639E-11    1.7439700146217238E-11   1.7443466587300917E-11
0.05226666666666568       1.7413803980205296E-11   1.7416060002919085E-11   1.7419822025188345E-11
0.05229999999999901       1.7390201682626723E-11   1.7392455062764216E-11   1.73962126770851E-11
0.052333333333332344      1.736663454665758E-11    1.7368885290713715E-11   1.7372638507925833E-11
0.052366666666665666      1.7343102354486955E-11   1.734535046890079E-11    1.7349099299750525E-11
0.052399999999999         1.73196051088577E-11     1.7321850600065674E-11   1.7325595055295024E-11
0.05243333333333234       1.7296142771833056E-11   1.7298385646254314E-11   1.730212573657643E-11
0.05246666666666567       1.7272715130861484E-11   1.72749553948613E-11     1.72786911308994E-11
0.052499999999999         1.7249322188751024E-11   1.7251559848691988E-11   1.725529124106485E-11
0.052533333333332335      1.7225963902257267E-11   1.7228198964484172E-11   1.7231926023780863E-11
0.052566666666665665      1.720264006233059E-11    1.7204872533134905E-11   1.7208595269855478E-11
0.052599999999998995      1.71793506718444E-11     1.718158055751487E-11    1.7185298982154856E-11
0.05263333333333233       1.7156095691652733E-11   1.7158322998460362E-11   1.7162037121485685E-11
0.05266666666666566       1.71328749120397E-11     1.7135099646203055E-11   1.713880947799213E-11
0.052699999999999         1.7109688335945677E-11   1.7111910503680573E-11   1.7115616054607224E-11
0.052733333333332334      1.7086535917285118E-11   1.7088755524788446E-11   1.7092456805194907E-11
0.052766666666665664      1.7063417457670808E-11   1.7065634511089464E-11   1.7069331531234554E-11
0.052799999999998994      1.7040332960111805E-11   1.704254746558989E-11    1.7046240235727766E-11
0.05283333333333233       1.7017282369714108E-11   1.7019494333374494E-11   1.7023182863723864E-11
0.05286666666666565       1.6994265498994967E-11   1.6996474926913498E-11   1.7000159227614586E-11
0.05289999999999899       1.6971282351034263E-11   1.6973489249283917E-11   1.6977169330472196E-11
0.052933333333332326      1.69483328552046E-11     1.6950537229833296E-11   1.695421310160241E-11
0.052966666666665656      1.6925416840661757E-11   1.6927618697674823E-11   1.6931290370047346E-11
0.052999999999998985      1.690253431055573E-11    1.6904733655955618E-11   1.69084011389493E-11
0.05303333333333232       1.687968518946966E-11    1.6881882029232112E-11   1.688554533282016E-11
0.05306666666666565       1.6856869309018355E-11   1.6859063649077785E-11   1.6862722783164417E-11
0.05309999999999898       1.683408667242316E-11    1.6836278518711033E-11   1.6839933493195568E-11
0.05313333333333232       1.6811337206850168E-11   1.6813526565271596E-11   1.6817177390009366E-11
0.05316666666666565       1.6788620740563302E-11   1.679080761698161E-11    1.679445430175824E-11
0.053199999999998984      1.6765937276857323E-11   1.6768121677132875E-11   1.6771764231729008E-11
0.05323333333333232       1.674328674984667E-11    1.6745468679815153E-11   1.674910711397028E-11
0.05326666666666565       1.6720668982866453E-11   1.6722848448320668E-11   1.6726482771702703E-11
0.05329999999999898       1.6698083979287133E-11   1.670026098601683E-11    1.6703891208288626E-11
0.05333333333333232       1.667553167572158E-11    1.66777062294926E-11     1.6681332360277066E-11
0.05336666666666564       1.6653011896068203E-11   1.6655184002603705E-11   1.6658806051452572E-11
0.053399999999998976      1.6630524643774302E-11   1.663269430879438E-11    1.663631228525422E-11
0.05343333333333231       1.6608069855161604E-11   1.6610237084362366E-11   1.6613850997939776E-11
0.05346666666666564       1.6585647356304122E-11   1.658781215533968E-11    1.6591422015471154E-11
0.05349999999999897       1.6563257150727344E-11   1.656541952524868E-11    1.6569025341365496E-11
0.05353333333333231       1.6540899173378608E-11   1.6543059129012323E-11   1.654666091050506E-11
0.05356666666666564       1.6518573252686004E-11   1.6520730795017442E-11   1.6524328551207846E-11
0.05359999999999897       1.6496279392255104E-11   1.649843452686643E-11    1.650202826707094E-11
0.053633333333332305      1.647401752493554E-11    1.647617025738412E-11    1.6479759990877828E-11
0.053666666666665634      1.645178748319531E-11    1.645393781899834E-11    1.6457523554989263E-11
0.05369999999999897       1.6429589270721384E-11   1.643173721539282E-11    1.6435318963083578E-11
0.05373333333333231       1.640742281878461E-11    1.6409568377813175E-11   1.6413146146364302E-11
0.05376666666666564       1.6385287959907882E-11   1.638743113874231E-11    1.6391004937247597E-11
0.05379999999999897       1.6363184697860658E-11   1.6365325501946395E-11   1.636889533949415E-11
0.0538333333333323        1.6341112971890107E-11   1.634325140664946E-11    1.6346817292289412E-11
0.053866666666665626      1.631907260459917E-11    1.6321208675411873E-11   1.632477061812267E-11
0.05389999999999896       1.6297063599841798E-11   1.6299197312084252E-11   1.6302755320838973E-11
0.0539333333333323        1.6275085911066366E-11   1.6277217270095825E-11   1.6280771353835642E-11
0.05396666666666563       1.625313934993865E-11    1.6255268361066524E-11   1.6258818528656106E-11
0.05399999999999896       1.6231223920401965E-11   1.6233350588936272E-11   1.623689684923464E-11
0.054033333333332295      1.6209339584387656E-11   1.62114639156204E-11     1.621500627745983E-11
0.054066666666665625      1.6187486145765002E-11   1.618960814493988E-11    1.6193146617072027E-11
0.054099999999998954      1.6165663608565095E-11   1.6167783280922337E-11   1.617131787209313E-11
0.05413333333333229       1.614387194207319E-11    1.6145989292838023E-11   1.61495200117683E-11
0.05416666666666562       1.612211094842289E-11    1.6124225982772582E-11   1.6127752838103182E-11
0.05419999999999896       1.61003806317355E-11     1.6102493354843816E-11   1.610601635520974E-11
0.054233333333332294      1.6078680956356712E-11   1.6080791373382002E-11   1.6084310527392553E-11
0.054266666666665624      1.6057011730317915E-11   1.605911984637146E-11    1.6062635162557366E-11
0.05429999999999895       1.6035372957831058E-11   1.6037478778020585E-11   1.6040990264906643E-11
0.05433333333333229       1.601376460413524E-11    1.6015868133552594E-11   1.601937579963712E-11
0.05436666666666561       1.5992186476897647E-11   1.599428772058815E-11    1.5997791574291842E-11
0.05439999999999895       1.597063858042301E-11    1.597273754342837E-11    1.597623759316589E-11
0.054433333333332286      1.5949120878806273E-11   1.595121756615273E-11    1.595471382031295E-11
0.054466666666665615      1.592763318270066E-11    1.592972759936824E-11    1.5933220066262878E-11
0.054499999999998945      1.5906175496505222E-11   1.5908267647470265E-11   1.591175633540493E-11
0.05453333333333228       1.588474778535984E-11    1.588683767558277E-11    1.5890322592836498E-11
0.05456666666666561       1.586334985996279E-11    1.586543749435845E-11    1.586891864913421E-11
0.05459999999999894       1.584198172480945E-11    1.584406710828893E-11    1.584754450878347E-11
0.05463333333333228       1.582064334175877E-11    1.5822726479217117E-11   1.582620013360041E-11
0.05466666666666561       1.5799334526825173E-11   1.58014154231127E-11     1.580488533948005E-11
0.054699999999998944      1.5778055284601808E-11   1.5780133944565027E-11   1.5783600131005418E-11
0.05473333333333228       1.5756805577026545E-11   1.5758882005495378E-11   1.5762344470070135E-11
0.05476666666666561       1.5735585219827477E-11   1.5737659421587435E-11   1.574111817228376E-11
0.05479999999999894       1.5714394217697965E-11   1.5716466197530708E-11   1.571992124232939E-11
0.054833333333332276      1.569323253212863E-11    1.5695302294799952E-11   1.5698753641655316E-11
0.0548666666666656        1.567209998044305E-11    1.567416753067421E-11    1.5677615187466256E-11
0.054899999999998936      1.5650996567435853E-11   1.5653061909944206E-11   1.5656505884546415E-11
0.05493333333333227       1.5629922258413923E-11   1.5631985397901062E-11   1.5635425698160654E-11
0.0549666666666656        1.5608876867607972E-11   1.561093780873091E-11    1.5614374442420714E-11
0.05499999999999893       1.5587860399916097E-11   1.5589919147327885E-11   1.5593352122214098E-11
0.05503333333333227       1.5566872822076037E-11   1.5568929380415035E-11   1.557235870423938E-11
0.0550666666666656        1.5545913949015173E-11   1.55479683228748E-11     1.5551394003304E-11
0.05509999999999893       1.552498378573702E-11    1.5527035979706663E-11   1.5530458024400713E-11
0.055133333333332264      1.5504082301890036E-11   1.550613232054432E-11    1.5509550737138612E-11
0.055166666666665594      1.5483209310712654E-11   1.5485257158581492E-11   1.5488671954636787E-11
0.05519999999999893       1.546236481731586E-11    1.546441049892507E-11    1.5467821681995298E-11
0.05523333333333227       1.544154879046826E-11    1.5443592310329466E-11   1.5446999887944914E-11
0.0552666666666656        1.542076104595954E-11    1.5422802408539737E-11   1.542620638815623E-11
0.055299999999998926      1.5400001589009733E-11   1.540204079877177E-11    1.5405441187838187E-11
0.05533333333333226       1.5379270388783103E-11   1.538130745017482E-11    1.5384704256115022E-11
0.055366666666665586      1.5358567262924847E-11   1.536060218035069E-11    1.5363995410516136E-11
0.05539999999999892       1.5337892216766056E-11   1.533992499462625E-11    1.5343314656361356E-11
0.05543333333333226       1.531724521273472E-11    1.531927585541346E-11    1.53226619560359E-11
0.05546666666666559       1.529662607691879E-11    1.5298654588758357E-11   1.5302037135515876E-11
0.05549999999999892       1.5276034814762214E-11   1.5278061200100603E-11   1.528144020023379E-11
0.055533333333332255      1.52554713884763E-11     1.525749565163509E-11    1.5260871112357212E-11
0.055566666666665585      1.5234935622330886E-11   1.5236957767589502E-11   1.5240329696043405E-11
0.055599999999998914      1.5214427521885824E-11   1.5216447553519317E-11   1.5219815956840605E-11
0.05563333333333225       1.519394705311555E-11    1.5195964975384233E-11   1.519932986068393E-11
0.05566666666666558       1.517349403721112E-11    1.517550985433196E-11    1.5178871228648765E-11
0.05569999999999892       1.5153068479849652E-11   1.51550821960352E-11     1.5158440066400425E-11
0.055733333333332254      1.51326703520641E-11     1.5134681971512373E-11   1.5138036344933097E-11
0.05576666666666558       1.511229947403657E-11    1.511430900090285E-11    1.5117659884314864E-11
0.05579999999999891       1.509195585156453E-11    1.5093963289999603E-11   1.50973106903312E-11
0.05583333333333225       1.507163944992393E-11    1.5073644804063366E-11   1.507698872821748E-11
0.05586666666666557       1.505135009696066E-11    1.5053353370898357E-11   1.5056693825708365E-11
0.05589999999999891       1.5031087798594164E-11   1.5033088996419457E-11   1.5036425988711123E-11
0.055933333333332245      1.5010852515878006E-11   1.501285164166366E-11    1.5016185178235125E-11
0.055966666666665575      1.4990644082880836E-11   1.4992641140659776E-11   1.4995971228242722E-11
0.055999999999998905      1.4970462505646748E-11   1.4972457499447277E-11   1.4975784144765666E-11
0.05603333333333224       1.4950307732250183E-11   1.4952300666081263E-11   1.4955623875826803E-11
0.05606666666666557       1.4930179612674934E-11   1.4932170490509117E-11   1.493549027131276E-11
0.0560999999999989        1.491007815309045E-11    1.4912066978895564E-11   1.491538333738043E-11
0.05613333333333224       1.4890003293232527E-11   1.4891990070955235E-11   1.4895303013709085E-11
0.05616666666666557       1.486995488836366E-11    1.4871939621915402E-11   1.4875249155467247E-11
0.056199999999998904      1.4849932944779858E-11   1.4851915638067294E-11   1.4855221768938178E-11
0.05623333333333224       1.48299374040977E-11     1.4831918061006468E-11   1.483522079568238E-11
0.05626666666666557       1.4809968118630136E-11   1.4811946743010284E-11   1.4815246087917815E-11
0.0562999999999989        1.4790025094803134E-11   1.4792001690499853E-11   1.4795297652057516E-11
0.056333333333332236      1.4770108280193185E-11   1.477208285103176E-11    1.4775375435624878E-11
0.05636666666666556       1.4750217523170993E-11   1.4752190072940374E-11   1.4755479286893644E-11
0.056399999999998895      1.4730352830295953E-11   1.4732323362780172E-11   1.473560921241006E-11
0.05643333333333223       1.4710514149919904E-11   1.4712482668883154E-11   1.4715765160473065E-11
0.05646666666666556       1.4690701332086E-11      1.469266784125656E-11    1.4695946981029965E-11
0.05649999999999889       1.467091438348921E-11    1.467287888659034E-11    1.4676154680762385E-11
0.05653333333333223       1.4651153251176423E-11   1.4653115751911326E-11   1.465638820666366E-11
0.05656666666666556       1.4631417786631087E-11   1.463337828866724E-11    1.463664741012191E-11
0.05659999999999889       1.4611707996685893E-11   1.461366650368568E-11    1.4616932297956276E-11
0.056633333333332224      1.4592023830517827E-11   1.4593980346124077E-11   1.4597242819291553E-11
0.056666666666665554      1.4572365138073323E-11   1.457431966589283E-11    1.4577578823978012E-11
0.05669999999999889       1.4552731926325583E-11   1.4554684469959974E-11   1.4557940318975103E-11
0.05673333333333223       1.4533124144826813E-11   1.4535074707857924E-11   1.4538327253782233E-11
0.056766666666665556      1.4513541645228875E-11   1.4515490231202774E-11   1.4518739479955793E-11
0.056799999999998886      1.4493984434650994E-11   1.449593104710851E-11    1.4499177004601043E-11
0.05683333333333222       1.4474452458155701E-11   1.447639710061787E-11    1.447963977272773E-11
0.056866666666665545      1.4454945575624898E-11   1.4456888251578018E-11   1.4460127644125042E-11
0.05689999999999888       1.4435463794323805E-11   1.4437404507248854E-11   1.4440640626044026E-11
0.05693333333333222       1.4416007054039463E-11   1.4417945807396139E-11   1.4421178658214946E-11
0.05696666666666555       1.4396575218383768E-11   1.4398512015598187E-11   1.4401741604160097E-11
0.05699999999999888       1.4377168294768832E-11   1.4379103139261712E-11   1.4382329471277194E-11
0.057033333333332215      1.435778622027121E-11    1.4359719115441117E-11   1.436294219658369E-11
0.057066666666665544      1.4338428861549228E-11   1.434035981076201E-11    1.4343579646650624E-11
0.057099999999998874      1.4319096226164672E-11   1.43210252327807E-11     1.432424182902516E-11
0.05713333333333221       1.4299788252172823E-11   1.4301715319530403E-11   1.4304928681703733E-11
0.05716666666666554       1.4280504805971803E-11   1.4282429937376512E-11   1.4285640070997112E-11
0.05719999999999888       1.4261245895276209E-11   1.4263169094028065E-11   1.4266376004605064E-11
0.05723333333333221       1.4242011459733244E-11   1.4243932729110383E-11   1.4247136422116463E-11
0.05726666666666554       1.422280136500456E-11    1.4224720708252225E-11   1.4227921189105144E-11
0.05729999999999887       1.4203615618961298E-11   1.4205533039319076E-11   1.420873031342717E-11
0.05733333333333221       1.4184454162261367E-11   1.41863696629474E-11     1.418956373568328E-11
0.05736666666666553       1.4165316861979056E-11   1.4167230446178636E-11   1.417042132286008E-11
0.05739999999999887       1.4146203726145013E-11   1.4148115397037698E-11   1.415130308297293E-11
0.057433333333332205      1.412711469284135E-11    1.41290244535848E-11     1.4132208954045518E-11
0.057466666666665535      1.4108049631561694E-11   1.4109957485281137E-11   1.4113138805484947E-11
0.057499999999998865      1.4089008550496796E-11   1.409091450031164E-11    1.4094092645466447E-11
0.0575333333333322        1.4069991390618558E-11   1.4071895439626687E-11   1.4075070414904501E-11
0.05756666666666553       1.4050998018329113E-11   1.405290016959546E-11    1.4056071980113313E-11
0.05759999999999886       1.4032028441983122E-11   1.4033928698566701E-11   1.4037097349431784E-11
0.0576333333333322        1.4013082606867972E-11   1.4014980971807168E-11   1.4018146468092233E-11
0.05766666666666553       1.3994160376413684E-11   1.3996056852713128E-11   1.399921919943464E-11
0.05769999999999886       1.3975261759143195E-11   1.3977156349801518E-11   1.3980315551965943E-11
0.0577333333333322        1.3956386702418679E-11   1.3958279410414533E-11   1.3961435472995006E-11
0.05776666666666553       1.3937535069815812E-11   1.393942589809385E-11    1.3942578826006799E-11
0.05779999999999886       1.3918706870028507E-11   1.3920595821527282E-11   1.3923745619678988E-11
0.057833333333332196      1.3899902049695029E-11   1.390178912733301E-11    1.3904935800596237E-11
0.05786666666666552       1.3881120474585527E-11   1.3883005681247533E-11   1.3886149234438915E-11
0.057899999999998855      1.3862362153566713E-11   1.3864245492131378E-11   1.3867385930057244E-11
0.05793333333333219       1.3843627032149689E-11   1.3845508505475197E-11   1.3848645832907789E-11
0.05796666666666552       1.3824914977555621E-11   1.382679458846677E-11    1.3829928810122607E-11
0.05799999999999885       1.3806225998827078E-11   1.3808103750142386E-11   1.3811234870727523E-11
0.05803333333333219       1.3787560041452567E-11   1.3789435935970118E-11   1.3792563960156558E-11
0.05806666666666552       1.3768916974621115E-11   1.3770791015105896E-11   1.3773915947510411E-11
0.05809999999999885       1.375029680755454E-11    1.3752168996765154E-11   1.37552908419939E-11
0.058133333333332184      1.3731699483362203E-11   1.3733569824036353E-11   1.3736688586660608E-11
0.05816666666666551       1.3713124874092318E-11   1.3714993368935066E-11   1.3718109053471673E-11
0.05819999999999885       1.369457298914751E-11    1.3696439640857449E-11   1.3699552251812476E-11
0.058233333333332186      1.3676043772768129E-11   1.3677908584022998E-11   1.3681018125867713E-11
0.058266666666665516      1.365753709645272E-11    1.3659400069897525E-11   1.3662506547048622E-11
0.058299999999998846      1.3639052969788731E-11   1.3640914108061913E-11   1.364401752492513E-11
0.05833333333333218       1.3620591337577771E-11   1.3622450643296968E-11   1.3625551004243357E-11
0.058366666666665505      1.3602152072845326E-11   1.3604009548595681E-11   1.3607106857942082E-11
0.05839999999999884       1.3583735185367276E-11   1.358559083372726E-11    1.3588685095779397E-11
0.05843333333333218       1.3565340618091582E-11   1.3567194441618516E-11   1.3570285660646855E-11
0.05846666666666551       1.3546968246808297E-11   1.3548820248027412E-11   1.3551908428248892E-11
0.05849999999999884       1.3528618081483542E-11   1.3530468262913302E-11   1.3533553408533585E-11
0.058533333333332174      1.351029006510661E-11    1.35121384292441E-11     1.3515220544433172E-11
0.058566666666665504      1.3491984073625479E-11   1.3493830622935758E-11   1.3496909711810205E-11
0.058599999999998834      1.3473700117200436E-11   1.3475544854141692E-11   1.3478620920806651E-11
0.05863333333333217       1.3455438139545391E-11   1.345728106655457E-11    1.3460354115079737E-11
0.0586666666666655        1.3437198017117707E-11   1.3439039136599655E-11   1.3442109171001192E-11
0.058699999999998836      1.3418979760275441E-11   1.3420819074628022E-11   1.3423886098910474E-11
0.05873333333333217       1.3400783314363024E-11   1.340262082596326E-11    1.3405684844096408E-11
0.0587666666666655        1.3382608554456954E-11   1.3384444265649238E-11   1.338750528154842E-11
0.05879999999999883       1.3364455491116416E-11   1.3366289404238045E-11   1.3369347421806799E-11
0.05883333333333217       1.3346324073001282E-11   1.3348156190369265E-11   1.3351211213477305E-11
0.05886666666666549       1.3328214172966307E-11   1.3330044496864501E-11   1.3333096529326197E-11
0.05889999999999883       1.3310125801776082E-11   1.3311954334481148E-11   1.33150033800989E-11
0.058933333333332165      1.3292058909759545E-11   1.3293885653528181E-11   1.3296931716071124E-11
0.058966666666665495      1.3274013370723806E-11   1.3275838327779583E-11   1.3278881410961586E-11
0.058999999999998824      1.3255989195642391E-11   1.3257812368201581E-11   1.326085247572435E-11
0.05903333333333216       1.323798633269164E-11    1.3239807722950153E-11   1.3242844858481437E-11
0.05906666666666549       1.3220004658985275E-11   1.3221824269106368E-11   1.322485843625945E-11
0.05909999999999882       1.320204418570775E-11    1.3203862017847275E-11   1.3206893220223086E-11
0.05913333333333216       1.3184104860320465E-11   1.3185920916613617E-11   1.3188949157778669E-11
0.059166666666665486      1.3166186560626638E-11   1.316800084317601E-11    1.3171026126642422E-11
0.05919999999999882       1.3148289298025837E-11   1.3150101808926502E-11   1.315312413819387E-11
0.05923333333333216       1.3130413020753256E-11   1.313222376207974E-11    1.3135243140613405E-11
0.05926666666666549       1.3112557607513896E-11   1.3114366581308157E-11   1.3117383012519132E-11
0.05929999999999882       1.3094723069926701E-11   1.3096530278223067E-11   1.3099543765509637E-11
0.059333333333332156      1.3076909355360842E-11   1.3078714800172908E-11   1.3081725346898817E-11
0.05936666666666548       1.3059116344526187E-11   1.3060920027835234E-11   1.3063927637310294E-11
0.059399999999998815      1.3041344049263698E-11   1.3043145973043258E-11   1.3046150648564366E-11
0.05943333333333215       1.3023592416146118E-11   1.3025392582348546E-11   1.3028394327177329E-11
0.05946666666666548       1.3005861327355041E-11   1.3007659737900684E-11   1.3010658555245363E-11
0.05949999999999881       1.298815079495748E-11    1.2989947451758814E-11   1.2992943344814497E-11
0.05953333333333215       1.2970460764957183E-11   1.2972255669905398E-11   1.297524864183169E-11
0.05956666666666548       1.2952791122094094E-11   1.295458427704867E-11    1.2957574330952283E-11
0.05959999999999881       1.293514187866578E-11    1.2936933285478191E-11   1.2939920424452532E-11
0.05963333333333214       1.2917512977759648E-11   1.2919302638259551E-11   1.2922286865361622E-11
0.05966666666666547       1.2899904307337237E-11   1.2901692223322989E-11   1.2904673541557578E-11
0.05969999999999881       1.2882315879928635E-11   1.2884102053190482E-11   1.2887080465548879E-11
0.059733333333332146      1.286474763927217E-11    1.2866532071578444E-11   1.2869507581015394E-11
0.059766666666665476      1.284719947307709E-11    1.2848982166164825E-11   1.2851954775582873E-11
0.059799999999998805      1.2829671394110248E-11   1.2831452349708253E-11   1.2834422061996225E-11
0.05983333333333214       1.2812163347706532E-11   1.2813942567521642E-11   1.2816909385531753E-11
0.059866666666665465      1.279467522147304E-11    1.2796452707180733E-11   1.2799416633712897E-11
0.0598999999999988        1.2777207028419218E-11   1.277898278168663E-11    1.2781943819526843E-11
0.05993333333333214       1.275975871388618E-11    1.2761532736358736E-11   1.2764490888256817E-11
0.05996666666666547       1.2742330166948831E-11   1.2744102460240405E-11   1.2747057728893521E-11
0.0599999999999988        1.2724921400863552E-11   1.2726691966579537E-11   1.2729644354670739E-11
0.060033333333332134      1.2707532359664044E-11   1.2709301199387963E-11   1.271225070956384E-11
0.060066666666665464      1.269016293382341E-11    1.2691930049107236E-11   1.2694876683961762E-11
0.06009999999999879       1.2672813136846888E-11   1.2674578529233991E-11   1.2677522291346802E-11
0.06013333333333213       1.2655482915152314E-11   1.265724658616423E-11    1.2660187478078549E-11
0.06016666666666546       1.2638172158186438E-11   1.2639934109313054E-11   1.2642872133519324E-11
0.060199999999998796      1.2620880879708989E-11   1.2622641112431452E-11   1.2625576271405558E-11
0.06023333333333213       1.2603609026344539E-11   1.2605367542122341E-11   1.260829983830405E-11
0.06026666666666546       1.2586356488960766E-11   1.2588113289221552E-11   1.259104272499753E-11
0.06029999999999879       1.256912328157669E-11    1.2570878367739234E-11   1.2573804945481368E-11
0.06033333333333213       1.2551909350047191E-11   1.255366272350874E-11    1.2556586445553045E-11
0.06036666666666545       1.2534714584774647E-11   1.2536466246899905E-11   1.2539387115528067E-11
0.06039999999999879       1.251753900003947E-11    1.2519288952184126E-11   1.2522206969662846E-11
0.060433333333332125      1.250038254996706E-11    1.2502130793467261E-11   1.250504596203066E-11
0.060466666666665454      1.2483245115433298E-11   1.2484991651590345E-11   1.2487903973414428E-11
0.060499999999998784      1.2466126710985446E-11   1.2467871541091498E-11   1.2470781018337038E-11
0.06053333333333212       1.2449027304050323E-11   1.2450770429379824E-11   1.2453677064178048E-11
0.06056666666666545       1.2431946762864788E-11   1.2433688184655169E-11   1.2436591979075586E-11
0.06059999999999878       1.2414885102251703E-11   1.2416624821731118E-11   1.2419525777827771E-11
0.060633333333332116      1.2397842298628005E-11   1.2399580317009133E-11   1.2402478436810295E-11
0.060666666666665446      1.2380818216073062E-11   1.2382554534530217E-11   1.238544982000015E-11
0.06069999999999878       1.2363812869687757E-11   1.236554748938583E-11    1.2368439942473106E-11
0.06073333333333212       1.2346826237064181E-11   1.2348559159151799E-11   1.2351448781777886E-11
0.06076666666666545       1.2329858183017924E-11   1.2331589408605972E-11   1.233447620262938E-11
0.06079999999999878       1.2312908722930886E-11   1.2314638253120679E-11   1.2317522220383981E-11
0.060833333333332115      1.2295977830480157E-11   1.2297705666356517E-11   1.2300586808674774E-11
0.06086666666666544       1.2279065375856595E-11   1.228079151846685E-11    1.228366983759261E-11
0.060899999999998775      1.2262171374727263E-11   1.2263895825109035E-11   1.2266771322778679E-11
0.06093333333333211       1.2245295800148217E-11   1.224701855932149E-11    1.2249891237242004E-11
0.06096666666666544       1.2228438524554265E-11   1.2230159593502462E-11   1.2233029453319836E-11
0.06099999999999877       1.2211599563902983E-11   1.2213318943599671E-11   1.2216185986943487E-11
0.06103333333333211       1.2194778886054408E-11   1.2196496577455649E-11   1.2199360805926301E-11
0.06106666666666544       1.217797636775901E-11    1.2179692371783737E-11   1.2182553786919707E-11
0.06109999999999877       1.216119202526888E-11    1.2162906342826018E-11   1.2165764946149122E-11
0.0611333333333321        1.2144425830797025E-11   1.2146138462777692E-11   1.2148994255780046E-11
0.06116666666666543       1.2127677658082478E-11   1.2129388605340967E-11   1.2132241589453272E-11
0.06119999999999877       1.2110947523676817E-11   1.2112656787057264E-11   1.2115506963693305E-11
0.061233333333332106      1.209423539797903E-11    1.2095942978307954E-11   1.2098790348852147E-11
0.061266666666665436      1.2077541157823234E-11   1.2079247055889959E-11   1.20820916216647E-11
0.061299999999998765      1.206086482006581E-11    1.2062569036649361E-11   1.2065410798959871E-11
0.0613333333333321        1.2044206357227535E-11   1.2045908893088808E-11   1.2048747853210104E-11
0.061366666666665425      1.2027565645240595E-11   1.2029266501103654E-11   1.2032102660249315E-11
0.06139999999999876       1.2010942701271212E-11   1.2012641877849658E-11   1.2015475237215833E-11
0.0614333333333321        1.1994337494167608E-11   1.1996034992156721E-11   1.1998865552909034E-11
0.06146666666666543       1.1977749904648568E-11   1.1979445724706853E-11   1.1982273487949585E-11
0.06149999999999876       1.1961179950194799E-11   1.1962874092970142E-11   1.1965699059789877E-11
0.061533333333332094      1.194462760088173E-11    1.1946320067003132E-11   1.1949142238454997E-11
0.06156666666666542       1.1928092736924257E-11   1.1929783526984181E-11   1.1932602904062361E-11
0.06159999999999876       1.1911575376122906E-11   1.1913264490703036E-11   1.191608107438375E-11
0.06163333333333209       1.1895075486065522E-11   1.1896762925728766E-11   1.189957671695694E-11
0.06166666666666542       1.1878592950652244E-11   1.1880278715924848E-11   1.188308971558428E-11
0.061699999999998756      1.1862127788007841E-11   1.1863811879405119E-11   1.1866620088361374E-11
0.06173333333333209       1.1845679966722163E-11   1.1847362384739357E-11   1.1850167803824555E-11
0.061766666666665415      1.1829249372489736E-11   1.1830930117586651E-11   1.1833732747573799E-11
0.061799999999998745      1.1812836023766469E-11   1.18145150963918E-11     1.1817314938035401E-11
0.06183333333333208       1.1796439881350023E-11   1.1798117281932473E-11   1.1800914335953717E-11
0.06186666666666541       1.1780060837139947E-11   1.1781736566072032E-11   1.1784530833131758E-11
0.06189999999999874       1.1763698909926508E-11   1.1765372967589467E-11   1.1768164448329727E-11
0.06193333333333208       1.1747354066822384E-11   1.1749026453576858E-11   1.1751815148605366E-11
0.0619666666666654        1.1731026196234825E-11   1.1732696912406084E-11   1.1735482822271555E-11
0.06199999999999874       1.171471531729604E-11    1.1716384363197894E-11   1.1719167488429981E-11
0.06203333333333207       1.1698421390893866E-11   1.1700088766819842E-11   1.170286910791437E-11
0.0620666666666654        1.1682144311106086E-11   1.1683810017313352E-11   1.168658757470552E-11
0.06209999999999874       1.1665884097410168E-11   1.1667548134144277E-11   1.1670322908249925E-11
0.062133333333332076      1.1649640718009117E-11   1.165130308549504E-11    1.1654075076695715E-11
0.062166666666665406      1.1633414061882774E-11   1.1635074760309619E-11   1.163784396892704E-11
0.062199999999998735      1.1617204148861196E-11   1.161886317840628E-11    1.1621629604742522E-11
0.062233333333332065      1.1601010941975465E-11   1.1602668302795387E-11   1.1605431947118024E-11
0.062266666666665395      1.1584834336635976E-11   1.1586490028851197E-11   1.158925089136752E-11
0.06229999999999873       1.1568674353029435E-11   1.1570328376748445E-11   1.1573086457645798E-11
0.06233333333333207       1.1552530957210424E-11   1.155418331252038E-11    1.1556938611950545E-11
0.0623666666666654        1.1536404042844582E-11   1.1538054729797092E-11   1.1540807247852581E-11
0.06239999999999873       1.1520293630482144E-11   1.1521942649116668E-11   1.1524692385869744E-11
0.062433333333332064      1.1504199681226763E-11   1.1505847031560877E-11   1.1508593987047347E-11
0.06246666666666539       1.1488122095420422E-11   1.1489767777436378E-11   1.1492511951633114E-11
0.06249999999999872       1.1472060893982095E-11   1.147370490764981E-11    1.1476446300513155E-11
0.06253333333333205       1.1456016038967641E-11   1.1457658384234956E-11   1.1460396995684448E-11
0.06256666666666538       1.1439987428956002E-11   1.1441628105734954E-11   1.1444363935630432E-11
0.06259999999999871       1.1423975085241623E-11   1.1425614093431735E-11   1.1428347141612167E-11
0.06263333333333204       1.1407978971387082E-11   1.1409616310866527E-11   1.1412346577135327E-11
0.06266666666666537       1.1391998985481159E-11   1.139363465609148E-11    1.1396362140190954E-11
0.06269999999999872       1.1376035149199994E-11   1.1377669150770019E-11   1.1380393852421311E-11
0.06273333333333204       1.1360087430847475E-11   1.1361719763184423E-11   1.1364441682072657E-11
0.06276666666666537       1.134415572623259E-11    1.1345786389107337E-11   1.1348505524857018E-11
0.0627999999999987        1.1328240057418907E-11   1.1329869050589426E-11   1.1332585402803566E-11
0.06283333333333205       1.1312340388819057E-11   1.1313967712021103E-11   1.1316681280265697E-11
0.06286666666666538       1.1296456622103675E-11   1.1298082275037056E-11   1.1300793058818147E-11
0.06289999999999871       1.1280588779730197E-11   1.1282212762081627E-11   1.128492076088344E-11
0.06293333333333205       1.1264736824493397E-11   1.1266359135925871E-11   1.1269064349193106E-11
0.06296666666666538       1.1248900661801111E-11   1.1250521301943188E-11   1.1253223729063104E-11
0.06299999999999871       1.1233080314511668E-11   1.1234699282978607E-11   1.123739892331632E-11
0.06303333333333204       1.1217275734455183E-11   1.1218893030836169E-11   1.1221589883713332E-11
0.06306666666666537       1.1201486841579792E-11   1.1203102465431815E-11   1.120579653011639E-11
0.0630999999999987        1.1185713659150128E-11   1.1187327610016686E-11   1.119001888575416E-11
0.06313333333333204       1.116995612766841E-11    1.1171568405065258E-11   1.1174256891054876E-11
0.06316666666666537       1.1154214177436563E-11   1.1155824780848309E-11   1.1158510476237372E-11
0.0631999999999987        1.113848783212767E-11    1.1140096761025225E-11   1.114277966493822E-11
0.06323333333333203       1.1122777028962811E-11   1.112438428278817E-11    1.112706439430139E-11
0.06326666666666536       1.1107081700291435E-11   1.1108687278455915E-11   1.1111364596594482E-11
0.06329999999999869       1.1091401870203535E-11   1.109300577210455E-11    1.1095680295870435E-11
0.06333333333333202       1.107573747700515E-11    1.1077339702010887E-11   1.1080011430357353E-11
0.06336666666666536       1.1060088453030568E-11   1.106168900047854E-11    1.1064357932307677E-11
0.0633999999999987        1.1044454822794897E-11   1.10460536920085E-11     1.1048719826198898E-11
0.06343333333333204       1.1028836524637263E-11   1.1030433714910546E-11   1.1033097050291876E-11
0.06346666666666537       1.1013233492437579E-11   1.1014829003033754E-11   1.1017489538384246E-11
0.0634999999999987        1.0997645751142217E-11   1.0999239581310164E-11   1.1001897315384205E-11
0.06353333333333203       1.0982073239758124E-11   1.0983665388717106E-11   1.0986320320219698E-11
0.06356666666666536       1.096651589231188E-11    1.0968106359250144E-11   1.0970758486834573E-11
0.06359999999999869       1.095097373418892E-11    1.0952562518280179E-11   1.0955211840575504E-11
0.06363333333333202       1.0935446705293033E-11   1.0937033805681275E-11   1.0939680321267039E-11
0.06366666666666534       1.0919934740280688E-11   1.0921520156078577E-11   1.0924163863482061E-11
0.06369999999999869       1.0904437864983913E-11   1.0906021595289355E-11   1.0908662493013264E-11
0.06373333333333202       1.0888956020031444E-11   1.089053806391297E-11    1.0893176150411051E-11
0.06376666666666535       1.0873489139409435E-11   1.087506949590319E-11    1.0877704769575176E-11
0.06379999999999868       1.0858037249403822E-11   1.0859615917530972E-11   1.0862248376751642E-11
0.06383333333333202       1.0842600295208228E-11   1.084417727396227E-11    1.0846806917060319E-11
0.06386666666666535       1.0827178204894391E-11   1.0828753493234161E-11   1.0831380318480451E-11
0.06389999999999868       1.0811771005207865E-11   1.0813344602076993E-11   1.0815968607717069E-11
0.06393333333333202       1.0796378656348698E-11   1.0797950560663906E-11   1.080057174489845E-11
0.06396666666666535       1.0781001073417314E-11   1.0782571284059658E-11   1.0785189645029906E-11
0.06399999999999868       1.0765638283633884E-11   1.0767206799468999E-11   1.0769822335290476E-11
0.06403333333333201       1.0750290250876905E-11   1.0751857070745566E-11   1.0754469779492379E-11
0.06406666666666534       1.0734956889575027E-11   1.0736522012279996E-11   1.0739131891962851E-11
0.06409999999999867       1.0719638227425778E-11   1.0721201651754153E-11   1.0723808700357663E-11
0.06413333333333202       1.070433423531909E-11    1.0705895960033469E-11   1.0708500175501416E-11
0.06416666666666535       1.068904482301028E-11    1.0690604846834996E-11   1.069320622704736E-11
0.06419999999999867       1.0673770018678997E-11   1.0675328340322486E-11   1.0677926883132767E-11
0.064233333333332         1.0658509791266543E-11   1.0660066409412249E-11   1.0662662112632283E-11
0.06426666666666533       1.0643264055382046E-11   1.0644818968675445E-11   1.0647411830053777E-11
0.06429999999999866       1.0628032839695134E-11   1.0629586046765565E-11   1.0632176064023856E-11
0.064333333333332         1.0612816113028224E-11   1.0614367612479587E-11   1.0616954783297077E-11
0.06436666666666534       1.0597613790904551E-11   1.0599163581302624E-11   1.0601747903295016E-11
0.06439999999999867       1.0582425902489567E-11   1.0583973982383763E-11   1.0586555453139473E-11
0.06443333333333201       1.0567252415007288E-11   1.056879878292132E-11    1.0571377399985956E-11
0.06446666666666534       1.0552093246723728E-11   1.0553637901143097E-11   1.0556213661998535E-11
0.06449999999999867       1.0536948427309451E-11   1.0538491366703046E-11   1.0541064268803478E-11
0.064533333333332         1.0521817926380821E-11   1.0523359149191368E-11   1.0525929189947412E-11
0.06456666666666533       1.0506701661895434E-11   1.050824116652764E-11    1.051080834328649E-11
0.06459999999999866       1.0491599664035279E-11   1.0493137448876985E-11   1.0495701758957745E-11
0.06463333333333199       1.047651189803964E-11    1.0478047961451716E-11   1.0480609402128559E-11
0.06466666666666532       1.0461438287954048E-11   1.046297262825984E-11    1.0465531196744347E-11
0.06469999999999866       1.0446378864480303E-11   1.044791147998604E-11    1.0450467173461288E-11
0.06473333333333199       1.043133359303772E-11    1.0432864482021374E-11   1.0435417297623346E-11
0.06476666666666532       1.0416302399923498E-11   1.0417831560626484E-11   1.0420381495430209E-11
0.06479999999999865       1.040128531636788E-11    1.0402812747014244E-11   1.040535979806581E-11
0.064833333333332         1.0386282298536538E-11   1.0387807997321163E-11   1.039035216161806E-11
0.06486666666666532       1.0371293282724758E-11   1.037281724780617E-11    1.0375358522285259E-11
0.06489999999999865       1.0356318300697379E-11   1.0357840530216485E-11   1.0360378911785257E-11
0.064933333333332         1.0341357312140297E-11   1.0342877804208109E-11   1.0345413289724275E-11
0.06496666666666533       1.032641025083984E-11    1.0327929003531323E-11   1.0330461589792463E-11
0.06499999999999866       1.0311477149105856E-11   1.0312994160478087E-11   1.0315523844251987E-11
0.06503333333333199       1.0296557961206368E-11   1.0298073229286272E-11   1.0300600007290466E-11
0.06506666666666532       1.0281652627324821E-11   1.0283166150103043E-11   1.0285690018994559E-11
0.06509999999999865       1.0266761180323087E-11   1.0268272955772125E-11   1.027079391217775E-11
0.06513333333333199       1.0251883579738226E-11   1.025339360579971E-11    1.0255911646294805E-11
0.06516666666666532       1.0237019762441049E-11   1.0238528037020722E-11   1.024104315812082E-11
0.06519999999999865       1.0222169761856432E-11   1.022367628284162E-11    1.0226188481031561E-11
0.06523333333333198       1.0207333529352048E-11   1.020883829459882E-11    1.0211347566311341E-11
0.06526666666666531       1.0192511011012303E-11   1.0194014018340547E-11   1.0196520359948065E-11
0.06529999999999864       1.0177702240829792E-11   1.01792034880407E-11     1.0181706895884488E-11
0.06533333333333197       1.0162907177067946E-11   1.0164406661931243E-11   1.0166907132300117E-11
0.06536666666666531       1.0148125759653093E-11   1.0149623479902158E-11   1.015212100902435E-11
0.06539999999999864       1.0133358023156955E-11   1.0134853976506202E-11   1.013734856057834E-11
0.06543333333333198       1.0118603923096114E-11   1.0120098107228269E-11   1.0122589742394175E-11
0.06546666666666531       1.0103863404230072E-11   1.0105355816791402E-11   1.01078444991341E-11
0.06549999999999864       1.0089136501718229E-11   1.0090627140335753E-11   1.0093112865906198E-11
0.06553333333333197       1.0074423174873602E-11   1.0075912037141503E-11   1.007839480193594E-11
0.0655666666666653        1.005972336817568E-11    1.006121045165288E-11    1.0063690251608733E-11
0.06559999999999863       1.004503711738193E-11    1.0046522419607812E-11   1.004899925062999E-11
0.06563333333333196       1.0030364369726466E-11   1.0031847888205348E-11   1.0034321746140285E-11
0.06566666666666529       1.0015705086017864E-11   1.0017186818220452E-11   1.001965769885856E-11
0.06569999999999863       1.000105930261644E-11    1.0002539245993633E-11   1.0005007145092311E-11
0.06573333333333198       9.986426957574811E-12    9.987905109541086E-12    9.990370022797037E-12
0.06576666666666531       9.971808019722112E-12    9.973284377659137E-12    9.975746300714355E-12
0.06579999999999864       9.957202526025964E-12    9.958677087295303E-12    9.961136015758298E-12
0.06583333333333197       9.942610410545347E-12    9.944083172470497E-12    9.946539101886317E-12
0.0658666666666653        9.928031646499293E-12    9.929502606371727E-12    9.93195553223204E-12
0.06589999999999863       9.913466271472192E-12    9.914935426562998E-12    9.91738534432551E-12
0.06593333333333197       9.898914221251413E-12    9.900381568793217E-12    9.902828473851527E-12
0.0659666666666653        9.884375467867545E-12    9.885841005060598E-12    9.888284892754322E-12
0.06599999999999863       9.869850049535297E-12    9.871313773559173E-12    9.873754639193468E-12
0.06603333333333196       9.855337903294537E-12    9.856799811290448E-12    9.85923765010655E-12
0.06606666666666529       9.84083900220714E-12     9.842299091283451E-12    9.844733898467823E-12
0.06609999999999862       9.82635338512579E-12     9.827811652369885E-12    9.830243423074038E-12
0.06613333333333196       9.811880991246366E-12    9.813337433707022E-12    9.8157661630181E-12
0.06616666666666529       9.797421792669402E-12    9.798876407362215E-12    9.801302090312078E-12
0.06619999999999862       9.782975828896055E-12    9.784428612815349E-12    9.786851244400397E-12
0.06623333333333195       9.768543041144761E-12    9.769993991246045E-12    9.772413566397975E-12
0.0662666666666653        9.754123402011004E-12    9.755572515216346E-12    9.757989028811112E-12
0.06629999999999862       9.739716951655818E-12    9.741164224865705E-12    9.743577671743301E-12
0.06633333333333197       9.725323630072618E-12    9.726769060148599E-12    9.729179435084116E-12
0.06636666666666528       9.710943413205256E-12    9.712386996975142E-12    9.714794294687432E-12
0.06639999999999861       9.69657634188015E-12     9.698018076149865E-12    9.700422291321303E-12
0.06643333333333196       9.682222357374163E-12    9.683662238910103E-12    9.68606336615719E-12
0.06646666666666529       9.667881435901189E-12    9.669319461436152E-12    9.671717495319371E-12
0.06649999999999862       9.653553618963216E-12    9.654989785207797E-12    9.657384720250646E-12
0.06653333333333195       9.639238847025785E-12    9.6406731506502E-12      9.64306498130886E-12
0.06656666666666528       9.624937100484755E-12    9.62636953812608E-12     9.628758258801487E-12
0.0665999999999986        9.610648421527953E-12    9.61207898980075E-12     9.614464594856326E-12
0.06663333333333193       9.596372744734517E-12    9.5978014402121E-12      9.600183923942532E-12
0.06666666666666526       9.582110057569041E-12    9.583536876791639E-12    9.585916233436447E-12
0.06669999999999861       9.567860402913005E-12    9.56928534239801E-12     9.571661566158658E-12
0.06673333333333195       9.553623712011152E-12    9.555046768235466E-12    9.557419853245928E-12
0.06676666666666528       9.539399976383342E-12    9.54082114578991E-12     9.543191086127566E-12
0.06679999999999861       9.52518923960252E-12     9.52660851861114E-12     9.52897530831479E-12
0.06683333333333194       9.51099144845199E-12     9.51240883343943E-12     9.51477246647615E-12
0.06686666666666527       9.496806576524887E-12    9.49822206383515E-12     9.500582534117403E-12
0.0668999999999986        9.48263466811884E-12     9.484048254072457E-12    9.486405555473584E-12
0.06693333333333194       9.46847567038275E-12     9.469887351258893E-12    9.472241477583309E-12
0.06696666666666527       9.45432956461442E-12     9.4557393366577E-12      9.458090281652198E-12
0.0669999999999986        9.440196395842038E-12    9.441604255273256E-12    9.44395201264497E-12
0.06703333333333193       9.426076107902879E-12    9.427482050901606E-12    9.429826614288936E-12
0.06706666666666526       9.411968687562904E-12    9.413372710273877E-12    9.41571407325715E-12
0.06709999999999859       9.397874180582341E-12    9.399276279126157E-12    9.401614435245477E-12
0.06713333333333193       9.383792527373858E-12    9.385192697828583E-12    9.387527640553178E-12
0.06716666666666526       9.369723719675204E-12    9.371121958084773E-12    9.373453680826948E-12
0.0671999999999986        9.355667803986171E-12    9.357064106370046E-12    9.35939260250134E-12
0.06723333333333192       9.341624720079014E-12    9.343019082413646E-12    9.345344345233908E-12
0.06726666666666527       9.327594461159944E-12    9.328986879387503E-12    9.331308902139442E-12
0.0672999999999986        9.313577074477814E-12    9.314967544515677E-12    9.317286320400674E-12
0.06733333333333194       9.299572502271061E-12    9.300961019993101E-12    9.303276542140034E-12
0.06736666666666526       9.285580737366368E-12    9.286967298612201E-12    9.289279560092838E-12
0.06739999999999859       9.271601827772115E-12    9.272986428356219E-12    9.275295422200441E-12
0.06743333333333193       9.257635716824729E-12    9.259018352517422E-12    9.26132407168151E-12
0.06746666666666526       9.243682399590151E-12    9.245063066127709E-12    9.247365503511178E-12
0.06749999999999859       9.229741924849095E-12    9.231120617942314E-12    9.233419766402235E-12
0.06753333333333192       9.215814232303767E-12    9.217190947618596E-12    9.219486799937287E-12
0.06756666666666525       9.201899323080076E-12    9.203274056248622E-12    9.205566605151983E-12
0.06759999999999858       9.18799724673653E-12     9.189369993365079E-12    9.191659231535987E-12
0.06763333333333191       9.174107943761989E-12    9.175478699411143E-12    9.17776461945634E-12
0.06766666666666524       9.160231415718223E-12    9.16160017591496E-12     9.163882770385098E-12
0.06769999999999858       9.146367712953101E-12    9.14773447319823E-12     9.15001373460038E-12
0.06773333333333192       9.132516776430746E-12    9.133881532178744E-12    9.136157452942757E-12
0.06776666666666525       9.118678609982419E-12    9.120041356654214E-12    9.122313929153983E-12
0.06779999999999858       9.104853264757952E-12    9.106213997747956E-12    9.108483214313223E-12
0.06783333333333191       9.091040679391545E-12    9.09239939404755E-12     9.09466524693034E-12
0.06786666666666524       9.077240862242617E-12    9.078597553878657E-12    9.080860035274705E-12
0.06789999999999857       9.063453865268999E-12    9.064808529172246E-12    9.067067631232544E-12
0.06793333333333192       9.049679628518085E-12    9.051032259928496E-12    9.053287974725332E-12
0.06796666666666525       9.035918160898106E-12    9.037268755022072E-12    9.039521074571767E-12
0.06799999999999858       9.022169515183789E-12    9.023518067200499E-12    9.025766983474052E-12
0.0680333333333319        9.008433630968166E-12    9.009780136008853E-12    9.012025640897339E-12
0.06806666666666523       8.99471052079546E-12     8.99605497395801E-12     8.998297059296901E-12
0.06809999999999856       8.981000238268983E-12    8.982342634623731E-12    8.984581292202591E-12
0.06813333333333191       8.967302720348735E-12    8.968643054917703E-12    8.97087827644557E-12
0.06816666666666524       8.953617984772083E-12    8.954956252543804E-12    8.957188029673871E-12
0.06819999999999857       8.939946085976356E-12    8.94128228191145E-12     8.943510606250417E-12
0.0682333333333319        8.926286963182975E-12    8.927621082193186E-12    8.92984594526628E-12
0.06826666666666524       8.912640633135386E-12    8.913972670099082E-12    8.916194063375887E-12
0.06829999999999857       8.899007151116251E-12    8.900337100883549E-12    8.902555015786562E-12
0.06833333333333191       8.885386456543275E-12    8.886714313914334E-12    8.888928741782799E-12
0.06836666666666523       8.871778570304287E-12    8.8731043300467E-12      8.87531526216556E-12
0.06839999999999856       8.85818354853792E-12     8.859507205390672E-12    8.861714632997194E-12
0.0684333333333319        8.84460132466752E-12     8.845922873318612E-12    8.848126787565089E-12
0.06846666666666523       8.831031928523383E-12    8.832351363628808E-12    8.834551755614164E-12
0.06849999999999856       8.817475417104916E-12    8.818792733291702E-12    8.820989594066605E-12
0.06853333333333189       8.803931722525079E-12    8.80524691436824E-12     8.80744023489665E-12
0.06856666666666522       8.790400876518992E-12    8.791713938561839E-12    8.793903709754866E-12
0.06859999999999855       8.776882936956365E-12    8.7781938637129E-12      8.780380076432801E-12
0.06863333333333188       8.763377839716693E-12    8.764686625648304E-12    8.766869270669654E-12
0.06866666666666521       8.749885614409178E-12    8.75119225394552E-12     8.75337132198998E-12
0.06869999999999855       8.736406319786703E-12    8.737710807327762E-12    8.739886289067552E-12
0.0687333333333319        8.722939895498618E-12    8.724242225391601E-12    8.72641411141097E-12
0.06876666666666523       8.709486370709689E-12    8.710786537269652E-12    8.712954818099243E-12
0.06879999999999856       8.696045805069945E-12    8.697343802581913E-12    8.699508468702339E-12
0.06883333333333189       8.68261813520343E-12     8.683913957899838E-12    8.686074999704038E-12
0.06886666666666522       8.669203397849356E-12    8.670497039930256E-12    8.672654447757176E-12
0.06889999999999855       8.655801653555698E-12    8.657093109190765E-12    8.659246873328735E-12
0.06893333333333189       8.642412839087351E-12    8.643702102392796E-12    8.645852213041038E-12
0.06896666666666522       8.629036992676067E-12    8.630324057736152E-12    8.632470505040603E-12
0.06899999999999855       8.61567417577461E-12     8.616959036642864E-12    8.619101810698263E-12
0.06903333333333188       8.602324326489227E-12    8.603606977164688E-12    8.605746067974935E-12
0.06906666666666521       8.588987484583336E-12    8.590267919033588E-12    8.592403316550146E-12
0.06909999999999854       8.575663712427344E-12    8.57694192458889E-12     8.579073618711426E-12
0.06913333333333188       8.562352945755745E-12    8.563628929510224E-12    8.565756910046953E-12
0.06916666666666521       8.549055230401474E-12    8.550328979599214E-12    8.552453236306144E-12
0.06919999999999854       8.5357706296559E-12      8.537042138115803E-12    8.539162660696576E-12
0.06923333333333187       8.522499079669293E-12    8.523768341154621E-12    8.525885119220126E-12
0.06926666666666521       8.509240627890434E-12    8.510507636133542E-12    8.512620659243143E-12
0.06929999999999854       8.495995338538837E-12    8.497260087240306E-12    8.499369344900411E-12
0.06933333333333189       8.482763148531189E-12    8.484025631335127E-12    8.486131112958014E-12
0.0693666666666652        8.469544108003618E-12    8.470804318523629E-12    8.472906013470725E-12
0.06939999999999853       8.456338282114725E-12    8.457596213932301E-12    8.459694111511498E-12
0.06943333333333188       8.443145604953203E-12    8.444401251593146E-12    8.446495341017853E-12
0.0694666666666652        8.429966132795765E-12    8.43121948775237E-12     8.433309758185126E-12
0.06949999999999854       8.416799931742315E-12    8.41805098847742E-12     8.420137429026674E-12
0.06953333333333186       8.403646937228515E-12    8.40489568914677E-12     8.40697828882565E-12
0.0695666666666652        8.390507205846682E-12    8.391753646322472E-12    8.393832394093635E-12
0.06959999999999852       8.377380804643313E-12    8.378624927018227E-12    8.380699811789666E-12
0.06963333333333185       8.364267671636412E-12    8.36550946919429E-12     8.367580479777757E-12
0.06966666666666518       8.351167864879914E-12    8.352407330874719E-12    8.354474456032132E-12
0.06969999999999853       8.338081452375761E-12    8.339318580028322E-12    8.341381808466378E-12
0.06973333333333187       8.325008370523819E-12    8.326243152996983E-12    8.328302473325733E-12
0.0697666666666652        8.31194868325467E-12     8.313181113681546E-12    8.315236514461447E-12
0.06979999999999853       8.298902459528188E-12    8.300132531008417E-12    8.302184000744156E-12
0.06983333333333186       8.285869635798763E-12    8.287097341373519E-12    8.289144868472331E-12
0.06986666666666519       8.272850278769799E-12    8.27407561145094E-12     8.276119184271164E-12
0.06989999999999852       8.25984445836118E-12     8.261067411126783E-12    8.263107017970451E-12
0.06993333333333186       8.246852113337697E-12    8.248072679106668E-12    8.250108308177199E-12
0.06996666666666519       8.23387331207933E-12     8.23509148374176E-12     8.237123123194507E-12
0.06999999999999852       8.220908125474592E-12    8.222123895886465E-12    8.224151533819942E-12
0.07003333333333185       8.207956490712973E-12    8.209169852670695E-12    8.211193477084098E-12
0.07006666666666518       8.195018481961322E-12    8.196229428232792E-12    8.198249027077779E-12
0.07009999999999851       8.182094171079819E-12    8.183302694398513E-12    8.185318255569388E-12
0.07013333333333185       8.169183494433455E-12    8.170389587472734E-12    8.172401098763561E-12
0.07016666666666518       8.156286530003811E-12    8.157490185409097E-12    8.159497634567377E-12
0.07019999999999851       8.143403350623194E-12    8.144604561005193E-12    8.146607935720548E-12
0.07023333333333184       8.130533894936037E-12    8.131732652844584E-12    8.133731940705174E-12
0.07026666666666519       8.117678242473471E-12    8.118874540430977E-12    8.120869728979222E-12
0.07029999999999852       8.104836467050562E-12    8.106030297544418E-12    8.108021374264363E-12
0.07033333333333186       8.092008502236279E-12    8.093199857692895E-12    8.095186809966948E-12
0.07036666666666518       8.079194438791465E-12    8.080383311610706E-12    8.082366126776995E-12
0.0703999999999985        8.066394351504005E-12    8.067580734050425E-12    8.069559399388227E-12
0.07043333333333185       8.053608174917894E-12    8.054792059492826E-12    8.056766562176023E-12
0.07046666666666518       8.040835999066039E-12    8.042017377945927E-12    8.0439877051069E-12
0.07049999999999851       8.028077899716627E-12    8.029256765142332E-12    8.031222903854143E-12
0.07053333333333184       8.015333812064662E-12    8.016510156213414E-12    8.018472093443045E-12
0.07056666666666517       8.002603830571927E-12    8.003777645596487E-12    8.005735368270126E-12
0.0705999999999985        7.98988803199317E-12     7.991059310010438E-12    7.993012804994498E-12
0.07063333333333183       7.977186347116533E-12    7.978355080179489E-12    7.980304334233817E-12
0.07066666666666516       7.964498879729871E-12    7.965665059867833E-12    7.967610059712809E-12
0.0706999999999985        7.951825707565667E-12    7.95298932677183E-12     7.954930059067622E-12
0.07073333333333184       7.939166761229474E-12    7.940327811432585E-12    7.942264262731918E-12
0.07076666666666517       7.926522146735731E-12    7.927680619841526E-12    7.929612776658758E-12
0.0707999999999985        7.913891942791805E-12    7.915047830669648E-12    7.916975679458508E-12
0.07083333333333183       7.901276082899805E-12    7.902429377354246E-12    7.904352904460396E-12
0.07086666666666516       7.888674675086587E-12    7.889825367899926E-12    7.891744559631929E-12
0.07089999999999849       7.87608779903451E-12     7.877235881952443E-12    7.879150724557831E-12
0.07093333333333184       7.863515386923804E-12    7.864660851627156E-12    7.866571331245335E-12
0.07096666666666517       7.850957553293143E-12    7.85210039144117E-12     7.854006494175556E-12
0.0709999999999985        7.838414378792985E-12    7.839554582008116E-12    7.841456293900723E-12
0.07103333333333182       7.825885797191202E-12    7.827023357030503E-12    7.828920664014394E-12
0.07106666666666515       7.813371924936279E-12    7.814506832936101E-12    7.816399720909767E-12
0.07109999999999848       7.800872843642306E-12    7.802005091301957E-12    7.803893546102149E-12
0.07113333333333183       7.788388489772795E-12    7.78951806852613E-12     7.79140207588047E-12
0.07116666666666516       7.775918982653943E-12    7.777045883914829E-12    7.778925429517596E-12
0.07119999999999849       7.76346440485989E-12     7.764588620004955E-12    7.76646368948836E-12
0.07123333333333182       7.751024692305182E-12    7.752146212645787E-12    7.75401679153321E-12
0.07126666666666516       7.738599970633347E-12    7.739718787461428E-12    7.74158486124385E-12
0.07129999999999849       7.726190323370366E-12    7.727306427940447E-12    7.72916798204648E-12
0.07133333333333183       7.713795687060422E-12    7.714909070561248E-12    7.716766090309834E-12
0.07136666666666515       7.701416191144156E-12    7.702526844746316E-12    7.704379315426102E-12
0.07139999999999848       7.689051920088448E-12    7.690159834924958E-12    7.692007741761957E-12
0.07143333333333182       7.676702811598866E-12    7.677807978736532E-12    7.679651306846364E-12
0.07146666666666515       7.66436899902887E-12     7.665471409517242E-12    7.667310143986732E-12
0.07149999999999848       7.652050567783598E-12    7.653150212634517E-12    7.654984338487619E-12
0.07153333333333181       7.639747452356794E-12    7.640844322516058E-12    7.642673824666619E-12
0.07156666666666514       7.627459795742897E-12    7.628553882140042E-12    7.630378745474769E-12
0.07159999999999847       7.615187684268717E-12    7.616278977795446E-12    7.61809918713796E-12
0.0716333333333318        7.602931051290058E-12    7.604019542771451E-12    7.605835082834304E-12
0.07166666666666513       7.590690044188002E-12    7.591775724434388E-12    7.593586579905502E-12
0.07169999999999847       7.578464750194422E-12    7.579547609978193E-12    7.581353765482247E-12
0.07173333333333182       7.566255105165965E-12    7.567335135192452E-12    7.569136575242307E-12
0.07176666666666515       7.554061260059238E-12    7.555138451020651E-12    7.556935160107262E-12
0.07179999999999848       7.541883302999167E-12    7.5429576455497E-12      7.544749608100642E-12
0.0718333333333318        7.529721169275159E-12    7.5307926540021E-12      7.532579854333373E-12
0.07186666666666514       7.517575016724373E-12    7.518643634202932E-12    7.520426056610394E-12
0.07189999999999847       7.50544493435019E-12     7.506510675117513E-12    7.508288303833534E-12
0.07193333333333181       7.493330857960314E-12    7.494393712486852E-12    7.496166531632592E-12
0.07196666666666514       7.48123295076471E-12     7.482292909510404E-12    7.484060903189482E-12
0.07199999999999847       7.469151302619147E-12    7.47020835600584E-12     7.471971508258342E-12
0.0720333333333318        7.457085854274649E-12    7.458139992657284E-12    7.459898287411746E-12
0.07206666666666513       7.445036769023674E-12    7.446087982747773E-12    7.447841403916982E-12
0.07209999999999846       7.433004137566816E-12    7.434052416939793E-12    7.435800948372999E-12
0.0721333333333318        7.420987900046023E-12    7.422033235309569E-12    7.42377686074642E-12
0.07216666666666513       7.40898822958077E-12     7.410030610968029E-12    7.411769314133892E-12
0.07219999999999846       7.39700521769214E-12     7.39804463539817E-12     7.399778399954904E-12
0.07223333333333179       7.38503880582258E-12     7.386075249977184E-12    7.387804059477833E-12
0.07226666666666513       7.373089170561814E-12    7.374122631287471E-12    7.375846469272818E-12
0.07229999999999846       7.361156404224797E-12    7.362186871605951E-12    7.363905721553364E-12
0.0723333333333318        7.349240451097533E-12    7.350267915153463E-12    7.351981760431618E-12
0.07236666666666512       7.337341492390944E-12    7.338365943135462E-12    7.340074767103913E-12
0.07239999999999845       7.325459621191273E-12    7.326481048600247E-12    7.328184834555255E-12
0.0724333333333318        7.313594780771452E-12    7.314613174755721E-12    7.316311905885097E-12
0.07246666666666512       7.30174716147878E-12     7.302762511945563E-12    7.304456171431043E-12
0.07249999999999845       7.289916857143637E-12    7.290929153962321E-12    7.292617724922558E-12
0.07253333333333178       7.27810381105176E-12     7.279113044026837E-12    7.280796509472241E-12
0.07256666666666511       7.2663082193519415E-12   7.26731437828617E-12     7.268992721224222E-12
0.07259999999999844       7.254530176586016E-12    7.255533251244466E-12    7.2572064546197996E-12
0.07263333333333177       7.242769628920824E-12    7.243769609004176E-12    7.24543765565402E-12
0.0726666666666651        7.231026776759577E-12    7.232023651968549E-12    7.233686524730167E-12
0.07269999999999845       7.219301715325911E-12    7.220295475323718E-12    7.221953156971824E-12
0.07273333333333179       7.2075943916700595E-12   7.208585026056549E-12    7.210237499260145E-12
0.07276666666666512       7.195905014113495E-12    7.196892512490345E-12    7.198539759921465E-12
0.07279999999999845       7.184233678524031E-12    7.185218030455638E-12    7.186860034724126E-12
0.07283333333333178       7.172580336351644E-12    7.1735615313407155E-12   7.175198274953512E-12
0.07286666666666511       7.16094519966407E-12     7.1619232272166E-12      7.163554692686085E-12
0.07289999999999844       7.149328364930414E-12    7.150303214515369E-12    7.151929384292156E-12
0.07293333333333178       7.137729790386418E-12    7.138701451412971E-12    7.140322307847939E-12
0.07296666666666511       7.126149690873041E-12    7.127118152754796E-12    7.1287336782061534E-12
0.07299999999999844       7.11458816342809E-12     7.115553415541914E-12    7.117163592306604E-12
0.07303333333333177       7.103045168323492E-12    7.10400719998884E-12     7.105612010268013E-12
0.0730666666666651        7.091520932190462E-12    7.092479732733092E-12    7.094079158738372E-12
0.07309999999999843       7.080015552587945E-12    7.080971111297228E-12    7.08256513517954E-12
0.07313333333333177       7.06852899142303E-12     7.069481297532091E-12    7.071069901348521E-12
0.0731666666666651        7.057061482518506E-12    7.058010525268788E-12    7.059593691090241E-12
0.07319999999999843       7.045613123909075E-12    7.046558892506023E-12    7.048136602343345E-12
0.07323333333333176       7.03418388473331E-12     7.035126368327893E-12    7.036698604101029E-12
0.0732666666666651        7.0227740021312905E-12   7.023713189884888E-12    7.025279933531115E-12
0.07329999999999844       7.01138357456743E-12     7.012319455605857E-12    7.013880689003106E-12
0.07333333333333178       7.000012577711904E-12    7.00094514110804E-12     7.002500846045909E-12
0.0733666666666651        6.9886612531653384E-12   6.989590488004271E-12    6.99114064629267E-12
0.07339999999999842       6.977329699786517E-12    6.978255595118243E-12    6.979800188508528E-12
0.07343333333333177       6.966017898965747E-12    6.966940443790097E-12    6.9684794539499044E-12
0.0734666666666651        6.954726100600404E-12    6.955645283930914E-12    6.957178692550685E-12
0.07349999999999843       6.943454403899235E-12    6.944370214714881E-12    6.94589800342738E-12
0.07353333333333176       6.932202799387441E-12    6.9331152266208E-12      6.934637376981371E-12
0.07356666666666509       6.920971538341613E-12    6.9218805709388796E-12   6.923397064525504E-12
0.07359999999999842       6.909760720278066E-12    6.9106663471514416E-12   6.912177165485375E-12
0.07363333333333175       6.898570350070532E-12    6.899472560090636E-12    6.900977684623727E-12
0.07366666666666508       6.887400678260616E-12    6.888299460311205E-12    6.889798872517143E-12
0.07369999999999842       6.876251804636921E-12    6.877147147568381E-12    6.878640828865163E-12
0.07373333333333176       6.865123746112163E-12    6.866015638737684E-12    6.867503570481207E-12
0.07376666666666509       6.854016757946647E-12    6.854905189093221E-12    6.856387352662339E-12
0.07379999999999842       6.842930940159018E-12    6.843815898620946E-12    6.845292275339938E-12
0.07383333333333175       6.8318663208040354E-12   6.83274779534242E-12     6.834218366480135E-12
0.07386666666666508       6.820823159347001E-12    6.821701138737992E-12    6.823165885588308E-12
0.07389999999999841       6.809801555987604E-12    6.810676028975381E-12    6.81213493277881E-12
0.07393333333333175       6.798801554597066E-12    6.799672509898444E-12    6.801125551849762E-12
0.07396666666666508       6.787823416799252E-12    6.7886908431457E-12      6.790138004464077E-12
0.07399999999999841       6.7768672429477594E-12   6.777731129039561E-12    6.779172390892099E-12
0.07403333333333174       6.765933095709368E-12    6.766793430225625E-12    6.768228773744001E-12
0.07406666666666507       6.7550212385234235E-12   6.7558780101570894E-12   6.757307416496023E-12
0.0740999999999984        6.7441317718881325E-12   6.744984969301803E-12    6.746408419565328E-12
0.07413333333333175       6.733264776658961E-12    6.734114388498664E-12    6.735531863763087E-12
0.07416666666666508       6.722420519262863E-12    6.7232665341890605E-12   6.724678015554694E-12
0.0741999999999984        6.711599100339377E-12    6.7124415069830556E-12   6.7138469755009956E-12
0.07423333333333174       6.700800618636185E-12    6.701639405614883E-12    6.703038842313681E-12
0.07426666666666508       6.690025345536766E-12    6.690860501484031E-12    6.692253887418893E-12
0.07429999999999841       6.679273381842567E-12    6.6801048953634045E-12   6.681492211541864E-12
0.07433333333333175       6.66854484193965E-12     6.669372701628897E-12    6.6707539290414044E-12
0.07436666666666507       6.657840002211812E-12    6.658664196679307E-12    6.6600393163412846E-12
0.0743999999999984        6.647158963679671E-12    6.647979481507685E-12    6.649348474388505E-12
0.07443333333333174       6.636501859767073E-12    6.637318689534244E-12    6.6386815365971035E-12
0.07446666666666507       6.6258689630741265E-12   6.6266820933682545E-12   6.6280387755915725E-12
0.0744999999999984        6.615260374958787E-12    6.6160697943411055E-12   6.617420292658915E-12
0.07453333333333173       6.604676275674972E-12    6.605481972712418E-12    6.606826268068143E-12
0.07456666666666506       6.594116908898538E-12    6.594918872158071E-12    6.596256945495131E-12
0.07459999999999839       6.583582376563203E-12    6.584380594586225E-12    6.585712426805333E-12
0.07463333333333172       6.573072915475253E-12    6.5738673768182975E-12   6.575192948845273E-12
0.07466666666666505       6.56258872530532E-12     6.563379418508134E-12    6.564698711240762E-12
0.07469999999999839       6.5521299089236885E-12   6.552916822501463E-12    6.5542298167964726E-12
0.07473333333333174       6.541696752411254E-12    6.542479874899444E-12    6.543786551647271E-12
0.07476666666666507       6.5312893902604865E-12   6.532068710156102E-12    6.533369050183009E-12
0.0747999999999984        6.5209079268277625E-12   6.521683432604167E-12    6.522977416696887E-12
0.07483333333333173       6.510552757785222E-12    6.511324437941575E-12    6.512612046929762E-12
0.07486666666666505       6.500223836854014E-12    6.500991679804731E-12    6.502272894376691E-12
0.07489999999999838       6.489921270937289E-12    6.490685265073871E-12    6.491960065879593E-12
0.07493333333333226       6.4796453018703784E-12   6.480405435598046E-12    6.48167380331032E-12
0.07496666666666611       6.469395907131692E-12    6.470152168735867E-12    6.471414083827628E-12
0.07499999999999998       6.4591731970163325E-12   6.459925574760177E-12    6.461181017667141E-12
