% Model:              pcal_mirror_deformation_3d_2beams.mph
% Version:            COMSOL 5.6.0.401
% Date:               Nov 11 2025, 14:18
% Dimension:          3
% Nodes:              702
% Expressions:        3
% Description:        Displacement field, Z component, x-coordinate, y-coordinate
% Length unit:        m
% X                       Y                        Z                        w (m)                    x (m)                    y (m)
-0.065964797763572        -0.017705991897075994    0.08                     -5.725390867432945E-12   -0.065964797763572       -0.017705991897075998
-0.07335999609166174      -0.015593239986274841    0.07999999999999997      -3.0378792232436144E-12  -0.07335999609166174     -0.015593239986274841
-0.0713292096594843       -0.023176311611205702    0.07999999999999997      -3.103677506480667E-12   -0.0713292096594843      -0.023176311611205702
-0.06851583108803186      -0.030505261385574422    0.07999999999999999      -3.1979816891343096E-12  -0.06851583108803186     -0.030505261385574422
-0.06357013009495874      -0.023944242774278736    0.08                     -5.954820367228319E-12   -0.06357013009495872     -0.023944242774278732
-0.07458787050279471      -0.007839467289912918    0.07999999999999997      -2.996529759514387E-12   -0.07458787050279471     -0.007839467289912918
-0.06712703512501783      -0.010335793691860433    0.08                     -5.8111049017130185E-12  -0.06712703512501783     -0.010335793691860433
-0.06816838894481834      -0.003523175123788004    0.08000000000000002      -5.645849391505936E-12   -0.06816838894481834     -0.003523175123788004
-0.075                    0                        0.08                     -2.982003070162495E-12   -0.075                   0
-0.0025                   -0.01                    0.08                     -3.9655280535577914E-10  -0.0025                  -0.01
-0.0023083967918396927    -0.009040163924954756    0.07999999999999999      -3.9853620151551935E-10  -0.0023083967918396927   -0.009040163924954756
-0.0033024055639317568    -0.009340781163665927    0.08                     -3.0006561230839424E-10  -0.0033024055639317568   -0.009340781163665927
-0.06092850806776169      -0.03107054255163929     0.08                     -5.896181411636354E-12   -0.060928508067761684    -0.031070542551639293
-0.06495177554317576      -0.037499966716002406    0.08                     -3.3104808777400062E-12  -0.06495177554317576     -0.037499966716002406
-0.06067625057185087      -0.04408391809753979     0.07999999999999997      -3.438015320852821E-12   -0.060676250571850866    -0.04408391809753979
-0.05746283433149374      -0.036514951498567705    0.08                     -6.1412896052689456E-12  -0.05746283433149374     -0.036514951498567705
-0.002308395780799974     -0.010959838506696235    0.07999999999999999      -3.955130013603737E-10   -0.002308395780799974    -0.010959838506696235
-0.003316297171266157     -0.010663791480234767    0.07999999999999999      -2.9618615259856923E-10  -0.003316297171266157    -0.010663791480234767
-0.07458908596708065      0.007839626105999796     0.08                     -2.993780191434859E-12   -0.07458908596708065     0.007839626105999796
-0.0678125683390057       0.003806154186183734     0.08                     -5.779347681766151E-12   -0.06781256833900572     0.003806154186183734
-0.07336097335751122      0.015593346475658632     0.08000000000000002      -3.0348931588962293E-12  -0.07336097335751122     0.015593346475658632
-0.0673401522042109       0.010985150990402294     0.08                     -5.694537601196602E-12   -0.0673401522042109      0.010985150990402294
-0.0023083957806620484    0.009040161492972041     0.08                     -3.9957389318383023E-10  -0.0023083957806620484   0.009040161492972041
-0.0025                   0.01                     0.08                     -3.964305832493444E-10   -0.0025                  0.01
-0.003303188445072415     0.009340623075042152     0.08                     -3.0004654659837545E-10  -0.003303188445072415    0.009340623075042152
-0.001767768125393209     -0.008232234219461248    0.07999999999999999      -4.018416827233645E-10   -0.001767768125393209    -0.008232234219461248
-0.0028012225889558033    -0.008125541488792194    0.07999999999999999      -3.0371296129314963E-10  -0.0028012225889558033   -0.008125541488792194
-0.05322843564956724      -0.042830956909564066    0.08000000000000002      -6.2036510889356664E-12  -0.053228435649567245    -0.042830956909564066
-0.05573575828807775      -0.050184747272377414    0.08                     -3.5741763931940835E-12  -0.05573575828807775     -0.05018474727237741
-0.05018470437959347      -0.0557357969065981      0.08000000000000002      -3.715913414963663E-12   -0.05018470437959347     -0.0557357969065981
-0.04847464250035933      -0.04764191281508458     0.08                     -6.498317472028253E-12   -0.04847464250035933     -0.04764191281508457
-0.0017677657805639355    -0.011767768125368021    0.07999999999999999      -3.934227984914652E-10   -0.0017677657805639355   -0.011767768125368021
-0.0027973106427198087    -0.011871845639282404    0.08                     -2.9503751000953436E-10  -0.0027973106427198087   -0.011871845639282404
-0.07132922749615196      0.023176256720120806     0.08                     -3.106207923918633E-12   -0.07132922749615196     0.023176256720120806
-0.06506220434861794      0.018214701356897234     0.07999999999999999      -6.0202248805897065E-12  -0.06506220434861794     0.018214701356897234
-0.0685158545617348       0.030505208658311148     0.08                     -3.1988020775288128E-12  -0.0685158545617348      0.030505208658311148
-0.06351955039965061      0.024709004717220456     0.08000000000000002      -5.877649360155002E-12   -0.06351955039965061     0.024709004717220456
-0.0023081206767966837    0.010960499891122152     0.07999999999999999      -3.951009136921003E-10   -0.0023081206767966837   0.010960499891122152
-0.003324866109907912     0.010643728510198826     0.08                     -2.956276946553948E-10   -0.003324866109907912    0.010643728510198826
-0.0028051991386188573    0.008129969943522379     0.08                     -3.032752658352614E-10   -0.0028051991386188573   0.008129969943522379
-0.0017677657804735494    0.00823223187454159      0.08                     -4.01816717454763E-10    -0.0017677657804735494   0.00823223187454159
-0.0018779589887511876    0.0071963364327173665    0.08                     -3.058870460797993E-10   -0.0018779589887511876   0.0071963364327173665
-9.598360750814501E-4     0.007691603208175361     0.08000000000000003      -4.0343312043004537E-10  -9.598360750814501E-4    0.007691603208175361
-9.598385069172797E-4     -0.007691604219291932    0.07999999999999999      -4.040354378964198E-10   -9.598385069172797E-4    -0.007691604219291932
-0.0018731952523028846    -0.007200672465593819    0.08                     -3.0644929363776006E-10  -0.0018731952523028846   -0.007200672465593819
-0.04327888924759399      -0.05288969255875704     0.07999999999999999      -6.5129788010508264E-12  -0.04327888924759399     -0.052889692558757036
-0.04408387140455927      -0.06067628449743351     0.08000000000000002      -3.857038988960638E-12   -0.04408387140455927     -0.06067628449743351
-0.03749991673258768      -0.0649518044021882      0.07999999999999999      -3.9894959554879455E-12  -0.03749991673258768     -0.0649518044021882
-0.03770137657641565      -0.056861562033530176    0.08                     -6.7099438080416085E-12  -0.03770137657641565     -0.056861562033530176
-9.598360747790837E-4     -0.012308396791950357    0.08                     -3.9162986277736754E-10  -9.598360747790838E-4    -0.012308396791950357
-0.0018691199790210125    -0.012793765137494126    0.08                     -2.9430133360490366E-10  -0.0018691199790210125   -0.012793765137494126
-0.0649518044021882       0.03749991673258768      0.07999999999999999      -3.311694496229419E-12   -0.0649518044021882      0.03749991673258768
-0.06018832631631005      0.03145531218771909      0.08                     -6.099055266133749E-12   -0.06018832631631005     0.03145531218771908
-0.06067628449743351      0.04408387140455927      0.08000000000000002      -3.4358005322115398E-12  -0.06067628449743351     0.04408387140455927
-0.056981691823171476     0.03714076806521052      0.07999999999999999      -6.1837440328538775E-12  -0.056981691823171476    0.03714076806521052
-0.0017667510915978363    0.011768782229581566     0.08                     -3.9344614388295794E-10  -0.0017667510915978363   0.011768782229581566
-0.002939711066106139     0.011972025095689093     0.08                     -2.812871413260124E-10   -0.002939711066106139    0.011972025095689093
0                         -0.0125                  0.08                     -3.9256626483022664E-10  0                        -0.012500000000000002
-6.589785030587606E-4     -0.013304362697988438    0.08                     -2.929960187375923E-10   -6.589785030587606E-4    -0.013304362697988436
0                         0.0075                   0.08                     -4.036147812286982E-10   0                        0.0075
-6.595376397998814E-4     0.006692750935185114     0.08                     -3.0809549031591084E-10  -6.595376397998814E-4    0.006692750935185114
0                         -0.0075                  0.08                     -4.0493400243630907E-10  0                        -0.0075
-6.633779129531607E-4     -0.006693911311873746    0.07999999999999999      -3.084764733192363E-10   -6.633779129531607E-4    -0.006693911311873746
-0.030505208658311148     -0.0685158545617348      0.08                     -4.110101772985254E-12   -0.030505208658311148    -0.0685158545617348
-0.03133158571052025      -0.06064954362675455     0.08                     -6.847160786226828E-12   -0.03133158571052025     -0.06064954362675456
-0.023176256720120806     -0.07132922749615196     0.08                     -4.204510691205331E-12   -0.023176256720120806    -0.07132922749615196
-0.02509405413336499      -0.06320248738151461     0.08000000000000002      -7.074159485487435E-12   -0.02509405413336499     -0.06320248738151461
-0.0557357969065981       0.05018470437959347      0.08000000000000002      -3.5760685963958296E-12  -0.0557357969065981      0.05018470437959347
-0.05259089370220374      0.04311457942861809      0.08                     -6.347638423649574E-12   -0.05259089370220373     0.04311457942861809
-0.050184747272377414     0.05573575828807775      0.08                     -3.720800529324999E-12   -0.05018474727237741     0.05573575828807775
-0.047787201310174054     0.04850733650233909      0.07999999999999999      -6.472682215502504E-12   -0.047787201310174054    0.04850733650233909
-9.578465730807424E-4     0.0123092229879281       0.07999999999999999      -3.920962406619494E-10   -9.578465730807424E-4    0.0123092229879281
-0.0020900118138855624    0.012783961063464681     0.08                     -2.848597760716419E-10   -0.0020900118138855624   0.012783961063464683
6.578701410998762E-4      -0.01329564023405131     0.08000000000000002      -2.9269591036978986E-10  6.578701410998762E-4     -0.013295640234051309
9.598385069036474E-4      -0.012308395780713735    0.08                     -3.917644900478441E-10   9.598385069036474E-4     -0.012308395780713735
0.0018631248311779883     -0.012784278070829817    0.07999999999999999      -2.9544065860501207E-10  0.0018631248311779883    -0.012784278070829819
0.0017677681254020295     -0.011767765780529928    0.08000000000000002      -3.9373243988108866E-10  0.0017677681254020295    -0.011767765780529927
0.0027918802586155457     -0.011868207061691116    0.07999999999999999      -2.960962815387356E-10   0.0027918802586155457    -0.011868207061691116
0.0023083967919369282     -0.01095983607481138     0.07999999999999999      -3.952939867069237E-10   0.0023083967919369282    -0.01095983607481138
0.0025                    -0.01                    0.08                     -3.9703611705425473E-10  0.0025                   -0.01
0.003297793711620898      -0.010656801453367885    0.08                     -2.9832167346439847E-10  0.003297793711620898     -0.010656801453367885
0.0023083957806620484     -0.009040161492972041    0.08                     -3.991740897076359E-10   0.0023083957806620484    -0.009040161492972041
0.0032929294009766824     -0.00934263609399006     0.07999999999999999      -3.006902958877164E-10   0.0032929294009766824    -0.00934263609399006
0.0017677657804735494     -0.00823223187454159     0.08                     -4.0108407647386455E-10  0.0017677657804735494    -0.00823223187454159
0.002797895318614081      -0.008127341742589354    0.08                     -3.0365924588059607E-10  0.002797895318614081     -0.008127341742589354
9.598360750814501E-4      -0.007691603208175361    0.08000000000000003      -4.0348917647691875E-10  9.598360750814501E-4     -0.007691603208175361
6.600593429833164E-4      -0.006693383919004869    0.08                     -3.0833495284578217E-10  6.600593429833164E-4     -0.006693383919004869
0.0018644082460517741     -0.007211393077179384    0.08                     -3.076551453950325E-10   0.0018644082460517741    -0.007211393077179384
6.586191102345568E-4      0.006700607816180079     0.08                     -3.0896455424413917E-10  6.586191102345568E-4     0.006700607816180079
9.598385069172797E-4      0.007691604219291932     0.07999999999999999      -4.0358766362111834E-10  9.598385069172797E-4     0.007691604219291932
-0.015593346475658632     -0.07336097335751122     0.08000000000000002      -4.2831289751175085E-12  -0.015593346475658632    -0.07336097335751122
-0.018226390954903467     -0.06589001350706375     0.08000000000000002      -7.026782702173618E-12   -0.018226390954903467    -0.06589001350706375
-0.007839626105999796     -0.07458908596708065     0.08                     -4.328475328513654E-12   -0.007839626105999796    -0.07458908596708065
-0.011661876585166632     -0.06766286233497247     0.08000000000000002      -6.972461761096342E-12   -0.011661876585166632    -0.06766286233497247
-0.04408391809753979      0.06067625057185087      0.07999999999999997      -3.861624949575216E-12   -0.04408391809753979     0.060676250571850866
-0.042085524644718014     0.053002845373224375     0.08                     -6.807035475851894E-12   -0.042085524644718014    0.05300284537322437
-0.037499966716002406     0.06495177554317576      0.08                     -3.995166949626143E-12   -0.037499966716002406    0.06495177554317576
-0.03660901342815703      0.057292335061078115     0.08000000000000002      -6.83178627714884E-12    -0.03660901342815703     0.057292335061078115
0                         0.0125                   0.08                     -3.92269518331686E-10    0                        0.012500000000000002
-4.45137185450719E-4      0.013448536716003906     0.08                     -2.839951574684664E-10   -4.45137185450719E-4     0.013448536716003906
0.0018747390308633573     0.007198365408229268     0.08000000000000002      -3.0642574739496473E-10  0.0018747390308633573    0.007198365408229268
0.001767768125393209      0.008232234219461248     0.07999999999999999      -4.0223711843487196E-10  0.001767768125393209     0.008232234219461248
9.578441494946465E-4      0.012309223993165301     0.08000000000000002      -3.92064892913769E-10    9.578441494946465E-4     0.012309223993165301
8.356821493947647E-4      0.013357877595620113     0.08                     -2.850897305531714E-10   8.356821493947647E-4     0.013357877595620113
0.0017667487487492875     0.011768784569730609     0.07999999999999999      -3.941211174672984E-10   0.0017667487487492875    0.011768784569730609
0.0019709907247684594     0.012760940068948609     0.08                     -2.916349721268188E-10   0.0019709907247684594    0.012760940068948609
0.0023081196654985247     0.010960502321424747     0.07999999999999999      -3.951961469265937E-10   0.0023081196654985247    0.010960502321424747
0.0028314758942854824     0.01182240725704236      0.08                     -2.9504687167351386E-10  0.0028314758942854824    0.01182240725704236
0.0023083967918396927     0.009040163924954756     0.07999999999999999      -3.9946979770076107E-10  0.0023083967918396927    0.009040163924954756
0.0027959559940058144     0.008134866460332874     0.08                     -3.0423560655725114E-10  0.0027959559940058144    0.008134866460332874
0.0033024055639317637     0.009340781163665907     0.08                     -2.999792034564954E-10   0.0033024055639317637    0.009340781163665907
0.0025                    0.01                     0.08                     -3.966675099153259E-10   0.0025                   0.01
0.003299371801895351      0.010644000258130906     0.08                     -2.981004687588236E-10   0.003299371801895351     0.010644000258130906
-0.0039797990171737355    -0.06823604980633556     0.08                     -7.143583946274582E-12   -0.003979799017173735    -0.06823604980633556
0                         -0.075                   0.08                     -4.3447903420625355E-12  0                        -0.075
0.007839467289912918      -0.07458787050279471     0.07999999999999997      -4.325596413926084E-12   0.007839467289912918     -0.07458787050279471
0.0026018540097412293     -0.06849921349605366     0.08000000000000002      -7.063377952286641E-12   0.0026018540097412293    -0.06849921349605366
-0.030505261385574422     0.06851583108803186      0.07999999999999999      -4.111630515554778E-12   -0.030505261385574422    0.06851583108803186
-0.03013773246293866      0.06046765256474325      0.08                     -7.154789091238282E-12   -0.03013773246293866     0.06046765256474324
-0.023176311611205702     0.0713292096594843       0.07999999999999997      -4.207477761024258E-12   -0.023176311611205702    0.0713292096594843
-0.024003974480411378     0.06359063770804364      0.08                     -7.1058477125076106E-12  -0.024003974480411378    0.06359063770804364
0.015593239986274841      -0.07335999609166174     0.07999999999999997      -4.28319172385013E-12    0.015593239986274841     -0.07335999609166174
0.010172638716223734      -0.06756125190799411     0.08000000000000002      -7.123696185263919E-12   0.010172638716223733     -0.06756125190799411
0.023176311611205702      -0.0713292096594843      0.07999999999999997      -4.211277426186279E-12   0.023176311611205702     -0.0713292096594843
0.01705973168289026       -0.06603555476861499     0.08                     -7.107964954855221E-12   0.017059731682890263     -0.06603555476861499
-0.015593239986274841     0.07335999609166174      0.07999999999999997      -4.2812387911307996E-12  -0.015593239986274841    0.07335999609166174
-0.017107623535030574     0.06534799686525056      0.08                     -7.378918009679215E-12   -0.017107623535030574    0.06534799686525056
-0.007839467289912918     0.07458787050279471      0.07999999999999997      -4.32659144550683E-12    -0.007839467289912918    0.07458787050279471
-0.010390978653994503     0.06714200685060683      0.08000000000000002      -7.28294258538833E-12    -0.010390978653994505    0.06714200685060683
0.030505261385574422      -0.06851583108803186     0.07999999999999999      -4.1092979178986E-12     0.030505261385574422     -0.06851583108803186
0.02413375512031174       -0.06387457019921639     0.08                     -6.973907118255899E-12   0.02413375512031174      -0.06387457019921639
0.037499966716002406      -0.06495177554317576     0.08                     -3.988614169157821E-12   0.037499966716002406     -0.06495177554317576
0.03026978682635173       -0.06103772218711563     0.08                     -6.920912785480186E-12   0.03026978682635173      -0.061037722187115624
0                         0.075                    0.08                     -4.343991141022412E-12   0                        0.075
-0.0031370100136830226    0.06761596576622847      0.08                     -7.422532989138355E-12   -0.0031370100136830226   0.06761596576622847
0.007839626105999796      0.07458908596708065      0.08                     -4.331832339794993E-12   0.007839626105999796     0.07458908596708065
0.003987402769783467      0.06796679385878687      0.08                     -7.257828754120694E-12   0.003987402769783467     0.06796679385878689
0.04408391809753979       -0.06067625057185087     0.07999999999999997      -3.859340761515817E-12   0.04408391809753979      -0.060676250571850866
0.036852346807437195      -0.05746928304359162     0.08                     -6.7132097629559515E-12  0.0368523468074372       -0.05746928304359162
0.023176256720120806      0.07132922749615196      0.08                     -4.205157213919895E-12   0.023176256720120806     0.07132922749615196
0.015593346475658632      0.07336097335751122      0.08000000000000002      -4.282800270646086E-12   0.015593346475658632     0.07336097335751122
0.01771396387766031       0.06556849493793643      0.08000000000000002      -7.22133463002956E-12    0.017713963877660308     0.06556849493793643
0.011026944999171881      0.06652573055441535      0.08                     -7.491228169002584E-12   0.011026944999171881     0.06652573055441535
0.050184747272377414      -0.05573575828807775     0.08                     -3.7142925544376024E-12  0.05018474727237741      -0.05573575828807775
0.042180337614050684      -0.05322761909688322     0.08                     -6.71009243964554E-12    0.042180337614050684     -0.05322761909688322
0.030505208658311148      0.0685158545617348       0.08                     -4.110657938020275E-12   0.030505208658311148     0.0685158545617348
0.024472983195710986      0.06313391755435445      0.08                     -7.199152199021105E-12   0.024472983195710982     0.06313391755435445
0.03749991673258768       0.0649518044021882       0.07999999999999999      -3.987927093258309E-12   0.03749991673258768      0.0649518044021882
0.03119308962379616       0.06042958849923136      0.08                     -6.952194854504065E-12   0.03119308962379616      0.06042958849923136
0.0557357969065981        -0.05018470437959347     0.08000000000000002      -3.5720652367406105E-12  0.0557357969065981       -0.05018470437959347
0.04793826685244571       -0.048001008275685535    0.07999999999999999      -6.561486853167337E-12   0.04793826685244571      -0.048001008275685535
0.04408387140455927       0.06067628449743351      0.08000000000000002      -3.8570145044534206E-12  0.04408387140455927      0.06067628449743351
0.037236503991883545      0.056450861151453015     0.08                     -6.958149033396614E-12   0.037236503991883545     0.056450861151453015
0.06067628449743351       -0.04408387140455927     0.08000000000000002      -3.434210407782591E-12   0.06067628449743351      -0.04408387140455927
0.05185607837099877       -0.04291489712840025     0.08                     -6.627834299937581E-12   0.051856078370998766     -0.04291489712840025
0.05018470437959347       0.0557357969065981       0.08000000000000002      -3.7155272331796054E-12  0.05018470437959347      0.0557357969065981
0.04306865340339204       0.05250236718667946      0.08                     -6.688304609225776E-12   0.04306865340339205      0.05250236718667945
0.0649518044021882        -0.03749991673258768     0.07999999999999999      -3.3075215850493503E-12  0.0649518044021882       -0.03749991673258768
0.05641074541649105       -0.03715657447389735     0.08000000000000002      -6.3739771977828674E-12  0.05641074541649105      -0.03715657447389736
0.05573575828807775       0.050184747272377414     0.08                     -3.5714252800460925E-12  0.05573575828807775      0.05018474727237741
0.04806094247275119       0.04707499031073785      0.07999999999999999      -6.774405336690962E-12   0.04806094247275119      0.047074990310737856
0.0685158545617348        -0.030505208658311148    0.08                     -3.1948133091227497E-12  0.0685158545617348       -0.030505208658311148
0.059839288495854626      -0.031195519097084665    0.08000000000000002      -6.26412085006883E-12    0.059839288495854626     -0.031195519097084668
0.06067625057185087       0.04408391809753979      0.07999999999999997      -3.4342544633717013E-12  0.060676250571850866     0.04408391809753979
0.05296799829620317       0.042268939700792464     0.08                     -6.4206607689362256E-12  0.05296799829620317      0.042268939700792464
0.07132922749615196       -0.023176256720120806    0.08                     -3.103527506815813E-12   0.07132922749615196      -0.023176256720120806
0.06329394580375483       -0.024239210440739692    0.08000000000000002      -6.0182751895205725E-12  0.06329394580375482      -0.024239210440739692
0.06495177554317576       0.037499966716002406     0.08                     -3.3073953720446755E-12  0.06495177554317576      0.037499966716002406
0.0570019467487701        0.03606305208642738      0.08                     -6.389599511826577E-12   0.057001946748770106     0.03606305208642738
0.07336097335751122       -0.015593346475658632    0.08000000000000002      -3.0385370025401844E-12  0.07336097335751122      -0.015593346475658632
0.06502530788395329       -0.01832578138092844     0.08                     -6.023834550371023E-12   0.06502530788395329      -0.01832578138092844
0.06851583108803186       0.030505261385574422     0.07999999999999999      -3.196179839377999E-12   0.06851583108803186      0.030505261385574422
0.06049880350854814       0.030084186787753167     0.08                     -6.2062620304322334E-12  0.06049880350854814      0.030084186787753164
0.07458908596708065       -0.007839626105999796    0.08                     -2.995646541037143E-12   0.07458908596708065      -0.007839626105999796
0.0668167653580202        -0.011338053870411459    0.08                     -5.8734301093456126E-12  0.06681676535802018      -0.011338053870411459
0.0713292096594843        0.023176311611205702     0.07999999999999997      -3.104575887030403E-12   0.0713292096594843       0.023176311611205702
0.06329417040219383       0.02356198407989457      0.08                     -6.103887438513768E-12   0.06329417040219383      0.02356198407989457
0.075                     0                        0.08                     -2.981359934978679E-12   0.075                    0
0.06763408366551761       -0.004008038904375698    0.07999999999999999      -5.843178319401369E-12   0.06763408366551761      -0.004008038904375698
0.07335999609166174       0.015593239986274841     0.07999999999999997      -3.0392241600907044E-12  0.07335999609166174      0.015593239986274841
0.06563425580734422       0.016999384206841252     0.08                     -5.91472520157566E-12    0.06563425580734422      0.01699938420684125
0.07458787050279471       0.007839467289912918     0.07999999999999997      -2.995354326816956E-12   0.07458787050279471      0.007839467289912918
0.06753309926181508       0.0028248137812790647    0.08000000000000002      -5.90230940879354E-12    0.06753309926181507      0.0028248137812790647
0.06692653694431913       0.010051603509023982     0.08                     -5.8998921552906975E-12  0.06692653694431915      0.010051603509023982
-0.0018709082907068923    -0.009609271906223247    0.08                     -5.163033284828715E-10   -0.001870908290706892    -0.009609271906223247
-0.0019307406519199777    -0.010440172833093066    0.08000000000000002      -4.980892855644438E-10   -0.0019307406519199777   -0.010440172833093066
-0.0016550655268027983    -0.009030754209770876    0.08                     -5.165073027783849E-10   -0.0016550655268027983   -0.009030754209770876
-0.0015490951255784091    -0.01120957791177214     0.07999999999999999      -5.000136196645844E-10   -0.0015490951255784091   -0.01120957791177214
-0.0010160193848919663    -0.011567805997929795    0.08                     -5.238383398454234E-10   -0.0010160193848919663   -0.011567805997929795
-0.0012798276804765153    -0.008509643966440016    0.08000000000000002      -5.074948619313283E-10   -0.0012798276804765153   -0.008509643966440016
-4.3936801590813796E-4    -0.011866474359984055    0.08                     -5.104467508900791E-10   -4.3936801590813796E-4   -0.011866474359984057
4.107619232839089E-4      -0.011963809508961644    0.08                     -4.880121855169129E-10   4.107619232839089E-4     -0.011963809508961644
0.0010998530344824902     -0.011668801862767891    0.08000000000000002      -4.90055727640392E-10    0.0010998530344824902    -0.011668801862767891
0.0015612702941143707     -0.011254639968396398    0.07999999999999999      -4.901996556857798E-10   0.0015612702941143707    -0.0112546399683964
0.0018355478704689667     -0.010357496512821255    0.07999999999999999      -5.271176438670521E-10   0.0018355478704689672    -0.010357496512821253
0.001911665999667066      -0.009531449110219598    0.08                     -5.026363392903699E-10   0.001911665999667066     -0.009531449110219598
-4.6215768897205013E-4    -0.008091074296956628    0.08                     -5.080225070242074E-10   -4.621576889720501E-4    -0.008091074296956628
4.854937094463049E-4      -0.008181777797208767    0.08                     -5.287191990536293E-10   4.8549370944630485E-4    -0.008181777797208767
0.0015355861235835894     -0.008758642777630998    0.08                     -5.034967992190592E-10   0.0015355861235835896    -0.008758642777630998
0.0010249455279533381     -0.008424723330351852    0.08000000000000002      -5.286153971649006E-10   0.0010249455279533381    -0.008424723330351852
-0.0019318393356943782    0.009564678845819642     0.08                     -4.99589526422851E-10    -0.0019318393356943784   0.009564678845819642
-0.0015465186690551617    0.008791982597429623     0.08                     -5.065676169324744E-10   -0.001546518669055162    0.008791982597429623
-0.001874762931578641     0.010383796740254653     0.07999999999999999      -5.146187236874725E-10   -0.001874762931578641    0.010383796740254652
-0.001027942355906419     0.008428568976793786     0.08                     -5.290085896096908E-10   -0.0010279423559064191   0.008428568976793784
-0.001658675950068294     0.010963632484300692     0.08                     -5.12182163284466E-10    -0.0016586759500682939   0.010963632484300692
-4.3993558204420387E-4    0.008139737685779866     0.08                     -5.208219281107665E-10   -4.3993558204420387E-4   0.008139737685779866
-0.0012756867514063025    0.011471911917781684     0.07999999999999999      -5.034756578118116E-10   -0.0012756867514063025   0.011471911917781684
4.200225393618754E-4      0.008041242198422666     0.08                     -4.981433882871631E-10   4.200225393618754E-4     0.008041242198422666
-2.5038953084878155E-4    0.011835420038093129     0.07999999999999999      -5.294420992956232E-10   -2.5038953084878155E-4   0.011835420038093127
3.732148265650746E-4      0.01177866198256193      0.08                     -5.387417341926829E-10   3.732148265650746E-4     0.01177866198256193
0.0010418041970996447     0.011562319126592314     0.08                     -5.217697265368278E-10   0.0010418041970996445    0.011562319126592314
0.0011043474700416112     0.008338597702622935     0.08                     -4.984496668857101E-10   0.0011043474700416112    0.008338597702622935
0.0015761127928946247     0.0087595290742349       0.08                     -4.954980677726501E-10   0.0015761127928946245    0.0087595290742349
0.0018401284100055537     0.009642791214538727     0.08                     -5.273255541261861E-10   0.0018401284100055537    0.009642791214538727
0.0018707198014136614     0.010237145549518479     0.08                     -5.23752559174821E-10    0.0018707198014136612    0.010237145549518477
0.0014939354858914794     0.01122929414114004      0.08                     -5.076062107415144E-10   0.0014939354858914797    0.01122929414114004
-0.06163130930513111      -0.012819703498300652    0.08                     -7.805166065010893E-12   -0.06163130930513111     -0.012819703498300652
-0.057990076005969386     -0.018842241720245977    0.08                     -8.702992609195932E-12   -0.057990076005969386    -0.01884224172024598
-0.05763164970693623      -0.025332410297436388    0.08                     -7.999153428571614E-12   -0.057631649706936225    -0.025332410297436388
-0.004569166986829257     -0.009997551430060855    0.07999999999999999      -2.2441137801423902E-10  -0.004569166986829257    -0.009997551430060855
-0.05269450036782748      -0.010732217372111982    0.08                     -1.187181469100561E-11   -0.052694500367827475    -0.010732217372111982
-0.06078099312086852      -0.006337239060852991    0.08                     -8.503607783037921E-12   -0.06078099312086852     -0.006337239060852991
-0.0630636609443239       2.2174774238147704E-4    0.07999999999999999      -7.693369574502293E-12   -0.0630636609443239      2.2174774238147704E-4
-0.0041972206715811915    -0.00826564535517163     0.08                     -2.300558327218165E-10   -0.0041972206715811915   -0.00826564535517163
-0.006054419203344378     -0.008807381472376696    0.08                     -1.7270829218982313E-10  -0.006054419203344378    -0.008807381472376696
-0.04403452078913915      -0.01229213149018487     0.08000000000000002      -1.6763099607419634E-11  -0.04403452078913916     -0.01229213149018487
-0.04560561463136748      -0.0030783720000438497   0.08                     -1.6566732796224284E-11  -0.04560561463136748     -0.0030783720000438497
-0.03775810075230656      -0.005784902628065754    0.08                     -2.302693514326508E-11   -0.03775810075230656     -0.005784902628065754
-0.03511345253885208      -0.013761837624494691    0.08                     -2.406976108152691E-11   -0.03511345253885207     -0.013761837624494691
-0.04947021006495864      -0.021804784752655085    0.08                     -1.1986009909347741E-11  -0.04947021006495865     -0.021804784752655088
-0.052774755247628        -0.03044987105073927     0.08000000000000002      -8.989753555436549E-12   -0.052774755247628       -0.030449871050739267
-0.05114467988869677      -0.036666813618862315    0.08                     -8.305962292835463E-12   -0.05114467988869677     -0.036666813618862315
-0.0042312882310474795    -0.011753365209004094    0.08000000000000002      -2.2082683339056362E-10  -0.0042312882310474795   -0.011753365209004094
-0.006071078045017164     -0.01121989039306237     0.08                     -1.6720922630005728E-10  -0.006071078045017164    -0.01121989039306237
-0.008360914947385212     -0.010033604247045504    0.08                     -1.2854821381278421E-10  -0.00836091494738521     -0.010033604247045504
-0.060735104151659905     0.0063720145235378126    0.07999999999999999      -8.519731292006054E-12   -0.0607351041516599      0.0063720145235378126
-0.05382219758989765      2.9054885980406286E-4    0.08000000000000002      -1.1765623388323248E-11  -0.05382219758989765     2.9054885980406286E-4
-0.06084957820237559      0.013595371218145219     0.08000000000000002      -8.05794338800102E-12    -0.06084957820237559     0.013595371218145219
-0.04507563456141864      0.006165311081968973     0.08                     -1.675096848475141E-11   -0.04507563456141864     0.006165311081968973
-0.004724067579771195     0.010062218733778584     0.08                     -2.1755903113648357E-10  -0.004724067579771195    0.010062218733778584
-0.004299955355680025     0.00823164062320262      0.08                     -2.253348351131054E-10   -0.004299955355680025    0.00823164062320262
-0.03847008329478945      0.002217786464244857     0.08000000000000002      -2.261166917517667E-11   -0.03847008329478945     0.002217786464244857
-0.036831212336449176     0.009860765786432316     0.07999999999999999      -2.3309075295280816E-11  -0.036831212336449176    0.009860765786432316
-0.03236911427327717      0.005119773645971201     0.07999999999999999      -2.959771357478289E-11   -0.03236911427327717     0.005119773645971201
-0.03161942337604999      -9.666876581265957E-4    0.07999999999999999      -3.1084053720356063E-11  -0.03161942337605        -9.666876581265957E-4
-0.03134294299068836      -0.007327605065566747    0.08000000000000002      -3.0629088385478475E-11  -0.03134294299068836     -0.007327605065566747
-0.02658292644995424      -0.01219852779859048     0.08000000000000002      -3.653160809621736E-11   -0.026582926449954244    -0.012198527798590477
-0.029238852033975814     0.010519112749211669     0.08                     -3.278966609694598E-11   -0.029238852033975814    0.010519112749211669
-0.006439645435006209     0.008682552192353143     0.07999999999999999      -1.635985153521261E-10   -0.006439645435006208    0.008682552192353143
-0.0032587354655808053    0.006720753234584639     0.08000000000000002      -2.310070401612228E-10   -0.0032587354655808053   0.006720753234584639
-0.00529997934491197      0.0064011051891249005    0.08                     -1.7393925252259043E-10  -0.00529997934491197     0.0064011051891249005
-0.007633628842130372     -0.006954769991215193    0.08                     -1.3737733087737333E-10  -0.0076336288421303715   -0.006954769991215193
-0.010908536130010305     -0.008023044140081155    0.08                     -1.0212430475589716E-10  -0.010908536130010305    -0.008023044140081155
-0.009297042464416618     -0.00476062080564333     0.08                     -1.1462344789991838E-10  -0.00929704246441662     -0.00476062080564333
-0.005094643061326315     -0.006604112138333583    0.08                     -1.8025506732504588E-10  -0.005094643061326315    -0.006604112138333583
-0.003222521144455915     -0.006791213159169203    0.08                     -2.3460396736008425E-10  -0.003222521144455915    -0.006791213159169203
-0.04041116624340843      -0.021348603693289663    0.08                     -1.7212081326695888E-11  -0.04041116624340843     -0.021348603693289666
-0.03154772807139125      -0.02004777712897384     0.08                     -2.5224955177712774E-11  -0.03154772807139125     -0.020047777128973845
-0.04391608520291465      -0.03146731399645926     0.08                     -1.2386287865427458E-11  -0.043916085202914644    -0.03146731399645925
-0.04543859719396271      -0.04084183755839814     0.08                     -9.267094066072617E-12   -0.04543859719396271     -0.040841837558398146
-0.042469163535874904     -0.046433812410480495    0.07999999999999999      -8.6579593144301E-12     -0.042469163535874904    -0.046433812410480495
-0.00321621181038707      -0.013221651604771657    0.08                     -2.19563488626107E-10    -0.00321621181038707     -0.013221651604771656
-0.02376708165476632      -0.019572827289794884    0.07999999999999999      -3.5816760240849904E-11  -0.02376708165476632     -0.019572827289794884
-0.005155695832683648     -0.013450524443085574    0.08                     -1.63147124161523E-10    -0.005155695832683647    -0.013450524443085574
-0.011237245621613979     -0.012260677177578873    0.08000000000000002      -9.255030864010086E-11   -0.011237245621613977    -0.012260677177578873
-0.015488945441828467     -0.01000329757089092     0.08000000000000002      -7.088267035828703E-11   -0.015488945441828467    -0.01000329757089092
-0.007783671709856535     -0.013265802905079255    0.08                     -1.225568225736568E-10   -0.0077836717098565345   -0.013265802905079255
-0.019898761595208106     -0.014049227837607703    0.07999999999999999      -5.00421427198766E-11    -0.019898761595208106    -0.014049227837607703
-0.01977803822316549      -0.00735313460797761     0.08                     -5.601790595072433E-11   -0.019778038223165487    -0.00735313460797761
-0.05276420442170011      0.011932216761097292     0.07999999999999999      -1.173426639389439E-11   -0.05276420442170011     0.011932216761097292
-0.057922725247620196     0.018868754275612742     0.08                     -8.731769971728898E-12   -0.0579227252476202      0.018868754275612742
-0.05710733393909072      0.026063145978609363     0.08                     -8.091836485058979E-12   -0.05710733393909072     0.026063145978609363
-0.04274225689606549      0.015262467865440124     0.08                     -1.7117584485128258E-11  -0.042742256896065485    0.015262467865440124
-0.03432777782014752      0.01667095244528003      0.07999999999999999      -2.385355160126964E-11   -0.034327777820147516    0.016670952445280027
-0.026349075176296092     0.01640992830736889      0.08                     -3.426019411456565E-11   -0.026349075176296092    0.016409928307368895
-0.02237615821250003      0.010530139712173675     0.08                     -4.656036318150393E-11   -0.022376158212500028    0.010530139712173675
-0.00445608585557504      0.012004002892683677     0.08                     -2.074374425839007E-10   -0.00445608585557504     0.012004002892683677
-0.006926835248370695     0.011585516312738652     0.08                     -1.4677300595169127E-10  -0.006926835248370693    0.01158551631273865
-0.009043837559594613     0.009745994724075016     0.08                     -1.199957046537397E-10   -0.009043837559594613    0.009745994724075016
-0.009983071379959331     0.013130222593981014     0.08                     -1.0003108041884556E-10  -0.009983071379959331    0.013130222593981014
-0.011910830525072982     0.011279927795527958     0.08                     -9.000614577101335E-11   -0.011910830525072982    0.011279927795527958
-0.013408146810820757     0.014636605403521984     0.08                     -7.312091129556368E-11   -0.013408146810820755    0.014636605403521987
-0.025054226673030085     -0.004058351291858067    0.08                     -4.2912185287437506E-11  -0.025054226673030085    -0.004058351291858067
-0.025293409663903994     0.0035426037749430803    0.08                     -4.246587329989168E-11   -0.025293409663903997    0.0035426037749430803
-0.013806327188951185     -0.004212259090049693    0.08                     -8.297402450239456E-11   -0.013806327188951183    -0.004212259090049693
-0.00830383309221195      0.006484573758072994     0.08                     -1.2756542032852517E-10  -0.00830383309221195     0.006484573758072994
-0.018063958820693674     1.5820869353325162E-4    0.08                     -6.401081181164191E-11   -0.018063958820693674    1.5820869353325162E-4
-0.013027769214036054     3.9434807975777253E-4    0.08                     -8.722313574135298E-11   -0.013027769214036056    3.9434807975777253E-4
-0.017944051687646626     0.006046247078198674     0.08                     -6.324624525850089E-11   -0.017944051687646626    0.006046247078198674
-0.01028562700048433      0.003099961828438774     0.07999999999999999      -1.0482368210070389E-10  -0.010285627000484328    0.003099961828438774
-0.014323839931330302     0.003510506158877054     0.08000000000000002      -8.028692867843001E-11   -0.0143238399313303      0.003510506158877054
-0.012707155928842986     0.007394306271624004     0.08                     -8.885286070960575E-11   -0.012707155928842986    0.007394306271624004
-0.016186536540756035     0.010843429135720395     0.08                     -6.673322752566287E-11   -0.016186536540756035    0.010843429135720395
-0.019482946179417166     0.015739472216589223     0.08                     -4.913463325144346E-11   -0.019482946179417166    0.015739472216589223
-0.010049577303874697     -0.0011681041274615792   0.08                     -1.0536475559442766E-10  -0.010049577303874695    -0.0011681041274615792
-0.0017480145966260914    0.005792853434740494     0.08                     -2.3810486478309804E-10  -0.0017480145966260914   0.005792853434740494
-0.0035250532067417663    0.004736053397411871     0.07999999999999999      -1.8293469930530387E-10  -0.0035250532067417663   0.004736053397411871
-0.006220163268810672     0.003823826109666764     0.08                     -1.4180504375146744E-10  -0.006220163268810672    0.003823826109666764
-0.007051655270397767     7.757226871691267E-4     0.08000000000000002      -1.263616901555931E-10   -0.007051655270397766    7.757226871691267E-4
-0.005958828909118381     -0.00425662023574367     0.08                     -1.4681631303276263E-10  -0.005958828909118381    -0.00425662023574367
-0.0073440775568651626    -0.002064307674964419    0.08                     -1.2587173281857126E-10  -0.0073440775568651626   -0.002064307674964419
-0.003441809331907089     -0.004856755072906414    0.08                     -1.864033994998003E-10   -0.003441809331907089    -0.004856755072906414
-0.001752001669731381     -0.005767265375087691    0.08                     -2.3704652926880307E-10  -0.001752001669731381    -0.005767265375087691
-0.035233757662507706     -0.029683602239118305    0.08                     -1.7548967933192508E-11  -0.0352337576625077      -0.02968360223911831
-0.02662703936710413      -0.027497814388576396    0.07999999999999999      -2.5363728589758412E-11  -0.026627039367104133    -0.0274978143885764
-0.036777299282356395     -0.04011114528093006     0.08                     -1.262329855114445E-11   -0.036777299282356395    -0.040111145280930065
-0.03603975217627594      -0.04954268429551165     0.07999999999999999      -9.567104526963159E-12   -0.03603975217627594     -0.04954268429551165
-0.0320412139824264       -0.054385068898677516    0.07999999999999999      -8.919518961581823E-12   -0.0320412139824264      -0.054385068898677516
-0.0017319075901130535    -0.014222620361398035    0.08                     -2.176461125679425E-10   -0.0017319075901130535   -0.014222620361398037
-0.003428601757233257     -0.015130746031573258    0.07999999999999999      -1.6234475990747562E-10  -0.0034286017572332573   -0.015130746031573258
-0.018162717678926903     -0.019298879157849565    0.08                     -4.723447319026732E-11   -0.018162717678926903    -0.019298879157849565
-0.019452695783330896     -0.02510060697286285     0.08                     -3.611440103852237E-11   -0.019452695783330896    -0.025100606972862847
-0.014533523105586433     -0.016011619364613032    0.08000000000000002      -6.467788805848595E-11   -0.014533523105586433    -0.016011619364613035
-0.005965593029953888     -0.015982519297742505    0.08                     -1.1934694813436802E-10  -0.005965593029953888    -0.0159825192977425
-0.009599491763087265     -0.016452292728705804    0.08                     -8.782022550518301E-11   -0.009599491763087263    -0.0164522927287058
-0.04902124746154535      0.02256315085164972      0.08                     -1.2061293955572041E-11  -0.04902124746154535     0.022563150851649724
-0.052841165526502094     0.030507276355273283     0.08                     -8.95291234270246E-12    -0.052841165526502094    0.030507276355273283
-0.050648479020199394     0.03717796599661785      0.08                     -8.360745004307063E-12   -0.0506484790201994      0.03717796599661785
-0.0033210265172367547    0.013549523269642025     0.08                     -2.0572796575076254E-10  -0.0033210265172367547   0.013549523269642025
-0.038671315704928946     0.023831341924475904     0.08                     -1.7592184305786996E-11  -0.03867131570492894     0.023831341924475904
-0.02956200209046008      0.023223832080497712     0.08                     -2.5458429901506186E-11  -0.029562002090460084    0.023223832080497716
-0.02194705281389615      0.02137566975585159      0.08                     -3.693088639464757E-11   -0.02194705281389615     0.02137566975585159
-0.001394100987742685     0.013354464727155922     0.08                     -2.726418578229755E-10   -0.001394100987742685    0.013354464727155924
-0.0020858817622798585    0.01383066013585002      0.08                     -2.2817366479226133E-10  -0.0020858817622798585   0.01383066013585002
-0.005393147076836392     0.014018648202910405     0.08000000000000002      -1.5106137357359095E-10  -0.005393147076836392    0.014018648202910405
-0.016560207178565444     0.0195193190393365       0.08                     -5.0670047286163307E-11  -0.016560207178565444    0.0195193190393365
-0.007879714142810544     0.0147911864001012       0.08                     -1.1113528685708281E-10  -0.007879714142810544    0.0147911864001012
-0.010001837191121167     0.015766816037921086     0.08                     -8.85705901664301E-11    -0.010001837191121167    0.015766816037921086
-0.011804730210648623     0.01864990232599363      0.08                     -6.805998604727527E-11   -0.011804730210648623    0.01864990232599363
-0.013046482864913913     0.021877109835825463     0.08                     -5.4259583676582165E-11  -0.013046482864913913    0.021877109835825463
-0.00857745578500382      0.01763159434122468      0.08                     -8.760074285963866E-11   -0.008577455785003822    0.017631594341224684
-0.004148239629598441     0.01544560724989228      0.08                     -1.4699049074337555E-10  -0.004148239629598441    0.015445607249892279
-0.006320714821928888     0.016476653368817484     0.08                     -1.1158684225597457E-10  -0.0063207148219288885   0.016476653368817484
1.7114352904225305E-5     -0.014564637758384333    0.08                     -2.1734771398086242E-10  1.7114352904225305E-5    -0.014564637758384333
-6.205167929290711E-6     0.005436338306048845     0.08                     -2.395205811011973E-10   -6.205167929290711E-6    0.005436338306048845
-0.0012172986736812379    0.003849073325009382     0.08                     -1.9001186373364372E-10  -0.0012172986736812379   0.003849073325009382
-0.0034005714957368177    0.00213385227932901      0.08                     -1.5674623174512562E-10  -0.0034005714957368177   0.00213385227932901
7.88907021461241E-6       -0.005466689481929153    0.07999999999999999      -2.4093675520274907E-10  7.88907021461241E-6      -0.005466689481929153
-0.003537154658901774     -0.001237433903372595    0.08                     -1.5168369627479323E-10  -0.003537154658901774    -0.001237433903372595
-0.0012440323764610836    -0.003987868545001508    0.08                     -1.924404198697189E-10   -0.0012440323764610836   -0.003987868545001508
-0.028199890782079698     -0.03621650610790701     0.08                     -1.8351693914054906E-11  -0.028199890782079694    -0.036216506107907005
-0.020792250394121387     -0.03213252724801976     0.08000000000000002      -2.6418486468324886E-11  -0.020792250394121387    -0.03213252724801976
-0.027822529393256017     -0.046814466842062655    0.08                     -1.304355694899454E-11   -0.02782252939325602     -0.04681446684206265
-0.024836717595683375     -0.05589386210073647     0.08                     -9.948739191598416E-12   -0.024836717595683375    -0.05589386210073647
-0.020115778921209884     -0.05967236482459574     0.08                     -9.265284141807308E-12   -0.020115778921209884    -0.05967236482459574
-0.001228714139329047     -0.01609503111258851     0.08                     -1.5998467588141866E-10  -0.001228714139329047    -0.016095031112588507
-0.015319231416979637     -0.02915411252007586     0.08                     -3.5401913083138735E-11  -0.015319231416979637    -0.02915411252007586
-0.0032109109301869613    -0.01777460770042489     0.08                     -1.1851923311700078E-10  -0.003210910930186961    -0.017774607700424886
-0.012247535155149364     -0.022455497144569604    0.08                     -5.467225673681798E-11   -0.012247535155149366    -0.0224554971445696
-0.006389678033323741     -0.019749236897330325    0.08000000000000002      -8.485165585050737E-11   -0.0063896780333237415   -0.019749236897330325
-0.04578256541388416      0.040646742875259254     0.07999999999999999      -9.200560526212468E-12   -0.04578256541388415     0.04064674287525926
-0.04353560934036273      0.03245577722697784      0.08                     -1.2277868056120421E-11  -0.04353560934036272     0.03245577722697784
-0.041444843573335416     0.04699043722859341      0.08                     -8.803504668037544E-12   -0.041444843573335416    0.04699043722859341
-0.0025868599764195775    0.015031361446939936     0.08                     -1.7659849895375193E-10  -0.0025868599764195775   0.015031361446939936
-0.03283839406623759      0.03163315799156914      0.08000000000000002      -1.813000775200474E-11   -0.03283839406623759     0.031633157991569134
-0.023917134097708365     0.02904013176303094      0.07999999999999999      -2.662425077400962E-11   -0.023917134097708365    0.02904013176303094
-0.016353322488901482     0.025522759476330495     0.08                     -4.012910105271938E-11   -0.016353322488901482    0.025522759476330488
-0.0011903842584445393    0.014490174266480936     0.08                     -2.138994220061456E-10   -0.0011903842584445393   0.014490174266480938
-0.0027785851290985826    0.016656639685204436     0.08000000000000002      -1.3853530312823425E-10  -0.0027785851290985826   0.016656639685204436
-0.010200338345466287     0.021088481688596873     0.08                     -6.467689956298405E-11   -0.010200338345466286    0.02108848168859687
-0.011516790301726622     0.02453132373330219      0.08                     -5.050428767303259E-11   -0.011516790301726622    0.02453132373330219
-0.006753773713931474     0.019777657044256824     0.08                     -8.311537547193126E-11   -0.006753773713931474    0.019777657044256824
-0.004419988183138161     0.017812654639404263     0.08                     -1.1151887070993824E-10  -0.004419988183138161    0.017812654639404263
0.0017336756790191782     -0.014157583959193629    0.08                     -2.2073014577172195E-10  0.0017336756790191782    -0.014157583959193629
0.0011580629895172195     -0.016043338689999097    0.08000000000000002      -1.6184565507072701E-10  0.0011580629895172195    -0.0160433386899991
0.003174992209245449      -0.013177158754777644    0.08000000000000002      -2.2257000981927345E-10  0.003174992209245449     -0.013177158754777646
0.004191602190858585      -0.011744773280085032    0.08000000000000002      -2.226998766529666E-10   0.004191602190858585     -0.011744773280085032
0.00453658990294609       -0.010000003770488826    0.07999999999999999      -2.259167611732953E-10   0.00453658990294609      -0.010000003770488826
0.004164486132542673      -0.008276568235824129    0.08                     -2.3122968446922266E-10  0.004164486132542673     -0.008276568235824129
0.0032186643946046575     -0.006790446745677123    0.08                     -2.3436438471749605E-10  0.0032186643946046575    -0.006790446745677123
0.0017264258922686064     -0.005814418541089349    0.07999999999999999      -2.3923016143305665E-10  0.0017264258922686064    -0.005814418541089349
0.001749304910041008      0.005769192268790808     0.08                     -2.37203396312325E-10    0.001749304910041008     0.005769192268790808
0.0012566219414294443     0.003879722846711328     0.08                     -1.9050452613398028E-10  0.0012566219414294443    0.003879722846711328
-2.09210103034492E-5      0.0011258595675369826    0.08                     -1.6268955470861156E-10  -2.09210103034492E-5     0.0011258595675369826
0.0011635711106899628     -0.003991332675326718    0.08000000000000002      -1.9301272945577784E-10  0.0011635711106899628    -0.003991332675326718
-7.838426507726648E-5     -0.0019555755964234117   0.08                     -1.6766011466010315E-10  -7.838426507726648E-5    -0.0019555755964234117
-0.02029654727413207      -0.041031161628309595    0.08                     -1.908557340413914E-11   -0.020296547274132073    -0.0410311616283096
-0.014077101558011503     -0.035201323317168264    0.07999999999999999      -2.788197591221304E-11   -0.014077101558011505    -0.035201323317168264
-0.01763568955927924      -0.05149353849235951     0.08                     -1.3427213083227394E-11  -0.01763568955927924     -0.051493538492359506
-0.013423779271407421     -0.05983166603603278     0.08                     -1.0097253421987749E-11  -0.013423779271407421    -0.059831666036032786
-0.007217636380862853     -0.06257059072897883     0.08                     -9.41730376770225E-12    -0.007217636380862853    -0.06257059072897883
-4.351960104164061E-5     -0.018438837999306935    0.07999999999999999      -1.1793811353490722E-10  -4.351960104164061E-5    -0.018438837999306932
-0.009508544792403362     -0.029691235900783375    0.08                     -4.0486784932113493E-11  -0.00950854479240336     -0.029691235900783375
-0.0021804002997122436    -0.02133721543990741     0.08                     -8.422025773495714E-11   -0.0021804002997122436   -0.02133721543990741
-0.005730653791786985     -0.024951207901295673    0.08                     -5.90083974000202E-11    -0.005730653791786985    -0.024951207901295677
-0.03581275927231392      0.040774959900451616     0.08                     -1.2752577705101439E-11  -0.03581275927231392     0.04077495990045161
-0.036035790283949015     0.04920867591528876      0.08                     -9.682566319698065E-12   -0.036035790283949015    0.04920867591528876
-0.030799765675673635     0.0546292510076154       0.08000000000000002      -9.120456563655287E-12   -0.030799765675673635    0.0546292510076154
3.217253685262149E-4      0.014813480422429227     0.08                     -2.0600214446221093E-10  3.217253685262149E-4     0.014813480422429226
-0.0010306096412017844    0.016443210223533157     0.08                     -1.525230162279484E-10   -0.0010306096412017844   0.016443210223533154
-0.02565579695763437      0.037554251866557295     0.08                     -1.8904913983052663E-11  -0.02565579695763437     0.0375542518665573
-0.018035395481131634     0.03324736014502409      0.07999999999999999      -2.742227118168433E-11   -0.018035395481131634    0.03324736014502409
-0.01122965474149545      0.029245489438077754     0.08                     -3.976251146379539E-11   -0.011229654741495452    0.029245489438077754
-0.0020120211035116846    0.018522176557391967     0.08                     -1.1359864423840716E-10  -0.0020120211035116846   0.018522176557391967
-0.007025450583921199     0.02488700509369092      0.08                     -5.732659363247083E-11   -0.007025450583921199    0.024887005093690923
-0.0035858164510210455    0.021148237715125903     0.08                     -8.369954037685587E-11   -0.0035858164510210455   0.021148237715125903
1.7428409844637283E-5     0.01819172366584955      0.08                     -1.2126639291676714E-10  1.7428409844637283E-5    0.01819172366584955
0.0033806991597920277     -0.01511427204946588     0.08000000000000002      -1.632848633927605E-10   0.0033806991597920277    -0.015114272049465883
0.0031001779282154984     -0.017706906842754812    0.08                     -1.201820054746282E-10   0.0031001779282154984    -0.01770690684275481
0.0032071899307018724     0.006777893839235188     0.08000000000000002      -2.346432122072409E-10   0.0032071899307018724    0.006777893839235188
0.0019684225768095732     0.0142548158774276       0.07999999999999999      -2.1207733916835188E-10  0.0019684225768095732    0.014254815877427602
0.003340167222629909      0.013135383498583009     0.08                     -2.184306337996181E-10   0.003340167222629909     0.013135383498583009
0.00422122977336286       0.011657308435001387     0.08                     -2.228031056042176E-10   0.00422122977336286      0.011657308435001387
0.0042215480634579874     0.008236320705820428     0.08000000000000002      -2.2846656249304507E-10  0.0042215480634579874    0.008236320705820428
0.004532244737154505      0.009980477513076312     0.07999999999999999      -2.26207213658459E-10    0.004532244737154505     0.009980477513076312
0.005133012451929304      -0.013442854642816783    0.08                     -1.6412995455112386E-10  0.005133012451929305     -0.013442854642816781
0.006008226380921296      -0.011227547298092423    0.07999999999999999      -1.6869123977945512E-10  0.006008226380921296     -0.011227547298092423
0.005985129040155794      -0.008878023737019819    0.08000000000000002      -1.7447321368167702E-10  0.005985129040155794     -0.008878023737019819
0.005126975987045788      -0.006604483375516612    0.08                     -1.7959347401032944E-10  0.005126975987045788     -0.006604483375516612
0.0034210714147726064     -0.0048786293220781166   0.08                     -1.8631754536504342E-10  0.0034210714147726064    -0.0048786293220781166
0.0034383035797146515     0.004868485732832183     0.08                     -1.865625457950991E-10   0.0034383035797146515    0.004868485732832183
0.003466402796044897      0.0020436698028652375    0.07999999999999999      -1.5577503655880115E-10  0.003466402796044897     0.0020436698028652375
0.0033867568290501457     -0.0013162527813326136   0.07999999999999999      -1.526962553749861E-10   0.0033867568290501457    -0.0013162527813326136
-0.011367933710054436     -0.044247929858629534    0.07999999999999999      -1.9658591974043277E-11  -0.011367933710054436    -0.04424792985862953
-0.0062701045088146955    -0.03722868087178567     0.08                     -2.8811701221729355E-11  -0.006270104508814696    -0.037228680871785665
-3.445631411142379E-4     -0.06129361806929431     0.08                     -1.020582492462236E-11   -3.445631411142379E-4    -0.06129361806929431
-0.006420111059707995     -0.054119736151809636    0.07999999999999999      -1.3603265754134105E-11  -0.006420111059707995    -0.05411973615180964
0.005845188139129402      -0.0627113941457586      0.08                     -9.427730482410318E-12   0.005845188139129402     -0.0627113941457586
0.002054013021429329      -0.02114721398906745     0.08                     -8.645907886866006E-11   0.002054013021429329     -0.02114721398906745
-0.0022740222306264213    -0.03134755291929316     0.08000000000000002      -4.103115295720606E-11   -0.0022740222306264213   -0.03134755291929316
2.840941730483538E-4      -0.025662711546479894    0.08                     -6.020101434062326E-11   2.840941730483538E-4     -0.025662711546479894
-0.02642531446051953      0.04705309033412987      0.08                     -1.3368190135714777E-11  -0.026425314460519538    0.04705309033412986
-0.024790228985523313     0.0556562583876371       0.08                     -1.0059562253235534E-11  -0.024790228985523313    0.0556562583876371
-0.01883248901338991      0.05984574263644961      0.08                     -9.386673216210633E-12   -0.01883248901338991     0.05984574263644961
0.0015842017851047281     0.016559333600347226     0.08                     -1.477182816681191E-10   0.0015842017851047281    0.016559333600347226
-0.017509425593369956     0.04169045350206091      0.08                     -1.9741637982619543E-11  -0.017509425593369956    0.04169045350206091
-0.010278558415836948     0.03622878775632779      0.08000000000000002      -2.8624049560507744E-11  -0.010278558415836948    0.03622878775632779
-0.005161619582725086     0.030749025587965877     0.08                     -4.136194252684749E-11   -0.005161619582725086    0.03074902558796588
-4.4572654006692566E-4    0.02088346194394316      0.08                     -9.010491124836888E-11   -4.4572654006692566E-4   0.020883461943943162
-0.0016682479617732872    0.0252977332670124       0.08                     -6.133300887007365E-11   -0.0016682479617732872   0.0252977332670124
0.0020167871778910516     0.01922402105199668      0.08                     -1.0462128414547227E-10  0.0020167871778910516    0.01922402105199668
0.0058800822272897825     -0.016023652351286777    0.07999999999999999      -1.2005450399285347E-10  0.0058800822272897825    -0.016023652351286777
0.005960717483817976      -0.019548049100565387    0.08000000000000002      -8.782585781818537E-11   0.005960717483817976     -0.019548049100565387
0.005124747201683284      0.006558039903966105     0.08                     -1.791178979069856E-10   0.005124747201683284     0.006558039903966105
0.0037343638623635357     0.015104644490342767     0.08000000000000002      -1.5894389388228618E-10  0.0037343638623635357    0.015104644490342767
0.00538336718202535       0.013317399817455874     0.08000000000000002      -1.6084183438965048E-10  0.00538336718202535      0.013317399817455874
0.006020056150688565      0.01105440598998543      0.08                     -1.693532914302346E-10   0.006020056150688565     0.01105440598998543
0.006016293151995374      0.008719924366754159     0.08                     -1.7313782046536446E-10  0.006016293151995374     0.008719924366754159
0.00769075699582349       -0.013339967686990396    0.07999999999999999      -1.232359281053605E-10   0.007690756995823489     -0.013339967686990395
0.008323105343765801      -0.010169183372755852    0.07999999999999999      -1.286793047614865E-10   0.008323105343765803     -0.010169183372755852
0.006065636278947257      -0.004143883894227922    0.08                     -1.4493986493847114E-10  0.006065636278947257     -0.004143883894227922
0.007719019402450036      -0.006956169504219456    0.08                     -1.3636898446881658E-10  0.0077190194024500365    -0.006956169504219456
0.006028152943292155      0.0042188476680309756    0.08                     -1.4601710589126377E-10  0.006028152943292155     0.0042188476680309756
0.006684472251647745      0.001103553934871472     0.08                     -1.2955760205236502E-10  0.006684472251647744     0.001103553934871472
0.007247654562452729      -0.0017311009879398195   0.08                     -1.260535814370712E-10   0.007247654562452729     -0.0017311009879398195
-0.0016021337144493577    -0.04550218393201319     0.08                     -2.0021836789863318E-11  -0.0016021337144493577   -0.04550218393201319
0.002156112345800055      -0.0380234263723709      0.08                     -2.849580244909016E-11   0.002156112345800055     -0.03802342637237089
0.004713176872572562      -0.05413424781042825     0.08                     -1.3714571013703597E-11  0.004713176872572562     -0.05413424781042825
0.01231453417786913       -0.060032084018960305    0.08000000000000002      -1.0131335773406095E-11  0.01231453417786913      -0.06003208401896031
0.01886499483843116       -0.06014380942048462     0.08                     -9.252234466486732E-12   0.01886499483843116      -0.06014380942048462
0.005417760934706943      -0.023820995661771316    0.08                     -6.453943605290646E-11   0.0054177609347069436    -0.023820995661771316
0.0054519731326882585     -0.030348782106436746    0.08                     -4.2193718560047577E-11  0.005451973132688258     -0.030348782106436743
0.008654288212727951      -0.02140311919122761     0.08000000000000002      -6.824116025221087E-11   0.008654288212727951     -0.02140311919122761
-0.016017962071595084     0.051559875852732716     0.08                     -1.3717335417090867E-11  -0.016017962071595084    0.05155987585273271
-0.01267695637235811      0.059624780345071175     0.08                     -1.0271349047820971E-11  -0.012676956372358108    0.059624780345071175
-0.006219028230321378     0.06248440410824346      0.08                     -9.506271121569431E-12   -0.006219028230321378    0.06248440410824346
0.0045211213274334375     0.017358371025965137     0.08                     -1.1612325157489031E-10  0.0045211213274334375    0.017358371025965134
-0.00838600812521157      0.044327183583195616     0.07999999999999999      -2.026633918271914E-11   -0.00838600812521157     0.044327183583195616
-0.002733127404844455     0.037724954770901015     0.08000000000000002      -2.8857884345320623E-11  -0.002733127404844455    0.037724954770901015
0.0012793004927843625     0.03119667665247905      0.08                     -4.156371756969072E-11   0.0012793004927843625    0.03119667665247905
0.0034656775775355406     0.02631416190235443      0.08000000000000002      -5.6086567674736724E-11  0.0034656775775355406    0.026314161902354426
0.0026158166462527978     0.022725728468600936     0.08                     -7.464633473267524E-11   0.0026158166462527978    0.022725728468600936
0.0045639684143637844     0.019878819722435194     0.08                     -9.093159467897362E-11   0.0045639684143637844    0.019878819722435194
0.009698675584339917      -0.01705170645655435     0.08                     -8.430581197810333E-11   0.009698675584339915     -0.01705170645655435
0.007603562557533989      0.006849963710415526     0.07999999999999999      -1.3780565552514052E-10  0.007603562557533988     0.006849963710415526
0.008190067874021729      0.009801094124771495     0.08                     -1.313228589242872E-10   0.008190067874021727     0.009801094124771495
0.006578696851282147      0.015372953005188109     0.08                     -1.195718125842998E-10   0.006578696851282148     0.015372953005188109
0.007716223512240047      0.01278958620491387      0.08                     -1.2654377806608577E-10  0.007716223512240048     0.01278958620491387
0.01131209672764728       -0.012561332626223123    0.08000000000000002      -9.125701015390407E-11   0.011312096727647282     -0.012561332626223123
0.011127815137490053      -0.00810005934198487     0.08                     -1.0032069151021269E-10  0.011127815137490053     -0.00810005934198487
0.00938745476989247       -0.004388737380002353    0.08                     -1.1323542078254607E-10  0.009387454769892471     -0.004388737380002353
0.009152408987612246      0.0034983439454046167    0.08                     -1.1400801457314002E-10  0.009152408987612244     0.0034983439454046167
0.010246996687454546      -3.297958016231853E-4    0.08                     -1.0383713806606971E-10  0.010246996687454546     -3.297958016231853E-4
0.007849994649825488      -0.04496765824299094     0.07999999999999999      -1.9812293405821455E-11  0.007849994649825486     -0.044967658242990934
0.009831338053208344      -0.03682192265376122     0.08                     -2.803825051773614E-11   0.009831338053208344     -0.03682192265376122
0.01588870460492391       -0.05186710719510132     0.08                     -1.3573916865520326E-11  0.01588870460492391      -0.051867107195101333
0.02445673404951556       -0.0560333064404938      0.08                     -9.967135957704593E-12   0.024456734049515563     -0.056033306440493806
0.030915702685822718      -0.054859707103674826    0.08000000000000002      -9.014124693445432E-12   0.030915702685822714     -0.054859707103674826
0.010199582320668877      -0.02569544950107657     0.08                     -4.954172369310013E-11   0.010199582320668877     -0.025695449501076575
0.01182577010274229       -0.030424845685109447    0.08                     -3.6862111939847174E-11  0.01182577010274229      -0.030424845685109447
0.012749112127734124      -0.021282132020905724    0.08                     -5.667357821599449E-11   0.012749112127734124     -0.021282132020905727
-0.005161436361747047     0.05353499114696472      0.08                     -1.4034212026733864E-11  -0.005161436361747047    0.05353499114696471
1.0841173014516925E-6     0.060983227574190724     0.07999999999999999      -1.034876136637911E-11   1.0841173014516925E-6    0.060983227574190724
0.0071490597262073505     0.06223406049088586      0.08                     -9.566864685494488E-12   0.0071490597262073505    0.062234060490885854
0.0076369893721873056     0.018840759139114427     0.07999999999999999      -8.534731056764982E-11   0.0076369893721873056    0.018840759139114427
0.0011051608455428727     0.04508483857537692      0.08                     -2.0424942617332377E-11  0.0011051608455428727    0.04508483857537692
0.005569077282244397      0.036866586925163675     0.08                     -2.9565415947783595E-11  0.005569077282244397     0.036866586925163675
0.007384213085621438      0.02943612660062947      0.08                     -4.3022493074354013E-11  0.0073842130856214385    0.02943612660062947
0.007335100786862069      0.02338478183169436      0.08                     -6.289455697506149E-11   0.007335100786862071     0.023384781831694363
0.014520423262007164      -0.015937714444667912    0.08                     -6.481190868874771E-11   0.014520423262007165     -0.01593771444466791
0.010843522219289185      0.007432328506519571     0.08                     -1.0306951350814255E-10  0.010843522219289185     0.007432328506519571
0.01086382329542562       0.011617327676745781     0.08000000000000002      -9.715658795912175E-11   0.010863823295425621     0.011617327676745781
0.00965650192093901       0.015606876244623959     0.08                     -9.154210906080999E-11   0.00965650192093901      0.015606876244623957
0.01563304488767735       -0.010272535697201352    0.08000000000000002      -6.985325545870084E-11   0.01563304488767735      -0.010272535697201352
0.01468265200353237       -0.003990880820304812    0.08                     -7.8402091154902E-11     0.014682652003532371     -0.003990880820304812
0.014306656995511088      0.0027379815375676297    0.08                     -8.052196912096421E-11   0.01430665699551109      0.0027379815375676297
0.01695792600627946       -0.042554221491696825    0.08                     -1.9265472586529062E-11  0.01695792600627946      -0.042554221491696825
0.01740666283431211       -0.034145988504327145    0.08                     -2.6872420136648936E-11  0.01740666283431211      -0.034145988504327145
0.02623056556617754       -0.047171177399660764    0.08000000000000002      -1.3370691666546294E-11  0.026230565566177536     -0.047171177399660764
0.03558476903440961       -0.04961014795114102     0.08000000000000002      -9.673692200457438E-12   0.03558476903440961      -0.04961014795114102
0.0412911342238235        -0.04707988608818593     0.07999999999999999      -8.816912588255486E-12   0.0412911342238235       -0.04707988608818593
0.01694696639096854       -0.026130011926340402    0.07999999999999999      -3.818918736900623E-11   0.01694696639096854      -0.026130011926340402
0.01714030801245764       -0.01982238606246533     0.08                     -4.87635473392416E-11    0.01714030801245764      -0.01982238606246533
0.006199805618989987      0.05368840921709213      0.08000000000000002      -1.3866822208229217E-11  0.006199805618989987     0.05368840921709212
0.01969466854093014       0.05980216756490766      0.08                     -9.276872646628619E-12   0.01969466854093014      0.05980216756490766
0.013139005269053566      0.059481349878545975     0.07999999999999999      -1.028392488026244E-11   0.013139005269053566     0.059481349878545975
0.011570308767979445      0.020108923367200188     0.08000000000000002      -6.388436552444346E-11   0.011570308767979445     0.020108923367200188
0.010682370122210294      0.043650676983666536     0.07999999999999999      -2.0331856060736106E-11  0.010682370122210294     0.043650676983666536
0.013235000093189522      0.03478340989721164      0.08                     -2.891155184089225E-11   0.013235000093189522     0.03478340989721163
0.013781465367322363      0.02655774142748092      0.08                     -4.199946231559258E-11   0.013781465367322361     0.026557741427480915
0.020199353443714218      -0.015018753449306046    0.08000000000000002      -4.811425326383966E-11   0.020199353443714218     -0.015018753449306046
0.015127830921600912      0.008983130930707808     0.08000000000000002      -7.363164310458152E-11   0.015127830921600914     0.008983130930707808
0.014200023536954227      0.01488889515775127      0.08                     -6.862990026484386E-11   0.014200023536954225     0.01488889515775127
0.02074048934455006       -0.007973786719194347    0.08                     -5.2726482718516396E-11  0.02074048934455006      -0.007973786719194347
0.0187691569468465        -0.0010762830073581461   0.07999999999999999      -6.137256819817986E-11   0.0187691569468465       -0.0010762830073581461
0.020201099538591078      0.004913493692252233     0.07999999999999999      -5.568305928521421E-11   0.020201099538591078     0.004913493692252233
0.025094570618029624      -0.038418217310273825    0.08000000000000002      -1.8632785274742502E-11  0.02509457061802962      -0.03841821731027383
0.024192641689346536      -0.030635375087952867    0.08                     -2.4995343066621464E-11  0.024192641689346536     -0.030635375087952863
0.03519956121560672       -0.04125975202939887     0.08                     -1.2802738010890921E-11  0.03519956121560672      -0.04125975202939886
0.04386698270820701       -0.041178265007036724    0.08000000000000002      -9.706287222125435E-12   0.04386698270820701      -0.041178265007036724
0.024033030502371277      -0.02183043875376354     0.08000000000000002      -3.324810646202388E-11   0.024033030502371273     -0.021830438753763535
0.024832149511168744      0.055725248418457066     0.08000000000000002      -1.0016606041444684E-11  0.024832149511168744     0.05572524841845706
0.016807189576121054      0.05118582636042229      0.08                     -1.3756814467206175E-11  0.016807189576121054     0.05118582636042229
0.031797610726097866      0.05413310789984101      0.07999999999999999      -9.067594163317979E-12   0.031797610726097866     0.05413310789984101
0.017490372674198538      0.019774071164988583     0.08                     -4.796811309850448E-11   0.017490372674198538     0.019774071164988583
0.019651878215953524      0.0405491752149895       0.08                     -1.9739433963626527E-11  0.01965187821595352      0.0405491752149895
0.020382479050536143      0.03169163779248811      0.08                     -2.7211821719070268E-11  0.020382479050536143     0.03169163779248812
0.02063826866747714       0.02492422764668424      0.08                     -3.470107829623132E-11   0.02063826866747714      0.02492422764668424
0.025715123913112925      -0.013981938180193242    0.08                     -3.700356343931789E-11   0.025715123913112925     -0.013981938180193243
0.020108291301821273      0.012844595425672713     0.08                     -5.0695249975367306E-11  0.020108291301821273     0.01284459542567271
0.02513504426733993       0.009085280555737957     0.08000000000000002      -4.09756048988197E-11    0.02513504426733993      0.009085280555737957
0.027678259835534274      -0.008627320217532285    0.08                     -3.6208982612951526E-11  0.027678259835534274     -0.008627320217532285
0.025133130517042523      -0.001195727005245742    0.08                     -4.307211859514371E-11   0.025133130517042523     -0.001195727005245742
0.026801028945830214      0.004821661339041813     0.08                     -3.897055950623933E-11   0.026801028945830214     0.004821661339041813
0.030095884590315716      -0.026154632856169507    0.08                     -2.3145519518776248E-11  0.030095884590315713     -0.026154632856169507
0.032549980473692654      -0.03293554175339811     0.08000000000000002      -1.766211706667235E-11   0.032549980473692654     -0.03293554175339811
0.04814677877160313       -0.03588159059117095     0.07999999999999999      -9.559388742819009E-12   0.04814677877160312      -0.03588159059117096
0.040711358648008025      -0.03466188559162238     0.08000000000000002      -1.2862585493108961E-11  0.04071135864800802      -0.03466188559162237
0.032242119356664226      -0.01968595491991596     0.08                     -2.4691178329178553E-11  0.03224211935666422      -0.019685954919915958
0.027385944726168007      0.046212841928128745     0.08                     -1.3469667624138342E-11  0.027385944726168007     0.046212841928128745
0.03577283378437594       0.04919608326031878      0.07999999999999999      -9.76254384755737E-12    0.03577283378437595      0.049196083260318775
0.04224353519711467       0.0459053626649114       0.08000000000000002      -8.877977829322435E-12   0.04224353519711467      0.0459053626649114
0.02407770802200258       0.020171643563806324     0.08                     -3.48033929795871E-11    0.02407770802200258      0.020171643563806324
0.02774851362740708       0.03554035403533465      0.08000000000000002      -1.9019143395938546E-11  0.027748513627407077     0.03554035403533465
0.02674660181451887       0.027087909786694432     0.08                     -2.5568264748488492E-11  0.026746601814518874     0.02708790978669443
0.03297045003108049       -0.012505031154550046    0.08000000000000002      -2.689797179855515E-11   0.03297045003108049      -0.012505031154550044
0.027264541823084364      0.014403701743707004     0.08000000000000002      -3.407753292228764E-11   0.027264541823084364     0.014403701743707004
0.030797612344429022      0.00844319926088996      0.08                     -3.1143024237056854E-11  0.03079761234442902      0.00844319926088996
0.03225189252213362       -0.005055524214119686    0.08                     -2.978147019625381E-11   0.03225189252213362      -0.005055524214119686
0.031815280774658325      0.0016969778756222645    0.08                     -3.077134873629194E-11   0.03181528077465833      0.0016969778756222645
0.03881235326019496       -0.025954753699643042    0.08                     -1.6775397423039812E-11  0.03881235326019495      -0.02595475369964304
0.05238239413475704       -0.029961511684474293    0.08                     -9.22959557692381E-12    0.05238239413475704      -0.029961511684474296
0.04596086029732724       -0.030394623471425936    0.08                     -1.1760422916820561E-11  0.04596086029732724      -0.030394623471425936
0.039285803823973044      -0.01796582279800773     0.08                     -1.9010026705935987E-11  0.039285803823973044     -0.017965822798007732
0.05675636336193059       -0.025431468502727463    0.07999999999999999      -8.319814072354602E-12   0.05675636336193059      -0.025431468502727463
0.036730455440010586      0.039437491572603386     0.08                     -1.288872922099905E-11   0.036730455440010586     0.03943749157260339
0.04518130040929155       0.040564916925487415     0.08                     -9.429254230142097E-12   0.04518130040929155      0.040564916925487415
0.03141316228862286       0.020830495823367358     0.08                     -2.495189651231204E-11   0.03141316228862286      0.020830495823367354
0.03452667889869964       0.02910882215371982      0.08                     -1.8257242061359034E-11  0.03452667889869964      0.02910882215371982
0.0508296079198107        0.03608230455858202      0.08                     -8.540619220635829E-12   0.050829607919810706     0.03608230455858202
0.038723954472977995      -0.009740168661532843    0.08                     -2.1475612403301837E-11  0.038723954472977995     -0.009740168661532843
0.034825369883639934      0.013600290329763468     0.08                     -2.4426134149793427E-11  0.034825369883639934     0.013600290329763468
0.037658194916683624      0.0065515130043489606    0.08                     -2.303275484981802E-11   0.037658194916683624     0.0065515130043489606
0.03856720694172361       -0.0016040310408520012   0.08                     -2.2522856820147094E-11  0.03856720694172361      -0.0016040310408520012
0.04866984716806938       -0.021989670103399576    0.08                     -1.2342610067623578E-11  0.04866984716806938      -0.02198967010339958
0.04448590618398464       -0.01279830196758816     0.07999999999999999      -1.6372290348742617E-11  0.04448590618398464      -0.01279830196758816
0.05756591068107974       -0.018933574075382223    0.07999999999999999      -8.865794538252901E-12   0.05756591068107974      -0.018933574075382223
0.04410824108838987       0.030790249761633262     0.08                     -1.247663520853834E-11   0.04410824108838988      0.030790249761633255
0.03976723948036073       0.02109258828002676      0.08                     -1.771952653542559E-11   0.03976723948036073      0.02109258828002676
0.05282228822284461       0.03007594659967812      0.08                     -9.042121244669727E-12   0.05282228822284462      0.030075946599678115
0.045856546770615236      -0.005517794811068566    0.08000000000000002      -1.6262842107540733E-11  0.045856546770615236     -0.005517794811068566
0.04360224039454094       0.012469362297622424     0.08                     -1.7032824164734877E-11  0.04360224039454094      0.012469362297622424
0.045501738993821844      0.003400465413783804     0.07999999999999999      -1.6625072119095177E-11  0.045501738993821844     0.003400465413783804
0.05300653252348969       -0.011566341105587997    0.08                     -1.1643508691928461E-11  0.05300653252348969      -0.011566341105588
0.06106168578712199       -0.013629758387804135    0.08                     -7.967305537997687E-12   0.06106168578712199      -0.013629758387804137
0.04971009526345477       0.021043595286432876     0.08                     -1.1999198033182974E-11  0.04971009526345477      0.021043595286432876
0.05749484954258245       0.0248070406484623       0.08000000000000002      -8.12832016092985E-12    0.05749484954258245      0.0248070406484623
0.054467589725113924      -6.2393737107512E-4      0.08                     -1.1444820491772736E-11  0.05446758972511391      -6.2393737107512E-4
0.053311421322634056      0.010439319504452607     0.08                     -1.159175675041016E-11   0.053311421322634056     0.010439319504452607
0.06081859479019136       -0.0067922483426529      0.08                     -8.470578233358304E-12   0.06081859479019136      -0.0067922483426529
0.05794788637556183       0.01881071304861423      0.08                     -8.725698064402681E-12   0.05794788637556183      0.01881071304861423
0.0629340816685858        -6.238472097680678E-4    0.08                     -7.743221097236157E-12   0.0629340816685858       -6.238472097680678E-4
0.060825257372218985      0.005923439566624333     0.07999999999999999      -8.500671121654316E-12   0.06082525737221899      0.005923439566624333
0.06159618259954086       0.012382320926151796     0.08                     -7.844136761201776E-12   0.06159618259954086      0.012382320926151796
-0.0017929059299582732    -0.010060186092877524    0.08                     -5.500026855115769E-10   -0.0017929059299582732   -0.010060186092877524
-0.001431416929448068     -0.010381273599064218    0.08                     -6.653625452985811E-10   -0.0014314169294480682   -0.01038127359906422
-0.0013993299358098722    -0.009898413422590069    0.08                     -6.999533593674192E-10   -0.001399329935809872    -0.009898413422590069
-4.774729729033714E-4     -0.009763403443652532    0.08000000000000002      -2.0661953252023916E-9   -4.7747297290337136E-4   -0.009763403443652533
-8.695550957700439E-4     -0.009830042440872528    0.08                     -1.1398717092209843E-9   -8.695550957700439E-4    -0.009830042440872528
-5.373761350115735E-4     -0.010051997344444875    0.08                     -2.0114792618354507E-9   -5.373761350115735E-4    -0.010051997344444875
-9.57515372242281E-4      -0.010208566861522115    0.08                     -1.0163663226937422E-9   -9.575153722422811E-4    -0.010208566861522115
-0.0013147193928501433    -0.009488309167789661    0.08                     -6.992262704989508E-10   -0.0013147193928501435   -0.00948830916778966
-0.0016623447346598432    -0.010733935392038289    0.08                     -5.412974952400347E-10   -0.0016623447346598434   -0.010733935392038289
-0.0013222355486210361    -0.010796728179127347    0.08                     -6.360569136969621E-10   -0.0013222355486210361   -0.010796728179127347
-9.734816761830158E-4     -0.010594662681451395    0.08                     -8.648111989187249E-10   -9.734816761830158E-4    -0.010594662681451395
-2.8242545819201926E-4    -0.010224160436014292    0.08000000000000002      -2.98992147203422E-9     -2.8242545819201926E-4   -0.010224160436014292
-1.9310691116906562E-4    -0.010510512759067144    0.07999999999999999      -1.9942303245663143E-9   -1.9310691116906562E-4   -0.010510512759067144
5.369295255468426E-5      -0.01022154472083256     0.08                     -3.911345620776892E-9    5.369295255468426E-5     -0.01022154472083256
-5.60637313267465E-4      -0.010420475388984685    0.08                     -1.4965500916382793E-9   -5.60637313267465E-4     -0.010420475388984685
1.8898903151084523E-4     -0.010651804045449005    0.08000000000000002      -1.5374486603743227E-9   1.8898903151084523E-4    -0.010651804045449005
-5.453859119686928E-4     -0.010789994038187496    0.08                     -1.0327594159059214E-9   -5.45385911968693E-4     -0.010789994038187494
-1.6510112419646395E-4    -0.010922854917560766    0.08                     -1.0638980335167083E-9   -1.6510112419646395E-4   -0.010922854917560766
-0.0010029562176553002    -0.011089735988506542    0.08                     -6.627493308946898E-10   -0.0010029562176553002   -0.011089735988506542
-7.583195829919595E-4     -0.009434478892064755    0.08000000000000002      -1.058905411842817E-9    -7.583195829919596E-4    -0.009434478892064753
-3.8375918509189267E-4    -0.009426627857532807    0.08                     -1.5282505637856067E-9   -3.837591850918927E-4    -0.009426627857532807
-1.9817194868152008E-4    -0.009956606889565442    0.08                     -4.075697750740855E-9    -1.9817194868152008E-4   -0.009956606889565442
1.3391625000263902E-4     -0.009789023625503532    0.08                     -3.716517245997143E-9    1.3391625000263902E-4    -0.009789023625503532
-2.044846330918012E-4     -0.009677222736489972    0.08                     -2.8401733303963567E-9   -2.044846330918012E-4    -0.009677222736489972
2.6357644940582284E-4     -0.009447240731782514    0.08000000000000002      -1.7569910143589237E-9   2.6357644940582284E-4    -0.009447240731782514
-2.9549946903238027E-5    -0.009438706697489169    0.07999999999999999      -1.9421945358933744E-9   -2.9549946903238027E-5   -0.009438706697489169
5.315918559893663E-4      -0.010409519241979207    0.08                     -1.5777509976364935E-9   5.315918559893663E-4     -0.010409519241979207
5.369547263067007E-4      -0.010001754615562653    0.08                     -2.0277011001772754E-9   5.369547263067007E-4     -0.010001754615562653
5.230193481447504E-4      -0.009649399239004328    0.07999999999999999      -1.6753879461892194E-9   5.230193481447504E-4     -0.009649399239004328
9.813964856065292E-4      -0.01016127744202969     0.08                     -1.0034538784527959E-9   9.813964856065294E-4     -0.010161277442029689
9.735432630037208E-4      -0.009813151889119957    0.08                     -1.005871282737355E-9    9.735432630037208E-4     -0.009813151889119957
-5.913355989329231E-4     -0.00904805935145643     0.08                     -8.843731650214597E-10   -5.913355989329232E-4    -0.00904805935145643
-1.9739119204237115E-4    -0.009027703907181899    0.08                     -1.0007845142131445E-9   -1.9739119204237112E-4   -0.009027703907181899
9.512052110961373E-4      -0.009426677413440637    0.08                     -8.946916254191378E-10   9.512052110961373E-4     -0.009426677413440637
5.655408978411326E-4      -0.009242956520833382    0.08000000000000002      -1.0575558702480111E-9   5.655408978411327E-4     -0.009242956520833382
1.7234313986112587E-4     -0.009125188186261188    0.07999999999999999      -1.1276802581018555E-9   1.7234313986112587E-4    -0.009125188186261188
-0.0010807492996328437    -0.009050014474758866    0.08                     -6.857040950792963E-10   -0.0010807492996328437   -0.009050014474758866
-7.95751230362805E-4      -0.008734904007321624    0.08                     -6.625948856734748E-10   -7.957512303628049E-4    -0.008734904007321624
9.38658039152561E-4       -0.010585437956160626    0.07999999999999999      -8.969292944768876E-10   9.386580391525608E-4     -0.010585437956160626
5.723838083677665E-4      -0.010877144581620432    0.08                     -9.505547707286327E-10   5.723838083677665E-4     -0.010877144581620432
2.215300823139754E-4      -0.011007842766624913    0.08                     -9.57582153591067E-10    2.215300823139754E-4     -0.011007842766624913
-5.404095936360848E-4     -0.01127844732229894     0.08                     -7.068321769280977E-10   -5.404095936360848E-4    -0.01127844732229894
-8.804195624237518E-5     -0.011384918153707927    0.08                     -7.061047577687519E-10   -8.804195624237518E-5    -0.011384918153707927
0.0012659828698184828     -0.010348900826834422    0.07999999999999999      -7.496787751537446E-10   0.0012659828698184828    -0.010348900826834422
0.00136006417546327       -0.010687949172154154    0.08000000000000002      -6.453211583221929E-10   0.00136006417546327      -0.010687949172154154
0.0013760202197109282     -0.010032886257563904    0.08                     -7.150861936440573E-10   0.0013760202197109284    -0.010032886257563904
0.0014383639090248387     -0.009622336346540023    0.08                     -6.624167501187979E-10   0.0014383639090248385    -0.009622336346540023
-3.7228908320482686E-4    -0.008594687397602283    0.08                     -6.803592285143862E-10   -3.722890832048268E-4    -0.008594687397602283
1.310744386874835E-4      -0.008654683647508292    0.08                     -7.314419458969698E-10   1.310744386874835E-4     -0.008654683647508292
0.0013155367847049503     -0.00920008567800697     0.08                     -6.405778274805243E-10   0.0013155367847049503    -0.00920008567800697
0.0010063798657794086     -0.008914804918239549    0.08                     -6.675461564073908E-10   0.0010063798657794084    -0.00891480491823955
5.421627508873304E-4      -0.008769272231489355    0.08                     -7.346534411531813E-10   5.421627508873304E-4     -0.008769272231489355
-7.514688845958774E-4     -0.008354896739127931    0.07999999999999999      -5.496826690685529E-10   -7.514688845958774E-4    -0.008354896739127931
0.0010176244432447143     -0.0110680597911279      0.08                     -6.655847509836857E-10   0.0010176244432447143    -0.0110680597911279
5.855544710670502E-4      -0.011429145957592542    0.08                     -6.343005015590418E-10   5.855544710670502E-4     -0.011429145957592542
4.017773410917944E-5      -0.011801659137699585    0.08000000000000002      -5.429139936688908E-10   4.017773410917944E-5     -0.011801659137699585
7.575945155012098E-4      -0.011827627269546878    0.08                     -4.947179091399832E-10   7.575945155012098E-4     -0.011827627269546878
0.0017096738666203017     -0.010788448162598071    0.08                     -5.226755401151809E-10   0.0017096738666203017    -0.010788448162598071
0.0017564483014047534     -0.009932922669339067    0.08                     -5.609536697666132E-10   0.0017564483014047532    -0.009932922669339067
0.0016864925401090147     -0.009248825341915517    0.08                     -5.35099853737118E-10    0.0016864925401090147    -0.009248825341915517
-5.8741539848208195E-5    -0.008271116198872816    0.08000000000000002      -5.746743607469576E-10   -5.8741539848208195E-5   -0.008271116198872816
-0.0016605036874410039    0.009269858983694562     0.08000000000000002      -5.452679510072454E-10   -0.0016605036874410037   0.009269858983694562
-0.0014343272415424774    0.009627430572544216     0.08                     -6.662463544290634E-10   -0.0014343272415424776   0.009627430572544214
-0.0013181430407667226    0.009202628639319397     0.08                     -6.416268884760542E-10   -0.0013181430407667226   0.009202628639319397
-9.975283477391633E-4     0.008906088431385566     0.08                     -6.685699719219892E-10   -9.975283477391633E-4    0.008906088431385566
-7.790330770848751E-4     0.010548792161754549     0.08000000000000002      -1.0443890478329175E-9   -7.790330770848751E-4    0.010548792161754549
-8.88245415119913E-4      0.01017672372143168      0.07999999999999999      -1.1075077929449012E-9   -8.882454151199131E-4    0.010176723721431679
-4.856278233477011E-4     0.010274579419284885     0.08                     -1.9432269153795304E-9   -4.8562782334770103E-4   0.010274579419284885
-4.508768153083842E-4     0.010616118178276273     0.08                     -1.3362633479399498E-9   -4.5087681530838424E-4   0.010616118178276273
-2.245855035575931E-4     0.009466479208814523     0.08                     -1.8721453195390224E-9   -2.2458550355759308E-4   0.009466479208814523
-1.9452256437624775E-4    0.009071979663777447     0.08                     -1.057900707783566E-9    -1.9452256437624773E-4   0.009071979663777445
1.3691925461498046E-4     0.009371453742852474     0.08000000000000002      -1.6628291145988437E-9   1.3691925461498046E-4    0.009371453742852474
1.8047914626495972E-4     0.009008061039945179     0.07999999999999999      -9.84664278556211E-10    1.8047914626495972E-4    0.009008061039945179
-9.760210559681751E-4     0.009789433086329942     0.08                     -1.002083788219027E-9    -9.760210559681751E-4    0.009789433086329942
-0.00139173079284992      0.010097587327953666     0.08                     -7.075703433949701E-10   -0.00139173079284992     0.010097587327953668
-0.0017962474805755424    0.009940615097182259     0.08                     -5.495211659282728E-10   -0.0017962474805755424   0.009940615097182259
-0.0013137462450471486    0.010503555384245265     0.08                     -6.990797258078548E-10   -0.0013137462450471486   0.010503555384245265
-2.200655811764175E-4     0.010873707840620115     0.08                     -1.1154373830606069E-9   -2.200655811764175E-4    0.010873707840620113
-6.473232307856329E-4     0.010886120194262402     0.08                     -8.991292853166051E-10   -6.473232307856329E-4    0.010886120194262402
-5.677340846755956E-4     0.009210616267343362     0.08                     -1.030041252737689E-9    -5.677340846755957E-4    0.009210616267343362
-5.787119895082653E-4     0.009580970019863265     0.08                     -1.4614486987257034E-9   -5.787119895082653E-4    0.009580970019863265
-9.86150858795613E-4      0.009403861462050161     0.08                     -8.59086991984313E-10    -9.861508587956128E-4    0.009403861462050161
-7.9220338659667E-5       0.010447031496499452     0.08000000000000002      -2.4332707851053244E-9   -7.9220338659667E-5      0.01044703149649945
1.628070113047109E-4      0.010849806449179574     0.07999999999999999      -1.1648008068779419E-9   1.628070113047109E-4     0.010849806449179574
-5.358891725928735E-4     0.009966656826012303     0.08000000000000002      -2.031256166855655E-9    -5.358891725928735E-4    0.009966656826012303
-1.7556859530356629E-4    0.010038247978432533     0.07999999999999999      -4.1403570720424234E-9   -1.7556859530356629E-4   0.010038247978432531
-2.9333303401971977E-4    0.009756381999997364     0.08                     -2.876250588266755E-9    -2.9333303401971977E-4   0.009756381999997364
-5.477165646847848E-4     0.008715141251133636     0.08                     -7.093514391148826E-10   -5.477165646847848E-4    0.008715141251133636
-9.224942909396802E-5     0.00862038018629401      0.08                     -7.16866810065072E-10    -9.224942909396802E-5    0.00862038018629401
-0.0011108584964022753    0.010924669601937952     0.08                     -6.807860249886056E-10   -0.0011108584964022753   0.010924669601937954
-8.125224931386186E-4     0.011190063690318486     0.08                     -6.80274884138453E-10    -8.125224931386186E-4    0.011190063690318486
-4.185781172318741E-4     0.011284658843390652     0.08                     -7.271190936920425E-10   -4.185781172318741E-4    0.011284658843390652
4.152137467863153E-6      0.011321366430997105     0.08                     -7.433425841356508E-10   4.152137467863153E-6     0.011321366430997105
5.326362144072126E-4      0.011242959858590027     0.08                     -7.251200164700243E-10   5.326362144072128E-4     0.011242959858590027
2.472331489056581E-7      0.009731919503550054     0.07999999999999999      -3.60621350763954E-9     2.472331489056581E-7     0.009731919503550054
4.027587501885322E-4      0.009600042400389674     0.08                     -1.9017942625773015E-9   4.0275875018853225E-4    0.009600042400389674
5.400753357081799E-4      0.009162633703001905     0.08                     -9.978554358881276E-10   5.4007533570818E-4       0.009162633703001905
3.242179248282469E-4      0.01049302428086216      0.08                     -1.8272710680994418E-9   3.242179248282469E-4     0.01049302428086216
2.4810220974075053E-4     0.01007174171534447      0.08000000000000002      -3.683719757134361E-9    2.481022097407505E-4     0.010071741715344472
6.48961278836177E-4       0.009983583433703608     0.07999999999999999      -1.62474188269481E-9     6.48961278836177E-4      0.009983583433703608
5.825574233653813E-4      0.010743588238231142     0.08                     -1.0515392680997158E-9   5.825574233653813E-4     0.010743588238231142
6.169277323430145E-4      0.010327351235339965     0.08                     -1.494773666834858E-9    6.169277323430145E-4     0.010327351235339967
9.904578836171614E-4      0.010117685744617199     0.08                     -9.943689973731945E-10   9.904578836171614E-4     0.0101176857446172
8.986342886078423E-4      0.010584281695952356     0.08                     -9.221721053799644E-10   8.986342886078423E-4     0.010584281695952354
9.786078610144336E-4      0.009612652425669492     0.08000000000000002      -9.402943793670089E-10   9.786078610144336E-4     0.009612652425669492
5.723067587268575E-4      0.008601313331090293     0.08000000000000002      -6.54798847116804E-10    5.723067587268573E-4     0.008601313331090293
9.721447455049216E-4      0.00897729865402443      0.08000000000000002      -6.992965576372535E-10   9.721447455049214E-4     0.008977298654024428
0.0013829601263524237     0.009984614846223493     0.08000000000000002      -7.120176502317837E-10   0.0013829601263524239    0.009984614846223495
9.743015883614224E-4      0.011057451004152109     0.08                     -6.816727349741726E-10   9.743015883614224E-4     0.011057451004152107
0.0012273974018887795     0.010755291150346541     0.08                     -6.808813331386001E-10   0.0012273974018887795    0.010755291150346541
0.0013278578245999894     0.010375334840371099     0.08                     -7.134026299299356E-10   0.0013278578245999892    0.010375334840371099
4.4801320253269155E-5     0.008210429659902842     0.08                     -5.547369618061384E-10   4.4801320253269155E-5    0.008210429659902842
-7.138303276274854E-4     0.01156190688998637      0.07999999999999999      -5.711322823597422E-10   -7.138303276274854E-4    0.01156190688998637
7.59004002699233E-4       0.008179311942553894     0.08000000000000002      -5.039583320401364E-10   7.59004002699233E-4      0.008179311942553894
0.001399779821035169      0.009297610779306447     0.08                     -6.327044796586897E-10   0.001399779821035169     0.009297610779306449
0.0013840619036268173     0.009627481433296834     0.08                     -6.870987579115248E-10   0.0013840619036268173    0.009627481433296834
0.0017210833219204686     0.009208316021985505     0.08                     -5.231084867625107E-10   0.0017210833219204686    0.009208316021985505
0.001581510869786174      0.010689614417822783     0.08                     -5.688114843397636E-10   0.0015815108697861742    0.010689614417822783
