% Model:              pcal_mirror_deformation_3d_2beams.mph
% Version:            COMSOL 5.6.0.401
% Date:               Nov 26 2025, 10:29
% Dimension:          3
% Nodes:              1158
% Expressions:        3
% Description:        Displacement field, Z component, x-coordinate, y-coordinate
% Length unit:        m
% X                       Y                        Z                        w (m)                    x (m)                    y (m)
-0.05573575828807775      -0.050184747272377414    0.08                     -5.141441817028289E-12   -0.05573575828807775     -0.05018474727237741
-0.05018470437959347      -0.0557357969065981      0.08000000000000002      -5.3754869770999806E-12  -0.05018470437959347     -0.0557357969065981
-0.048405584175731126     -0.04742953490616882     0.07999999999999999      -9.197821473022258E-12   -0.048405584175731126    -0.04742953490616882
-0.05316607630005113      -0.042935780551693385    0.07999999999999999      -8.645823302759525E-12   -0.05316607630005112     -0.042935780551693385
-0.06067625057185087      -0.04408391809753979     0.07999999999999997      -4.904774651448658E-12   -0.060676250571850866    -0.04408391809753979
-0.04350826545046081      -0.05286548730944404     0.08                     -9.091383085577498E-12   -0.04350826545046082     -0.05286548730944405
-0.04408387140455927      -0.06067628449743351     0.08000000000000002      -5.604829570513064E-12   -0.04408387140455927     -0.06067628449743351
-0.03749991673258768      -0.0649518044021882      0.07999999999999999      -5.8177544694837555E-12  -0.03749991673258768     -0.0649518044021882
-0.03749709193241407      -0.05660934160899393     0.08                     -9.654599052347635E-12   -0.03749709193241407     -0.05660934160899394
-0.06495177554317576      -0.037499966716002406    0.08                     -4.690437277441626E-12   -0.06495177554317576     -0.037499966716002406
-0.057420527875399516     -0.03693612697622638     0.08                     -8.41001924364851E-12    -0.05742052787539952     -0.036936126976226384
-0.061204215726103316     -0.030967479906964003    0.08                     -8.003769259806996E-12   -0.061204215726103316    -0.030967479906964
-0.06851583108803186      -0.030505261385574422    0.07999999999999999      -4.484553790622413E-12   -0.06851583108803186     -0.030505261385574422
-0.031566632790559684     -0.060759679273475184    0.08                     -9.575440669662696E-12   -0.031566632790559684    -0.06075967927347519
-0.030505208658311148     -0.0685158545617348      0.08                     -6.009918193789349E-12   -0.030505208658311148    -0.0685158545617348
-0.023176256720120806     -0.07132922749615196     0.08                     -6.169835937183154E-12   -0.023176256720120806    -0.07132922749615196
-0.02508205930690377      -0.06318618663845314     0.08000000000000002      -1.0038626347299285E-11  -0.02508205930690377     -0.06318618663845314
-0.0713292096594843       -0.023176311611205702    0.07999999999999997      -4.300978966174835E-12   -0.0713292096594843      -0.023176311611205702
-0.06353169154322912      -0.02410109063385018     0.08                     -8.127226282498663E-12   -0.06353169154322912     -0.024101090633850183
-0.06598921976368428      -0.017689951118516796    0.08000000000000002      -7.75556194731562E-12    -0.06598921976368428     -0.017689951118516792
-0.07335999609166174      -0.015593239986274841    0.07999999999999997      -4.152113480721807E-12   -0.07335999609166174     -0.015593239986274841
-0.015593346475658632     -0.07336097335751122     0.08000000000000002      -6.283297553390631E-12   -0.015593346475658632    -0.07336097335751122
-0.018277635256470737     -0.06589529519589771     0.07999999999999999      -9.979182865419174E-12   -0.018277635256470737    -0.06589529519589771
-0.007839626105999796     -0.07458908596708065     0.08                     -6.357362309261217E-12   -0.007839626105999796    -0.07458908596708065
-0.011469390910730647     -0.06698617975774955     0.08                     -1.0328237261373895E-11  -0.011469390910730647    -0.06698617975774955
-0.005                    -0.01                    0.08                     -2.9297993266382825E-10  -0.005                   -0.01
-0.006570038050881653     -0.010851528894774858    0.08000000000000002      -2.2200230970393255E-10  -0.006570038050881653    -0.010851528894774858
-0.004821315127306367     -0.011324683210969286    0.07999999999999997      -2.9047459792758247E-10  -0.004821315127306367    -0.011324683210969286
-0.003376559071195433     -0.013687653657626966    0.08000000000000003      -2.8579858253536965E-10  -0.003376559071195433    -0.013687653657626966
-0.004247890876501795     -0.01263729765078543     0.07999999999999999      -2.873080562565077E-10   -0.004247890876501795    -0.01263729765078543
-0.004131435746321216     -0.014468078978769582    0.08000000000000002      -2.345123801919505E-10   -0.004131435746321216    -0.014468078978769583
-0.0024458011775784798    -0.014360961382251555    0.08000000000000002      -2.845074558716342E-10   -0.0024458011775784798   -0.014360961382251555
-0.07458787050279471      -0.007839467289912918    0.07999999999999997      -4.035536242847965E-12   -0.07458787050279471     -0.007839467289912918
-0.0672330783681145       -0.010461797641550037    0.08                     -7.745692249676927E-12   -0.0672330783681145      -0.010461797641550037
-0.06813770511802637      -0.003417924669675061    0.08                     -7.541885547239986E-12   -0.06813770511802637     -0.003417924669675061
-0.075                    0                        0.08                     -3.9556248557626455E-12  -0.075                   0
-0.004831745937772878     -0.008713846238019608    0.08                     -2.968910770698702E-10   -0.004831745937772878    -0.008713846238019608
-0.0068374721232225474    -0.009007476535766577    0.08                     -2.1772280378873087E-10  -0.0068374721232225474   -0.009007476535766576
-0.006216473599648845     -0.012431468876500866    0.08                     -2.1757019173804543E-10  -0.006216473599648845    -0.012431468876500866
0                         -0.075                   0.08                     -6.3842962058220655E-12  0                        -0.075
-0.004210198382387848     -0.06815114810324761     0.08000000000000002      -1.0214247292444914E-11  -0.004210198382387848    -0.06815114810324761
0.007839467289912918      -0.07458787050279471     0.07999999999999997      -6.35595256517866E-12    0.007839467289912918     -0.07458787050279471
0.0026728316342477017     -0.0680452847893545      0.08                     -1.032136597823327E-11   0.0026728316342477017    -0.0680452847893545
-0.004360961382292832     -0.007554198822495112    0.08                     -3.006612681107049E-10   -0.004360961382292832    -0.007554198822495112
-0.005675582773011823     -0.00759642624624899     0.08000000000000002      -2.4709544605952017E-10  -0.005675582773011823    -0.00759642624624899
-0.003687653657716764     -0.00662344092890265     0.08                     -3.0494983091380197E-10  -0.003687653657716764    -0.00662344092890265
-0.0044133756938468174    -0.005915487402914303    0.08                     -2.597480793939675E-10   -0.0044133756938468174   -0.005915487402914303
-0.002637297650954099     -0.005752109123602918    0.07999999999999999      -3.0844264871860576E-10  -0.002637297650954099    -0.005752109123602918
-0.001286153762029207     -0.014831745937759882    0.08000000000000002      -2.839545166265059E-10   -0.001286153762029207    -0.014831745937759882
-0.0023325493265836973    -0.01611303506586157     0.08                     -2.164847775369887E-10   -0.0023325493265836973   -0.016113035065861567
-8.874632712373258E-4     -0.015937772025586328    0.08                     -2.356590105467475E-10   -8.874632712373258E-4    -0.015937772025586328
0                         -0.015                   0.08                     -2.8340974489180727E-10  0                        -0.015
-0.07458908596708065      0.007839626105999796     0.08                     -3.911550841067164E-12   -0.07458908596708065     0.007839626105999796
-0.06782793103342658      0.0037757021074265942    0.08                     -7.624085689661377E-12   -0.06782793103342656     0.0037757021074265942
-0.07336097335751122      0.015593346475658632     0.08000000000000002      -3.906499618714047E-12   -0.07336097335751122     0.015593346475658632
-0.06741015645960055      0.011143955212252747     0.08                     -7.396763989061345E-12   -0.06741015645960056     0.011143955212252747
-0.0047773372267992074    0.008524517391391309     0.08                     -2.6334586818407684E-10  -0.0047773372267992074   0.008524517391391309
-0.005804299277798023     0.007230787005250872     0.08                     -2.1561140862395485E-10  -0.005804299277798023    0.007230787005250872
-0.004065691983301393     0.007089648024956218     0.08                     -2.69282804392256E-10    -0.004065691983301393    0.007089648024956218
-0.004519824337432865     0.00558767072858949      0.08000000000000002      -2.274280842169489E-10   -0.004519824337432865    0.00558767072858949
-0.002910348847263383     0.005934305777723038     0.08000000000000002      -2.7542512759590167E-10  -0.002910348847263383    0.005934305777723037
-0.006025034712374113     0.008975113601215404     0.08                     -2.1832480008100896E-10  -0.006025034712374113    0.008975113601215404
-0.005                    0.01                     0.08                     -2.583732452408001E-10   -0.005                   0.01
-0.001324683211040546     -0.005178684872713197    0.07999999999999997      -3.1193591062583497E-10  -0.001324683211040546    -0.005178684872713197
-0.0023646300348536264    -0.003627417496696303    0.07999999999999999      -2.462637755535185E-10   -0.0023646300348536264   -0.003627417496696303
0.015593239986274841      -0.07335999609166174     0.07999999999999997      -6.284939661877592E-12   0.015593239986274841     -0.07335999609166174
0.010208905610299595      -0.06751745977646718     0.08                     -1.0162602259922067E-11  0.010208905610299595     -0.06751745977646718
0.023176311611205702      -0.0713292096594843      0.07999999999999997      -6.168881726921302E-12   0.023176311611205702     -0.0713292096594843
0.016770891627124352      -0.06584276250196022     0.08                     -1.0251380746245161E-11  0.016770891627124352     -0.06584276250196021
-0.002953655771652037     0.004273141711260933     0.08                     -2.330166250468672E-10   -0.002953655771652037    0.004273141711260933
-0.0014754789327581495    0.005222661637903298     0.08000000000000002      -2.7957953806926026E-10  -0.0014754789327581497   0.005222661637903299
8.587779198765393E-4      -0.016722817573710837    0.08                     -2.08446121651181E-10    8.587779198765393E-4     -0.016722817573710833
0.001475482608514967      -0.014777337226828155    0.07999999999999999      -2.8376730621210656E-10  0.001475482608514967     -0.014777337226828155
-0.07132922749615196      0.023176256720120806     0.08                     -3.939424693219439E-12   -0.07132922749615196     0.023176256720120806
-0.06548005595683196      0.01828673225565683      0.08                     -7.587184738491407E-12   -0.06548005595683194     0.01828673225565683
-0.0685158545617348       0.030505208658311148     0.08                     -4.005404231105733E-12   -0.0685158545617348      0.030505208658311148
-0.06358157972469641      0.02482118284834644      0.08000000000000002      -7.504235268667662E-12   -0.06358157972469641     0.024821182848346442
-0.004777338362125629     0.011475478932664495     0.08                     -2.544313605922998E-10   -0.004777338362125629    0.011475478932664493
-0.0069862328894422475    0.010875171962280931     0.08                     -1.8741808450458916E-10  -0.006986232889442249    0.01087517196228093
-0.004065694222392078     0.01291034884710257      0.08000000000000002      -2.506442583138039E-10   -0.004065694222392078    0.01291034884710257
-0.006003502870660555     0.013004218634044717     0.07999999999999999      -1.9063164306821145E-10  -0.006003502870660555    0.013004218634044717
-0.0010009599974780854    0.0035488018518716954    0.07999999999999999      -2.3734438110270243E-10  -0.0010009599974780854   0.0035488018518716954
0                         0.005                    0.08                     -2.8135239464820607E-10  0                        0.005
0                         -0.005                   0.08                     -3.1338537430242E-10     0                        -0.005
-6.439385508796198E-4     -0.0033279491413074347   0.08000000000000002      -2.5226145712625953E-10  -6.439385508796198E-4    -0.0033279491413074347
0.030505261385574422      -0.06851583108803186     0.07999999999999999      -6.007692819823891E-12   0.030505261385574422     -0.06851583108803186
0.02398772317285287       -0.06388486625902876     0.08                     -9.926749089160329E-12   0.02398772317285287      -0.06388486625902877
0.037499966716002406      -0.06495177554317576     0.08                     -5.821417028629704E-12   0.037499966716002406     -0.06495177554317576
0.03003631685734354       -0.06088284021995245     0.08                     -9.938703468683016E-12   0.03003631685734354      -0.060882840219952446
0.0029103519748828596     -0.014065691983416586    0.07999999999999999      -2.8528790208017825E-10  0.002910351974882859     -0.014065691983416584
0.002968459895262874      -0.015832748225623035    0.08                     -2.1614603083610433E-10  0.002968459895262874     -0.01583274822562303
0.004065694222392078      -0.01291034884710257     0.08000000000000002      -2.868309770893001E-10   0.004065694222392078     -0.01291034884710257
0.004680097167902339      -0.014591854187668167    0.08000000000000002      -2.180435840576293E-10   0.004680097167902339     -0.014591854187668169
-0.0649518044021882       0.03749991673258768      0.07999999999999999      -4.095128778687301E-12   -0.0649518044021882      0.03749991673258768
-0.060161389146052804     0.031332919118555284     0.08000000000000002      -7.813951487638644E-12   -0.0601613891460528      0.031332919118555284
-0.06067628449743351      0.04408387140455927      0.08000000000000002      -4.21003234624232E-12    -0.06067628449743351     0.04408387140455927
-0.05697199976953438      0.03731684205752775      0.08000000000000002      -7.787547457472487E-12   -0.05697199976953438     0.03731684205752775
-0.0029103519748828596    0.014065691983416586     0.07999999999999999      -2.476858386471528E-10   -0.002910351974882859    0.014065691983416584
-0.004647290407902956     0.014749718462917852     0.08                     -1.8886251494133658E-10  -0.004647290407902956    0.014749718462917852
0.00150379291280504       0.005231498731483655     0.07999999999999996      -2.7959440747269534E-10  0.00150379291280504      0.005231498731483655
0.0010613041420234233     0.0035905976312410673    0.08                     -2.3799072763711476E-10  0.0010613041420234233    0.0035905976312410673
0.0014754789327581495     -0.005222661637903298    0.08000000000000002      -3.1184695885876803E-10  0.0014754789327581497    -0.005222661637903299
0.001122731128283802      -0.003587684619512463    0.08                     -2.5653126322912164E-10  0.001122731128283802     -0.003587684619512463
0.002910348847263383      -0.005934305777723038    0.08000000000000002      -3.0799521725878826E-10  0.002910348847263383     -0.005934305777723037
0.0030558694740794277     -0.004273237180614543    0.08                     -2.5183979953918173E-10  0.0030558694740794277    -0.004273237180614543
0.04408391809753979       -0.06067625057185087     0.07999999999999997      -5.608509773936721E-12   0.04408391809753979      -0.060676250571850866
0.036759620959286435      -0.05749982801165714     0.08                     -9.502688016887926E-12   0.03675962095928643      -0.05749982801165714
0.050184747272377414      -0.05573575828807775     0.08                     -5.378162095876195E-12   0.05018474727237741      -0.05573575828807775
0.042073421887858994      -0.05326465634389077     0.08                     -9.467678450905406E-12   0.042073421887859        -0.05326465634389077
0.004777338362125629      -0.011475478932664495    0.08                     -2.899122433901188E-10   0.004777338362125629     -0.011475478932664493
0.005793682472830956      -0.012833235199418133    0.08                     -2.24468606045253E-10    0.005793682472830956     -0.012833235199418133
0.005                     -0.01                    0.08                     -2.931117653940309E-10   0.005                    -0.01
0.006250889872783997      -0.010935293706621607    0.08000000000000002      -2.3217162515858925E-10  0.006250889872783996     -0.010935293706621607
0.004065691983301393      -0.007089648024956218    0.08                     -3.0248466701644757E-10  0.004065691983301393     -0.007089648024956218
0.004571823213845423      -0.005531275255923354    0.08                     -2.4781664523851766E-10  0.004571823213845423     -0.005531275255923354
0.0047773372267992074     -0.008524517391391309    0.08                     -2.9722299286749724E-10  0.0047773372267992074    -0.008524517391391309
0.0063384729174203215     -0.009014090603155903    0.08                     -2.3367258669004054E-10  0.006338472917420321     -0.009014090603155903
-0.0557357969065981       0.05018470437959347      0.08000000000000002      -4.340209100139638E-12   -0.0557357969065981      0.05018470437959347
-0.05242386593118685      0.04319773099273349      0.08                     -8.029651270218445E-12   -0.05242386593118686     0.04319773099273349
-0.050184747272377414     0.05573575828807775      0.08                     -4.483632151971553E-12   -0.05018474727237741     0.05573575828807775
-0.0478835622877648       0.04848175641213875      0.08                     -8.074109699508971E-12   -0.0478835622877648      0.04848175641213875
-0.001475482608514967     0.014777337226828155     0.07999999999999999      -2.4639434543791416E-10  -0.001475482608514967    0.014777337226828155
-0.0028441044750288774    0.016011927613174527     0.08                     -1.8669135971228506E-10  -0.0028441044750288774   0.016011927613174524
0.0029603311992835        0.0059705545767946185    0.07999999999999997      -2.747071125206963E-10   0.0029603311992835       0.0059705545767946185
0.0029984244450129184     0.004189894033919554     0.08                     -2.3106727272799715E-10  0.0029984244450129184    0.004189894033919554
0.005735834270511643      -0.007115034567847775    0.08                     -2.39422974158362E-10    0.005735834270511643     -0.007115034567847775
0.004636590889809351      0.005410891012884098     0.08                     -2.2249067016903047E-10  0.004636590889809351     0.005410891012884098
0.004118844739576081      0.007165373966559121     0.08000000000000002      -2.6891361808659853E-10  0.004118844739576081     0.007165373966559121
0.005883154368940949      0.007061666164414823     0.08000000000000002      -2.1206503714353349E-10  0.005883154368940949     0.007061666164414823
0.0048107433172255324     0.008637380739432238     0.08000000000000002      -2.627903385507219E-10   0.0048107433172255324    0.008637380739432238
0.0557357969065981        -0.05018470437959347     0.08000000000000002      -5.146932189244675E-12   0.0557357969065981       -0.05018470437959347
0.04793362757637803       -0.0481736123135512      0.08000000000000002      -9.129162327826354E-12   0.04793362757637803      -0.04817361231355121
-0.04408391809753979      0.06067625057185087      0.07999999999999997      -4.6285327836705805E-12  -0.04408391809753979     0.060676250571850866
-0.042203603293667395     0.05311809856722808      0.07999999999999999      -8.399865015491641E-12   -0.042203603293667395    0.05311809856722808
-0.037499966716002406     0.06495177554317576      0.08                     -4.769002956396418E-12   -0.037499966716002406    0.06495177554317576
-0.03656136188819077      0.0573242602393969       0.08000000000000002      -8.480867588490308E-12   -0.036561361888190765    0.0573242602393969
0                         0.015                    0.08                     -2.45550338302028E-10    0                        0.015
-6.737316681629836E-4     0.016831011090825465     0.08                     -1.8019076303591133E-10  -6.737316681629836E-4    0.016831011090825465
0.0010722687953281414     0.015813200623079428     0.08                     -2.0870320724076564E-10  0.0010722687953281414    0.015813200623079428
0.0013893906024366957     0.01480308058320598      0.08000000000000002      -2.461129443377448E-10   0.0013893906024366957    0.01480308058320598
0.0027038920677831093     0.014205817759446538     0.08                     -2.476075247408626E-10   0.0027038920677831097    0.014205817759446538
0.0025718246205772254     0.01577050139479036      0.08                     -1.9628559734376586E-10  0.0025718246205772254    0.01577050139479036
0.0037106514917051208     0.013351267665260281     0.08                     -2.495222958743422E-10   0.0037106514917051208    0.013351267665260281
0.003864476878730601      0.015126828218926261     0.08                     -1.9445244839225993E-10  0.003864476878730601     0.015126828218926261
0.005546068235929732      0.01185969987472596      0.08                     -2.1908745698950017E-10  0.005546068235929732     0.01185969987472596
0.004393447699070962      0.012386957415555854     0.08                     -2.518509546415171E-10   0.004393447699070962     0.012386957415555852
0.004855749373536816      0.01119218308191315      0.07999999999999999      -2.5472517318287783E-10  0.004855749373536816     0.01119218308191315
0.005                     0.01                     0.08                     -2.581041272392345E-10   0.005                    0.01
0.0062004524995635905     0.010745863790699195     0.08                     -2.0905262871819632E-10  0.0062004524995635905    0.010745863790699195
0.005396886233791448      0.013293630451093871     0.07999999999999999      -2.0086215587855528E-10  0.005396886233791448     0.013293630451093871
0.006406402359046083      0.008926759565563339     0.08                     -2.0695571210674182E-10  0.006406402359046083     0.008926759565563339
0.06067628449743351       -0.04408387140455927     0.08000000000000002      -4.9131942701757975E-12  0.06067628449743351      -0.04408387140455927
0.051850352556500015      -0.04302304192891837     0.08                     -9.204276013705295E-12   0.05185035255650001      -0.04302304192891837
-0.030505261385574422     0.06851583108803186      0.07999999999999999      -4.892917838575649E-12   -0.030505261385574422    0.06851583108803186
-0.03011764168902565      0.06045550862003046      0.07999999999999999      -8.870762422343757E-12   -0.030117641689025646    0.06045550862003046
-0.023176311611205702     0.0713292096594843       0.07999999999999997      -5.002281576058511E-12   -0.023176311611205702    0.0713292096594843
-0.024083509378398125     0.06360046589205476      0.08                     -8.748823390415862E-12   -0.024083509378398125    0.06360046589205476
0.0649518044021882        -0.03749991673258768     0.07999999999999999      -4.687143497070161E-12   0.0649518044021882       -0.03749991673258768
0.05663566329610305       -0.03695480611948336     0.08000000000000002      -8.781392026204096E-12   0.05663566329610304      -0.03695480611948337
0.0685158545617348        -0.030505208658311148    0.08                     -4.4817865414795074E-12  0.0685158545617348       -0.030505208658311148
0.06034842807165677       -0.030960679033095774    0.08                     -8.427629817992533E-12   0.060348428071656766     -0.03096067903309577
-0.015593239986274841     0.07335999609166174      0.07999999999999997      -5.078429936457062E-12   -0.015593239986274841    0.07335999609166174
-0.016974416766999238     0.06545042204197521      0.08                     -9.070572720103824E-12   -0.016974416766999238    0.06545042204197521
-0.007839467289912918     0.07458787050279471      0.07999999999999997      -5.126786492259547E-12   -0.007839467289912918    0.07458787050279471
-0.010384521205512358     0.06726465502121276      0.08                     -8.898365309389548E-12   -0.010384521205512358    0.06726465502121276
0.07132922749615196       -0.023176256720120806    0.08                     -4.304974273608041E-12   0.07132922749615196      -0.023176256720120806
0.06332984854941667       -0.024202680278937933    0.08000000000000002      -8.211783782877233E-12   0.06332984854941669      -0.024202680278937933
0                         0.075                    0.08                     -5.145184050209862E-12   0                        0.075
-0.0030495017667038354    0.06753141011154648      0.08000000000000002      -9.18476834397206E-12    -0.0030495017667038354   0.0675314101115465
0.07336097335751122       -0.015593346475658632    0.08000000000000002      -4.154633050092718E-12   0.07336097335751122      -0.015593346475658632
0.06517255089189522       -0.018187272655418696    0.08                     -8.11503595401001E-12    0.06517255089189522      -0.018187272655418696
0.007839626105999796      0.07458908596708065      0.08                     -5.127337300727938E-12   0.007839626105999796     0.07458908596708065
0.0040017156389540245     0.06790115855970903      0.08                     -8.959655517642197E-12   0.0040017156389540245    0.06790115855970903
0.07458908596708065       -0.007839626105999796    0.08                     -4.034954847866659E-12   0.07458908596708065      -0.007839626105999796
0.06676916596207998       -0.011326543874759044    0.08                     -7.926638949716116E-12   0.06676916596207998      -0.011326543874759044
0.015593346475658632      0.07336097335751122      0.08000000000000002      -5.0752816563015826E-12  0.015593346475658632     0.07336097335751122
0.01102916978503761       0.06656307937537068      0.08000000000000002      -9.215222091752132E-12   0.01102916978503761      0.06656307937537066
0.075                     0                        0.08                     -3.9575937190767854E-12  0.075                    0
0.06765171744523764       -0.004013005513113059    0.08000000000000002      -7.784626346993402E-12   0.06765171744523764      -0.004013005513113059
0.023176256720120806      0.07132922749615196      0.08                     -4.997520219876522E-12   0.023176256720120806     0.07132922749615196
0.01770093847102603       0.065565622786908        0.08                     -8.900624689346757E-12   0.017700938471026027     0.06556562278690801
0.07458787050279471       0.007839467289912918     0.07999999999999997      -3.912666339049974E-12   0.07458787050279471      0.007839467289912918
0.06775609766471091       0.0030852188095460698    0.08                     -7.68532298437475E-12    0.06775609766471091      0.0030852188095460698
0.030505208658311148      0.0685158545617348       0.08                     -4.895761448355986E-12   0.030505208658311148     0.0685158545617348
0.024389880316933912      0.06300668786228442      0.08                     -8.981481278369736E-12   0.024389880316933912     0.06300668786228442
0.07335999609166174       0.015593239986274841     0.07999999999999997      -3.911874867291038E-12   0.07335999609166174      0.015593239986274841
0.06698239477082364       0.009843848951441574     0.08                     -7.722501123282478E-12   0.06698239477082364      0.009843848951441574
0.03749991673258768       0.0649518044021882       0.07999999999999999      -4.771081683514825E-12   0.03749991673258768      0.0649518044021882
0.031058474687978857      0.060431611736695534     0.07999999999999999      -8.643461629820525E-12   0.031058474687978854     0.060431611736695534
0.0713292096594843        0.023176311611205702     0.07999999999999997      -3.945661358844192E-12   0.0713292096594843       0.023176311611205702
0.06541692910867028       0.016686652927651036     0.08                     -7.828974810143829E-12   0.06541692910867027      0.016686652927651036
0.04408387140455927       0.06067628449743351      0.08000000000000002      -4.632863854868352E-12   0.04408387140455927      0.06067628449743351
0.03711986725034677       0.05647341473030999      0.08                     -8.679260399504897E-12   0.03711986725034677      0.056473414730309986
0.06851583108803186       0.030505261385574422     0.07999999999999999      -4.005673399252333E-12   0.06851583108803186      0.030505261385574422
0.06326376312324912       0.02365060805037067      0.08                     -7.866660332070032E-12   0.06326376312324912      0.02365060805037067
0.05018470437959347       0.0557357969065981       0.08000000000000002      -4.489434382280323E-12   0.05018470437959347      0.0557357969065981
0.04294260539481959       0.052500388235338605     0.07999999999999999      -8.385338286232508E-12   0.04294260539481959      0.0525003882353386
0.06495177554317576       0.037499966716002406     0.08                     -4.0994363525854435E-12  0.06495177554317576      0.037499966716002406
0.06049601315294743       0.0302786866200647       0.08                     -7.89733963011818E-12    0.06049601315294743      0.030278686620064697
0.05573575828807775       0.050184747272377414     0.08                     -4.345481729067074E-12   0.05573575828807775      0.05018474727237741
0.04805125913425376       0.04720698372224302      0.07999999999999999      -8.460702986936447E-12   0.04805125913425376      0.04720698372224302
0.06067625057185087       0.04408391809753979      0.07999999999999997      -4.2189572330214855E-12  0.060676250571850866     0.04408391809753979
0.05693620547067606       0.036178816514673806     0.08                     -8.113662254302893E-12   0.056936205470676064     0.036178816514673806
0.05284487620976966       0.0422377646937237       0.08                     -8.155267108797625E-12   0.05284487620976965      0.0422377646937237
-0.0032483668414055736    -0.012795363068945794    0.07999999999999999      -3.3434017110328604E-10  -0.003248366841405573    -0.012795363068945796
-0.0038927405828590575    -0.011759951822292324    0.08                     -3.3752951130478923E-10  -0.003892740582859058    -0.011759951822292324
-0.004058834426578604     -0.008484812515783535    0.07999999999999999      -3.4164613994862105E-10  -0.004058834426578604    -0.008484812515783535
-0.00355279954887097      -0.007521781073801248    0.08                     -3.4516355586266484E-10  -0.0035527995488709705   -0.007521781073801248
-0.0024828476951255433    -0.013583453136691773    0.08                     -3.272063401029161E-10   -0.0024828476951255433   -0.013583453136691773
-0.0015480342266892548    -0.014074696497242419    0.08000000000000002      -3.2640665657715653E-10  -0.0015480342266892546   -0.014074696497242417
-0.004246937000106772     -0.01065329127556389     0.07999999999999999      -3.373025176257299E-10   -0.004246937000106772    -0.010653291275563888
-0.004298339075442309     -0.009539545320198094    0.08                     -3.382806992118449E-10   -0.0042983390754423095   -0.009539545320198094
-0.0028107846010471454    -0.006820309364857926    0.07999999999999999      -3.5477090940619757E-10  -0.002810784601047146    -0.006820309364857926
-5.136968404788017E-4     -0.014306955594285162    0.08                     -3.2755658073834903E-10  -5.136968404788017E-4    -0.01430695559428516
-0.001777547467371182     -0.006165501111540693    0.08                     -3.5819590257407817E-10  -0.0017775474673711823   -0.006165501111540693
6.583506164555071E-4      -0.014177388310129956    0.07999999999999999      -3.359930727899682E-10   6.583506164555071E-4     -0.014177388310129957
0.0018131403411903572     -0.013741235415576902    0.08                     -3.4264885913467203E-10  0.001813140341190357     -0.013741235415576902
-6.382564092040001E-4     -0.005798071277762873    0.07999999999999999      -3.5885084685172584E-10  -6.38256409204E-4        -0.005798071277762873
5.740164176827769E-4      -0.005861371856908064    0.08                     -3.646511427364252E-10   5.740164176827769E-4     -0.005861371856908063
0.00284921295341166       -0.012997145411841863    0.08                     -3.4548736828434876E-10  0.0028492129534116594    -0.012997145411841863
0.0036949183007476223     -0.01189432993979604     0.08                     -3.464300256279252E-10   0.0036949183007476227    -0.01189432993979604
0.0018237681924603865     -0.006299683852721716    0.08000000000000002      -3.6608859232385516E-10  0.0018237681924603863    -0.006299683852721716
0.004122769133698682      -0.010618234603508378    0.08                     -3.4798621716417905E-10  0.004122769133698682     -0.010618234603508376
0.004144365965697717      -0.009334554303658012    0.08000000000000002      -3.49110407140967E-10    0.004144365965697717     -0.009334554303658012
0.0036768674848250745     -0.00810096367940964     0.08                     -3.584370287306889E-10   0.003676867484825075     -0.00810096367940964
0.0028785240430169155     -0.007063867161772789    0.07999999999999999      -3.63908897726195E-10    0.0028785240430169155    -0.00706386716177279
-0.004159584827087923     0.010560769792970052     0.07999999999999999      -3.0193137499215924E-10  -0.004159584827087923    0.01056076979297005
-0.0041689113236337266    0.009325402134250834     0.08                     -3.040657245725626E-10   -0.004168911323633727    0.009325402134250834
-0.003742372482471718     0.008097369588599187     0.07999999999999999      -3.1031023736990616E-10  -0.0037423724824717174   0.008097369588599189
-0.0029025415942258584    0.007003633711320233     0.07999999999999999      -3.1663879479737106E-10  -0.002902541594225858    0.007003633711320233
-0.0017693940280334173    0.006226397840550486     0.08                     -3.200876140615283E-10   -0.001769394028033417    0.006226397840550486
-0.0037543407097380757    0.011743114389041243     0.07999999999999999      -3.0247344159231943E-10  -0.0037543407097380757   0.011743114389041243
-5.777886736840107E-4     0.005823863805773864     0.08                     -3.1900212311565764E-10  -5.777886736840107E-4    0.005823863805773864
-0.0030403446575136854    0.012810038024512065     0.08000000000000002      -2.9920244770848276E-10  -0.003040344657513686    0.012810038024512067
6.287609448814545E-4      0.005862840431169502     0.08                     -3.21113239601426E-10    6.287609448814543E-4     0.005862840431169503
0.0018233097212726483     0.006286382357943244     0.08                     -3.21980964609486E-10    0.0018233097212726481    0.006286382357943244
0.00290440750655171       0.007067011160312895     0.08000000000000002      -3.1879932697671094E-10  0.00290440750655171      0.007067011160312894
-0.0019269451881902939    0.013671534074431198     0.08000000000000002      -2.958922782230542E-10   -0.001926945188190294    0.013671534074431198
-6.893670276729206E-4     0.014135021544753773     0.08                     -2.916894827527343E-10   -6.893670276729206E-4    0.014135021544753773
5.509338322633381E-4      0.014197634644427358     0.07999999999999999      -2.8905304040780645E-10  5.509338322633381E-4     0.014197634644427358
0.0016995925500472493     0.013886333522536272     0.08000000000000002      -2.8912235637624157E-10  0.001699592550047249     0.01388633352253627
0.00397833980845674       0.011642484276596827     0.08000000000000002      -2.9147923668191375E-10  0.00397833980845674      0.011642484276596825
0.0034944107640298384     0.012563906662288592     0.08                     -2.8712824790810803E-10  0.003494410764029839     0.012563906662288593
0.0027491573052349258     0.013308295644191425     0.08                     -2.870296679896136E-10   0.0027491573052349258    0.013308295644191425
0.004280183311371561      0.010581534020789134     0.08                     -2.935010782661748E-10   0.004280183311371561     0.010581534020789136
0.003736903252837886      0.00818440233538921      0.07999999999999999      -3.121903306971778E-10   0.003736903252837886     0.00818440233538921
0.004153674520672958      0.009449193469817475     0.08                     -3.054693095649508E-10   0.004153674520672958     0.009449193469817473
-0.04262209514682512      -0.04616748424727988     0.07999999999999999      -1.2072682563929908E-11  -0.04262209514682512     -0.04616748424727988
-0.04551231094456534      -0.040834566104707634    0.08                     -1.2767222097656661E-11  -0.04551231094456534     -0.04083456610470764
-0.05135708333546178      -0.03684474932986527     0.07999999999999999      -1.1295231163777658E-11  -0.05135708333546178     -0.03684474932986527
-0.03701074393562635      -0.039764711050398624    0.08                     -1.7448131663124672E-11  -0.03701074393562636     -0.03976471105039863
-0.036103651326398534     -0.04947545777252017     0.07999999999999999      -1.3320420219042739E-11  -0.036103651326398534    -0.049475457772520166
-0.03212452175951993      -0.05418114812543642     0.08000000000000002      -1.2549987973374989E-11  -0.03212452175951993     -0.05418114812543642
-0.044582826401461835     -0.031385588242494614    0.08                     -1.6565212752296433E-11  -0.044582826401461835    -0.03138558824249461
-0.035957056120312844     -0.029061301415323683    0.08                     -2.37496843055077E-11    -0.03595705612031285     -0.02906130141532368
-0.05327820445799645      -0.030459307638533266    0.08                     -1.2034524263711156E-11  -0.05327820445799645     -0.03045930763853327
-0.057939378079572175     -0.025426726693442002    0.08                     -1.0730936506137329E-11  -0.05793937807957218     -0.025426726693442002
-0.04066744401867267      -0.021602056598903144    0.07999999999999999      -2.30223630621231E-11    -0.04066744401867267     -0.021602056598903144
-0.033712583595466604     -0.02133633623200918     0.08                     -3.057626180650336E-11   -0.033712583595466604    -0.02133633623200918
-0.02665500208856432      -0.02627674333813463     0.07999999999999999      -3.600187517077264E-11   -0.026655002088564313    -0.026276743338134626
-0.036148834645959374     -0.01451278814153232     0.08000000000000002      -3.076843135674099E-11   -0.03614883464595937     -0.014512788141532318
-0.028629221946655854     -0.03636122154734004     0.08000000000000002      -2.4833151637871993E-11  -0.02862922194665585     -0.03636122154734004
-0.02803708458960067      -0.046678254665199065    0.08                     -1.8075059691102097E-11  -0.028037084589600667    -0.04667825466519907
-0.025048759898894678     -0.05598804720621265     0.08000000000000002      -1.380236266243406E-11   -0.02504875989889468     -0.05598804720621265
-0.020237940979753802     -0.059433611391732775    0.08                     -1.3109386433775526E-11  -0.020237940979753802    -0.059433611391732775
-0.027836973825746073     -0.016923191510663994    0.08                     -4.3035919879356546E-11  -0.027836973825746073    -0.01692319151066399
-0.02115662864500017      -0.021103314838257815    0.08000000000000002      -5.29737660442055E-11    -0.02115662864500017     -0.021103314838257815
-0.009636079728058633     -0.014168806680819615    0.07999999999999999      -1.3753275244428352E-10  -0.009636079728058633    -0.014168806680819615
-0.01145223928977256      -0.011469499672667915    0.07999999999999999      -1.286842922873016E-10   -0.011452239289772558    -0.011469499672667915
-0.013503805491307162     -0.015320484002744023    0.08000000000000002      -9.791110874787624E-11   -0.013503805491307164    -0.015320484002744023
-0.020877186636692954     -0.033640818126964164    0.07999999999999999      -3.434034935965683E-11   -0.020877186636692954    -0.03364081812696417
-0.01850798343181643      -0.02666259647709178     0.07999999999999999      -4.8641017712681E-11     -0.018507983431816425    -0.026662596477091783
-0.014576338366734136     -0.03070523540643247     0.08                     -4.660448592503401E-11   -0.014576338366734134    -0.03070523540643247
-0.005807974847997745     -0.01412999632658015     0.08                     -2.0182405366454087E-10  -0.005807974847997745    -0.014129996326580152
-0.058312897086418236     -0.018551881790028098    0.08000000000000002      -1.164215780723744E-11   -0.058312897086418236    -0.018551881790028094
-0.04953105622549482      -0.021846985397598384    0.07999999999999999      -1.6195622390382978E-11  -0.049531056225494814    -0.021846985397598384
-0.0618093268209055       -0.012936562592508707    0.08                     -1.0395421336601027E-11  -0.061809326820905494    -0.012936562592508707
-0.044120089333223894     -0.01311532957033889     0.07999999999999999      -2.2279558540422042E-11  -0.044120089333223894    -0.013115329570338891
-0.03775733648345501      -0.006479774117712556    0.08                     -3.0683378872584216E-11  -0.03775733648345501     -0.006479774117712556
-0.030844245591543373     -0.009205916943874709    0.08                     -4.146888091966464E-11   -0.030844245591543373    -0.009205916943874709
-0.019474999075463444     -0.014918937511663649    0.07999999999999999      -6.85444617559442E-11    -0.019474999075463444    -0.014918937511663649
-0.014953898751578255     -0.011517412464821943    0.08000000000000002      -9.812590821243861E-11   -0.014953898751578255    -0.011517412464821943
-0.013244477127501993     -0.008211493031511662    0.08                     -1.1617453190461544E-10  -0.013244477127501991    -0.008211493031511662
-0.005297318227531647     -0.015768851571396424    0.08                     -1.8156666934910652E-10  -0.005297318227531648    -0.015768851571396427
-0.008631565305659436     -0.010026944401421115    0.08                     -1.7390832231452697E-10  -0.008631565305659436    -0.010026944401421115
-0.008347638027061764     -0.012146410378449081    0.08                     -1.7018852483078245E-10  -0.008347638027061762    -0.012146410378449081
-0.007517722811501726     -0.015501724552104093    0.08                     -1.5316272939030306E-10  -0.007517722811501725    -0.015501724552104093
-0.007457076519765035     -0.013626480747081414    0.08                     -1.741940696007609E-10   -0.007457076519765035    -0.013626480747081416
-0.02069310696789232      -0.041656270375914406    0.07999999999999999      -2.5551389934965964E-11  -0.02069310696789232     -0.041656270375914406
-0.017947998923085143     -0.05149873211994471     0.08                     -1.8595756825853888E-11  -0.017947998923085146    -0.05149873211994471
-0.012868535615635229     -0.05992120983055598     0.08                     -1.4203301988722389E-11  -0.012868535615635229    -0.05992120983055598
-0.007480766381430016     -0.06225744941090378     0.08000000000000002      -1.3421764011198059E-11  -0.007480766381430015    -0.06225744941090379
-0.010413210109291176     -0.008727086508002864    0.07999999999999999      -1.4641637688768337E-10  -0.010413210109291176    -0.008727086508002864
-0.010388146217478411     -0.005885734649238528    0.08                     -1.4528701182503582E-10  -0.010388146217478411    -0.005885734649238528
-0.008644220736814028     -0.008157345713015698    0.08                     -1.745928186489221E-10   -0.008644220736814028    -0.008157345713015698
-0.007301153682244165     -0.00656053944429754     0.07999999999999999      -1.94921345658296E-10    -0.007301153682244167    -0.00656053944429754
-0.008315905643767028     -0.004432390096978517    0.08                     -1.6788048820338424E-10  -0.008315905643767028    -0.004432390096978517
-0.005479425503437222     -0.0064067877141853954   0.08000000000000002      -2.380111754631242E-10   -0.005479425503437222    -0.0064067877141853954
-0.005814674160762742     -0.00477426787048689     0.08                     -2.0948934169715397E-10  -0.005814674160762742    -0.00477426787048689
-0.024063763815188103     -0.009542451641345956    0.07999999999999999      -5.82398481910675E-11    -0.024063763815188103    -0.009542451641345956
-0.014992895729984768     -0.02098397564288322     0.08                     -7.143738953160128E-11   -0.01499289572998477     -0.020983975642883217
-0.010178174653938193     -0.01748872486861925     0.08                     -1.1101954908547063E-10  -0.010178174653938193    -0.017488724868619247
-0.006951174835057805     -0.017950679541448814    0.08                     -1.3271375278683428E-10  -0.006951174835057805    -0.017950679541448814
-0.013619965423048493     -0.0369619907909573      0.08                     -3.6013234788976565E-11  -0.013619965423048495    -0.0369619907909573
-0.005018600700314896     -0.019762317364187543    0.07999999999999999      -1.265197376088711E-10   -0.005018600700314896    -0.019762317364187543
-0.008481374517177072     -0.021718237978966853    0.08                     -9.36651650703019E-11    -0.008481374517177072    -0.021718237978966853
-0.012353368488872439     -0.026495281412666154    0.08                     -6.133124061865647E-11   -0.012353368488872439    -0.026495281412666157
-0.009670392572646935     -0.031687205731853456    0.07999999999999999      -5.0391730232603915E-11  -0.009670392572646935    -0.031687205731853456
-0.003597353324808426     -0.015545173566795571    0.08                     -2.1487932725768014E-10  -0.0035973533248084264   -0.015545173566795573
-0.003789174874904152     -0.017558263292387667    0.08000000000000002      -1.6637227210429898E-10  -0.003789174874904152    -0.017558263292387664
-0.0013491951405917232    -0.018066862244623103    0.08                     -1.7124956290860116E-10  -0.0013491951405917232   -0.0180668622446231
-0.003038844244088224     -0.019839580091848753    0.08                     -1.347644276588599E-10   -0.003038844244088224    -0.019839580091848753
-0.05293515569902513      -0.01107919687414724     0.08000000000000002      -1.5717935516626303E-11  -0.05293515569902513     -0.01107919687414724
-0.060820316657501525     -0.006357686542517914    0.08                     -1.1330100583155235E-11  -0.06082031665750153     -0.006357686542517914
-0.06314488136878355      3.058965458219709E-4     0.08                     -1.0150522663781136E-11  -0.06314488136878355     3.058965458219709E-4
-0.04539158817205506      -0.0034121452511675088   0.08                     -2.223270076244599E-11   -0.04539158817205507     -0.0034121452511675088
-0.037833666480757214     0.0017340105124115518    0.08                     -3.078359010297912E-11   -0.03783366648075721     0.0017340105124115518
-0.02646128955569939      -0.0047205477208095425   0.07999999999999999      -5.3124686684352794E-11  -0.02646128955569939     -0.0047205477208095425
-0.0316783465440377       -0.0021027571293431024   0.08                     -4.118337355221751E-11   -0.0316783465440377      -0.0021027571293431024
-0.018487533503545078     -0.008497591302317677    0.08000000000000002      -8.120805577377215E-11   -0.018487533503545078    -0.008497591302317677
-0.020969923156954333     -0.0040011221626276225   0.07999999999999999      -7.189444508406585E-11   -0.020969923156954336    -0.0040011221626276225
-0.015057014724555218     -0.003928225443969181    0.08000000000000002      -1.030169900942304E-10   -0.015057014724555217    -0.003928225443969181
-0.010513062591781353     -0.002220380851164133    0.08                     -1.3803034637132773E-10  -0.010513062591781351    -0.002220380851164133
-0.031335126102242525     0.003471143999420362     0.08                     -4.132635697705236E-11   -0.031335126102242525    0.003471143999420362
-0.004118378280589266     -0.004088030155790193    0.08                     -2.3031784229460999E-10  -0.004118378280589266    -0.004088030155790193
-0.0037028491080420556    -0.0021922990064720607   0.08                     -2.1030298253054645E-10  -0.0037028491080420556   -0.0021922990064720607
-0.011404524212552107     -0.044347771250543025    0.08                     -2.7139357290943704E-11  -0.011404524212552107    -0.04434777125054302
-0.005465137446044576     -0.036920208042489744    0.08                     -4.090734510278233E-11   -0.005465137446044577    -0.036920208042489744
-0.006874899743027389     -0.05405793477829923     0.07999999999999999      -1.896601159039979E-11   -0.006874899743027388    -0.05405793477829923
-6.099752286034183E-4     -0.061283966136808136    0.08                     -1.4326867609277293E-11  -6.099752286034183E-4    -0.061283966136808136
0.005680149158924245      -0.06243944262535303     0.08                     -1.3440836193484973E-11  0.005680149158924245     -0.06243944262535304
-0.007420097248640522     -0.002623181772263547    0.08000000000000002      -1.7105813171200943E-10  -0.007420097248640523    -0.002623181772263547
-0.0076556013964970936    -3.5913914220055826E-4   0.07999999999999999      -1.6212109386283487E-10  -0.007655601396497094    -3.5913914220055826E-4
-0.007165473595601837     0.005398941211404697     0.08                     -1.7698243651962463E-10  -0.007165473595601837    0.005398941211404697
-0.004885298987412471     0.003503227031597056     0.08                     -1.9767326269169376E-10  -0.004885298987412471    0.003503227031597056
-0.007618139219330744     0.0026360786527699354    0.08                     -1.625773306868857E-10   -0.007618139219330744    0.0026360786527699354
-0.004610174604013768     2.4204523339083767E-4    0.07999999999999999      -1.898841913417701E-10   -0.0046101746040137686   2.4204523339083767E-4
-0.005549623355716599     -0.0020933881807408336   0.08                     -1.894374164269942E-10   -0.005549623355716599    -0.0020933881807408336
-0.00417186038207114      -0.022656283587474298    0.08                     -1.0165725911850921E-10  -0.004171860382071139    -0.022656283587474294
-0.007171639612008033     -0.026804553225501265    0.08                     -7.02308341692316E-11    -0.007171639612008034    -0.026804553225501265
-0.0049571442374178425    -0.030515506349135857    0.07999999999999999      -5.837812446858516E-11   -0.0049571442374178425   -0.030515506349135857
-8.597062757580761E-4     -0.032502902269747995    0.08                     -5.358711293487485E-11   -8.597062757580761E-4    -0.032502902269747995
0.0010112425792046242     -0.01865138612973368     0.08                     -1.6054727479818862E-10  0.0010112425792046242    -0.01865138612973368
-5.991860609296604E-4     -0.02135362548808588     0.08                     -1.2101596942806502E-10  -5.991860609296604E-4    -0.021353625488085875
-0.05390401265388747      4.826193788969868E-4     0.08000000000000002      -1.5540854798986314E-11  -0.05390401265388746     4.826193788969868E-4
-0.060939898221530855     0.006464879477892441     0.08                     -1.110698470865538E-11   -0.06093989822153085     0.006464879477892441
-0.061442014118504876     0.013664838057180037     0.08000000000000002      -1.020959157721377E-11   -0.061442014118504876    0.013664838057180037
-0.044780284152202296     0.006758509020106024     0.07999999999999999      -2.2276168624224754E-11  -0.0447802841522023      0.006758509020106024
-0.03509981542112949      0.009779576020167803     0.08                     -3.2991057576785736E-11  -0.03509981542112949     0.009779576020167805
-0.027876200153093923     0.007818672308875153     0.08                     -4.7319577091712254E-11  -0.02787620015309392     0.007818672308875153
-0.025402132085501523     0.0012011160565119222    0.08                     -5.629281638276438E-11   -0.02540213208550152     0.0012011160565119222
-0.008079113363631832     0.008292452791090317     0.08                     -1.693331543919827E-10   -0.008079113363631832    0.008292452791090317
-0.0106130304146509       0.001940723048829092     0.08                     -1.3373284567190231E-10  -0.0106130304146509      0.001940723048829092
-0.018362241017584376     7.023714654716962E-4     0.08000000000000002      -8.32760962899901E-11    -0.018362241017584376    7.023714654716962E-4
-0.009757889059867506     0.00523682009222802      0.08                     -1.4317407062890422E-10  -0.009757889059867506    0.00523682009222802
-0.013658474009001699     3.695684162861729E-4     0.08                     -1.1093738569349007E-10  -0.013658474009001697    3.695684162861729E-4
-0.00929454264869788      0.010687560215581808     0.08                     -1.4559785130406632E-10  -0.00929454264869788     0.010687560215581808
-0.020854483871104303     0.006115119435532931     0.08                     -6.966043544327496E-11   -0.020854483871104303    0.006115119435532931
-0.02884335966404807      0.01330412274590475      0.08                     -4.181317075031494E-11   -0.02884335966404807     0.013304122745904751
-0.0230019277515979       0.012092368819995522     0.07999999999999999      -5.6899038648002964E-11  -0.0230019277515979      0.012092368819995522
-0.0026567587537858067    0.0018866088712218357    0.08                     -2.0797551691467744E-10  -0.0026567587537858067   0.0018866088712218357
-0.001883524817543867     -0.001001183428831029    0.08000000000000002      -2.1296883686464684E-10  -0.001883524817543867    -0.001001183428831029
-0.0023299688179799164    -0.04572749129388158     0.08                     -2.747212492468013E-11   -0.0023299688179799164   -0.04572749129388159
0.0021162092839790685     -0.03825350557472768     0.08                     -3.910964370084596E-11   0.0021162092839790685    -0.03825350557472768
0.004331751519278389      -0.05435303841892627     0.07999999999999999      -1.8973112854926528E-11  0.004331751519278389     -0.05435303841892626
0.012049613825088866      -0.05986551010569861     0.08                     -1.4346077578506881E-11  0.012049613825088866     -0.05986551010569862
0.018640302409786157      -0.05995032917273353     0.08                     -1.316037676566656E-11   0.018640302409786157     -0.05995032917273353
0.0038105681212105055     -0.03265649874011967     0.08                     -5.220208435392059E-11   0.003810568121210506     -0.03265649874011967
-0.0015189682143215335    -0.026586290212835012    0.08                     -7.831699580077518E-11   -0.0015189682143215335   -0.026586290212835012
0.002432570152104064      -0.028980500197531657    0.08                     -6.59059193297544E-11    0.002432570152104064     -0.028980500197531657
0.0025052995684074226     -0.020274002211027556    0.07999999999999999      -1.3086603591971563E-10  0.0025052995684074226    -0.020274002211027556
0.0031751181207508236     -0.017990688676707306    0.08                     -1.6334100788422515E-10  0.0031751181207508236    -0.017990688676707306
0.0031438652598577057     -0.023969761890976604    0.07999999999999999      -9.326537138631953E-11   0.0031438652598577066    -0.023969761890976604
0.005204869624935245      -0.016694171972577804    0.08                     -1.6698392891541245E-10  0.005204869624935244     -0.016694171972577804
-0.053047561169471874     0.012085140860752346     0.08                     -1.5162131323250242E-11  -0.05304756116947186     0.012085140860752344
-0.05816098093961032      0.018827237326765        0.08                     -1.1222894796065638E-11  -0.058160980939610314    0.018827237326765
-0.057208633381781976     0.02609484705629212      0.08                     -1.0365488168583828E-11  -0.05720863338178197     0.02609484705629212
-0.04296171548560161      0.015608987795010187     0.08                     -2.2022717978958264E-11  -0.04296171548560162     0.015608987795010187
-0.008718622058753008     0.013011348808481274     0.08                     -1.4239773478574819E-10  -0.00871862205875301     0.013011348808481274
-0.033279273934063866     0.017978579139906803     0.08                     -3.16216740266764E-11    -0.03327927393406387     0.017978579139906803
-0.02644862930111994      0.017753812708494993     0.08                     -4.2697530544063004E-11  -0.02644862930111994     0.017753812708494993
-0.01155253284814645      0.00872526180803812      0.07999999999999999      -1.2315945876743235E-10  -0.011552532848146448    0.00872526180803812
-0.01443992626854284      0.004797973267564155     0.08                     -1.0345397517918592E-10  -0.014439926268542843    0.004797973267564155
-0.011720946677825264     0.012352240966043627     0.08                     -1.128438990860906E-10   -0.011720946677825264    0.012352240966043627
-0.016272929541765374     0.010501593000678107     0.08000000000000002      -8.58721254386605E-11    -0.016272929541765374    0.010501593000678109
-0.019858416299153275     0.016091803985978897     0.08000000000000002      -6.117125032997376E-11   -0.019858416299153275    0.016091803985978897
-0.00698616190132232      0.015404269867451886     0.08                     -1.4439249089207428E-10  -0.00698616190132232     0.015404269867451886
2.1596487775276882E-4     0.0012130841485643515    0.08                     -2.1375268484779166E-10  2.1596487775276882E-4    0.0012130841485643515
5.414510916496793E-4      -0.0014138370689748062   0.08                     -2.2106557580051746E-10  5.414510916496793E-4     -0.0014138370689748062
0.007373100180664957      -0.04541402216862654     0.08                     -2.7080679968643625E-11  0.007373100180664957     -0.04541402216862655
0.009587974317854273      -0.03599826697455928     0.08                     -4.061040621239606E-11   0.009587974317854272     -0.035998266974559275
0.015662720445774225      -0.05175358948963091     0.08                     -1.9034905859905657E-11  0.015662720445774225     -0.05175358948963092
0.024326315399124988      -0.05595167832351902     0.08000000000000002      -1.4022403077443208E-11  0.024326315399124988     -0.055951678323519015
0.030675792935757226      -0.054742870291838885    0.08                     -1.2749453277469569E-11  0.030675792935757222     -0.054742870291838885
0.007704066341143805      -0.02858439295063095     0.08                     -6.244258923515036E-11   0.007704066341143804     -0.02858439295063095
0.013314595559424467      -0.030676851171567154    0.08                     -4.837861536195716E-11   0.013314595559424467     -0.030676851171567154
0.005896881297128093      -0.020219467850606986    0.08                     -1.171619486538946E-10   0.005896881297128093     -0.02021946785060699
0.008105022887640853      -0.02321831271969004     0.08                     -8.605691882098352E-11   0.008105022887640853     -0.02321831271969004
0.006835321421396475      -0.014766286560860487    0.08                     -1.7195434518540905E-10  0.006835321421396476     -0.014766286560860487
0.007644843492617636      -0.016989383552627496    0.07999999999999999      -1.3603892604493275E-10  0.007644843492617637     -0.016989383552627496
0.007660782626097831      -0.012508137152252366    0.08000000000000002      -1.8074020985136572E-10  0.007660782626097831     -0.012508137152252366
-0.049084747317294425     0.02266040710731578      0.08                     -1.5568947407212108E-11  -0.04908474731729443     0.022660407107315785
-0.052887407510273        0.030462784254771107     0.08                     -1.1482510499585924E-11  -0.052887407510272995    0.03046278425477111
-0.050454835513496825     0.03728984381257229      0.08                     -1.0705487868438957E-11  -0.05045483551349682     0.03728984381257229
-0.038346709128025416     0.024378487004322477     0.08000000000000002      -2.2756552712442245E-11  -0.03834670912802541     0.024378487004322477
-0.010402272996393482     0.01571484113966111      0.08                     -1.089514378618188E-10   -0.010402272996393484    0.01571484113966111
-0.029619096966243697     0.023855671029399443     0.08                     -3.21760546602143E-11    -0.029619096966243697    0.023855671029399447
-0.02313020410365472      0.021916803886290435     0.08                     -4.424488095553148E-11   -0.02313020410365472     0.02191680388629044
-0.014461655605255308     0.015792369978536357     0.07999999999999999      -8.324679600743185E-11   -0.014461655605255308    0.01579236997853636
-0.017094100070786874     0.020284475146076716     0.07999999999999999      -6.132522000484113E-11   -0.017094100070786874    0.020284475146076716
-0.018618490080118944     0.024961709155035032     0.08                     -4.77798316821723E-11    -0.018618490080118944    0.024961709155035032
-0.0048741635374629395    0.017143809481788314     0.07999999999999999      -1.4463755755194772E-10  -0.0048741635374629395   0.017143809481788314
-0.00806719076674307      0.018418748679265275     0.08                     -1.0773195320766963E-10  -0.008067190766743072    0.01841874867926527
-0.002459644056666783     0.01824989354228594      0.08000000000000002      -1.438174051211446E-10   -0.002459644056666783    0.01824989354228594
0.002783825674581273      0.0019941444836321653    0.08                     -2.077166708351608E-10   0.002783825674581273     0.0019941444836321653
0.0027696294252078056     -0.002098919494505136    0.08                     -2.175083258594282E-10   0.0027696294252078056    -0.002098919494505136
0.0021633524067376404     -7.00706543710905E-5     0.08                     -2.0759011160912626E-10  0.0021633524067376404    -7.00706543710905E-5
0.004886911782789955      -0.003231349116721065    0.08                     -2.071217509569993E-10   0.004886911782789955     -0.003231349116721065
0.015915637026633525      -0.042869589447898995    0.07999999999999999      -2.6854063702068704E-11  0.015915637026633525     -0.04286958944789899
0.01711319920095885       -0.0351637360049292      0.08                     -3.589065600509347E-11   0.017113199200958853     -0.0351637360049292
0.026199479775175553      -0.04720020123083711     0.08                     -1.853836700677068E-11   0.026199479775175557     -0.04720020123083712
0.03528424180958295       -0.0496992709383541      0.07999999999999999      -1.3537306142071223E-11  0.03528424180958295      -0.0496992709383541
0.041283836496314286      -0.04717807719841527     0.08                     -1.2228315638602231E-11  0.041283836496314286     -0.04717807719841527
0.01381578543526946       -0.025010736267282195    0.07999999999999999      -6.258496226837686E-11   0.013815785435269458     -0.0250107362672822
0.017387048519952795      -0.02948767503876981     0.08                     -4.509121373244085E-11   0.017387048519952795     -0.02948767503876981
0.008090391129730142      -0.01002593300782495     0.08                     -1.8488037031575263E-10  0.008090391129730144     -0.01002593300782495
0.00672184643788017       -0.005167735647429644    0.07999999999999999      -1.9637257498269655E-10  0.006721846437880169     -0.005167735647429644
0.007897944181157999      -0.007502305359574954    0.08                     -1.875050636747171E-10   0.007897944181157997     -0.007502305359574954
0.010961037860376124      -0.019678427444524964    0.08000000000000002      -9.399460924070278E-11   0.010961037860376124     -0.019678427444524967
0.010338723721642264      -0.014855969839258867    0.08000000000000002      -1.2578261618289422E-10  0.010338723721642266     -0.014855969839258867
0.009750394871867959      -0.011342657306862569    0.08                     -1.5075674607418492E-10  0.009750394871867959     -0.011342657306862569
0.016185516243198722      -0.020041774992368006    0.08000000000000002      -7.005878660306882E-11   0.016185516243198722     -0.020041774992368006
-0.0431743011874342       0.032612365066584104     0.08                     -1.5903331614216364E-11  -0.0431743011874342      0.032612365066584104
-0.04546693932534246      0.04080285326399899      0.08                     -1.177723876849065E-11   -0.04546693932534246     0.04080285326399899
-0.04148620266471516      0.04706835228815385      0.08                     -1.1062164304945266E-11  -0.04148620266471516     0.04706835228815385
-0.03240458266130531      0.03179247660232021      0.08000000000000002      -2.3472919694648555E-11  -0.03240458266130531     0.03179247660232021
-0.01183336522293196      0.01982026944257416      0.08                     -8.093055459522612E-11   -0.011833365222931961    0.01982026944257416
-0.023282969336662355     0.029195232474081956     0.08                     -3.4561659031751815E-11  -0.023282969336662355    0.029195232474081956
-0.016989798723372095     0.028794426464235856     0.08                     -4.3360245961391364E-11  -0.016989798723372095    0.028794426464235856
-0.01332091107095474      0.025171133818565075     0.08                     -5.7974676703750155E-11  -0.013320911070954736    0.025171133818565068
-0.008013569156427796     0.022690279598073293     0.08                     -8.08621830911124E-11    -0.008013569156427798    0.022690279598073293
-0.005101981239736771     0.02021378808958374      0.08000000000000002      -1.0826113667677942E-10  -0.005101981239736771    0.02021378808958374
-4.300540465197386E-5     0.01949355898775712      0.08                     -1.299297877784713E-10   -4.300540465197386E-5    0.01949355898775712
-0.0018755656145474295    0.020504983293543534     0.08                     -1.1538213431324635E-10  -0.0018755656145474295   0.020504983293543534
0.005144329986204139      0.014542995918338797     0.07999999999999999      -1.841665586583909E-10   0.005144329986204139     0.014542995918338797
0.005215647739500791      0.015863005026126656     0.08                     -1.6042453034252543E-10  0.005215647739500791     0.015863005026126656
0.005043263612345604      0.003020835288321748     0.07999999999999999      -1.9261990511085628E-10  0.005043263612345604     0.003020835288321748
0.004748332421112687      -8.21249142890848E-5     0.07999999999999999      -1.8902307397920705E-10  0.004748332421112687     -8.21249142890848E-5
0.00764615801419553       -0.002371965591334034    0.08                     -1.674988224170101E-10   0.007646158014195531     -0.002371965591334034
0.007223518786861491      0.004983411543086527     0.08                     -1.7416635230802016E-10  0.007223518786861491     0.004983411543086527
0.008390028646160851      0.007363241383825728     0.08                     -1.6330836152813686E-10  0.008390028646160853     0.007363241383825728
0.008515510371230637      0.009992505364436147     0.08                     -1.6000666060183005E-10  0.008515510371230635     0.009992505364436147
0.024873270421951366      -0.038699714406764965    0.08                     -2.561707502609704E-11   0.024873270421951366     -0.03869971440676496
0.023629354662757077      -0.031726814406137324    0.08                     -3.375728230186918E-11   0.023629354662757077     -0.03172681440613733
0.035107022710944305      -0.04128847826329286     0.08000000000000002      -1.7703286351699484E-11  0.0351070227109443       -0.041288478263292856
0.04392564673296267       -0.041206547626209816    0.08                     -1.3377056232032086E-11  0.04392564673296267      -0.041206547626209816
0.021062947505234624      -0.024329888260795678    0.08000000000000002      -4.784754761906881E-11   0.021062947505234627     -0.02432988826079568
0.01051389690279396       -0.008575162848296077    0.08                     -1.457498613366623E-10   0.01051389690279396      -0.008575162848296077
0.009771107463846108      -0.005320478283185874    0.08                     -1.5193444018755309E-10  0.009771107463846108     -0.005320478283185874
0.015225582553746484      -0.01584080263690186     0.08                     -8.5959280592986E-11     0.015225582553746482     -0.015840802636901855
0.013030094085599943      -0.011502673262783432    0.08                     -1.1292201225961888E-10  0.013030094085599941     -0.011502673262783432
0.02027351530699789       -0.01786622526184449     0.08                     -6.079786746358318E-11   0.02027351530699789      -0.01786622526184449
-0.03568084578814509      0.040968060471040194     0.08                     -1.6203254249960327E-11  -0.03568084578814509     0.04096806047104019
-0.036057169816098314     0.04931625748467351      0.08                     -1.2151829375643149E-11  -0.03605716981609831     0.049316257484673505
-0.0308029356344922       0.054630238520837406     0.08                     -1.143046706795649E-11   -0.030802935634492202    0.054630238520837406
-0.02501650553576708      0.038105545370810845     0.08                     -2.4042671421680885E-11  -0.02501650553576708     0.038105545370810845
0.0018016890791242648     0.01780827869065319      0.08                     -1.544111985891796E-10   0.0018016890791242648    0.017808278690653188
0.004113529632445302      0.01718434130766759      0.08                     -1.5071044805282485E-10  0.004113529632445302     0.01718434130766759
-0.01770819470262167      0.03459016892700861      0.08                     -3.328035199075705E-11   -0.01770819470262167     0.03459016892700861
-0.013283897193543483     0.030461488075549215     0.08000000000000002      -4.494242230314895E-11   -0.013283897193543481    0.030461488075549215
-0.008165017367827442     0.02852506884129835      0.08                     -5.631031093233939E-11   -0.008165017367827444    0.02852506884129835
0.0019746291204905467     0.02042405824992792      0.08                     -1.1588159325208699E-10  0.0019746291204905467    0.02042405824992792
-0.0034012385548359975    0.024389910554907968     0.08                     -8.085685691699905E-11   -0.0034012385548359975   0.024389910554907968
3.9397955023191475E-4     0.022450234947185725     0.08                     -9.790943947982546E-11   3.9397955023191475E-4    0.02245023494718573
0.007345394687453811      0.012338874417143687     0.07999999999999999      -1.6914343432116159E-10  0.007345394687453809     0.012338874417143689
0.006996990168065327      0.014178342465445373     0.08                     -1.5736678690063794E-10  0.006996990168065327     0.014178342465445373
0.006636779668928977      0.01549263014048137      0.08                     -1.474405103952303E-10   0.006636779668928977     0.01549263014048137
0.006404107150215627      0.01730567607113216      0.08                     -1.2929263529901142E-10  0.006404107150215626     0.01730567607113216
0.005814385505074588      0.01877120598781025      0.08                     -1.18437591350673E-10    0.005814385505074588     0.01877120598781025
0.008605801686321728      0.0013687904723737251    0.07999999999999999      -1.5193391104433861E-10  0.00860580168632173      0.0013687904723737251
0.011798462719496895      -0.002261284243809135    0.08                     -1.2685325440988961E-10  0.011798462719496895     -0.002261284243809135
0.008144090404920309      0.016915082206969946     0.08                     -1.1884721693057134E-10  0.00814409040492031      0.016915082206969943
0.010756011590745646      0.004695200872111588     0.08                     -1.3302009592238885E-10  0.010756011590745644     0.004695200872111588
0.009889227888745977      0.01229118820955262      0.08                     -1.316314560951698E-10   0.009889227888745978     0.01229118820955262
0.010982301602443286      0.010544119171176425     0.08                     -1.2559734195710628E-10  0.010982301602443286     0.010544119171176425
0.010964772960256868      0.008276489441888628     0.07999999999999999      -1.2996114539219362E-10  0.01096477296025687      0.008276489441888628
0.03262623442924052       -0.03344141505597298     0.08000000000000002      -2.3845999973639513E-11  0.032626234429240515     -0.03344141505597298
0.030297935897884008      -0.026673381569147003    0.08                     -3.100197711083729E-11   0.03029793589788401      -0.026673381569147003
0.041355204631992916      -0.035050947108299625    0.07999999999999999      -1.709577879089132E-11   0.041355204631992916     -0.035050947108299625
0.048450849013807286      -0.03603968498432736     0.07999999999999999      -1.2941376413517374E-11  0.048450849013807286     -0.03603968498432736
0.028042332831470538      -0.019138065411074934    0.08                     -4.0723889090577846E-11  0.028042332831470538     -0.019138065411074934
0.03433075650160477       -0.020964172730700163    0.07999999999999999      -3.0005912548340174E-11  0.03433075650160477      -0.020964172730700163
0.014115600420033476      -0.006693327004785733    0.08                     -1.0971042531197845E-10  0.014115600420033474     -0.006693327004785733
0.019056062673712015      -0.01098473304272822     0.08                     -7.602278330354428E-11   0.019056062673712015     -0.01098473304272822
0.02449005900078767       -0.013271540315242324    0.07999999999999999      -5.415550536706589E-11   0.02449005900078767      -0.013271540315242325
-0.026408560923607778     0.04717740238763818      0.08                     -1.684955624532114E-11   -0.026408560923607775    0.04717740238763818
-0.02475390315291503      0.055608089863483846     0.07999999999999999      -1.2639889913235404E-11  -0.024753903152915032    0.055608089863483846
-0.018926004339398634     0.05980190714237323      0.07999999999999999      -1.1713404817692847E-11  -0.018926004339398634    0.05980190714237323
-0.016561379396667568     0.04221901121556844      0.08                     -2.493596535610747E-11   -0.01656137939666757     0.04221901121556843
0.004101946175837798      0.01977569619454015      0.08                     -1.166777522781835E-10   0.004101946175837798     0.019775696194540147
0.003947964659249022      0.023042800520957953     0.08                     -8.907329367625696E-11   0.003947964659249022     0.02304280052095795
-0.009976265178659849     0.03572068487599822      0.08                     -3.737034907532277E-11   -0.009976265178659849    0.03572068487599822
-0.003446883381544325     0.03152146033492568      0.08                     -5.0907514627922866E-11  -0.003446883381544325    0.03152146033492568
0.001293330910878493      0.026643693166791514     0.07999999999999999      -7.024718523795388E-11   0.001293330910878493     0.026643693166791518
0.008798136489490474      0.013710433707958526     0.08000000000000002      -1.3684181901317493E-10  0.008798136489490474     0.013710433707958524
0.008680202116239447      0.015354787318415136     0.08                     -1.262280461184279E-10   0.008680202116239447     0.015354787318415136
0.0065729454425247635     0.021245478420003697     0.08000000000000002      -9.436437095234518E-11   0.0065729454425247635    0.021245478420003697
0.007662095565708054      0.01910081499411638      0.08                     -1.0504268861904757E-10  0.007662095565708055     0.01910081499411638
0.013386554720984923      0.0013542901552519374    0.08                     -1.1255441733280981E-10  0.013386554720984921     0.0013542901552519374
0.016158635509464333      -0.0017728348431786181   0.08                     -9.575004017512803E-11   0.016158635509464333     -0.0017728348431786181
0.00966205930952544       0.018370696178135595     0.08                     -9.858760790989626E-11   0.00966205930952544      0.018370696178135595
0.011404835184399796      0.014799865263248932     0.08                     -1.0577618328478475E-10  0.011404835184399794     0.014799865263248932
0.010063228746376766      0.016563014241004287     0.08000000000000002      -1.0657494808718922E-10  0.010063228746376766     0.016563014241004287
0.014387352680820049      0.004557458322844772     0.08                     -1.0407278882679945E-10  0.014387352680820049     0.004557458322844772
0.013288057060227804      0.007093537380160726     0.08                     -1.1002415592868842E-10  0.013288057060227804     0.007093537380160726
0.012692939291604474      0.012126759144265475     0.07999999999999999      -1.0547109982688485E-10  0.012692939291604475     0.012126759144265475
0.013939176601478233      0.009600605752339883     0.08                     -1.0195663055292422E-10  0.013939176601478231     0.009600605752339883
0.03918154084455418       -0.026499707776120547    0.08                     -2.230794179561113E-11   0.03918154084455417      -0.026499707776120544
0.04628424734916518       -0.030725697804070543    0.08                     -1.5769832921131794E-11  0.04628424734916518      -0.03072569780407054
0.05283015090142542       -0.03035760587267567     0.08                     -1.2294310625684364E-11  0.05283015090142542      -0.030357605872675667
0.05727107357403232       -0.02559886627597542     0.08                     -1.1038384067914965E-11  0.05727107357403231      -0.025598866275975418
0.04001649328084824       -0.018254770146998264    0.07999999999999999      -2.48601164269774E-11    0.04001649328084824      -0.018254770146998264
0.034066088173987534      -0.01628985648444075     0.08                     -3.2851537796235343E-11  0.034066088173987534     -0.01628985648444075
0.03029864572601968       -0.011862091713756788    0.08                     -4.141590240107672E-11   0.030298645726019677     -0.011862091713756788
0.020225401163588983      -0.004968186547984581    0.08000000000000002      -7.484340757696436E-11   0.020225401163588983     -0.004968186547984581
0.024909072244969382      -0.007945676087971858    0.08                     -5.654657627684044E-11   0.024909072244969382     -0.007945676087971858
-0.016059946749872725     0.05139419705823983      0.08                     -1.7398963870705033E-11  -0.016059946749872725    0.05139419705823983
-0.01260920312662019      0.05953032415544754      0.08                     -1.2905680247982425E-11  -0.012609203126620188    0.059530324155447546
-0.006071652065268818     0.06243497644930879      0.08                     -1.1875254862952425E-11  -0.006071652065268818    0.06243497644930879
-0.007974368558168795     0.0447810068648007       0.08                     -2.5250137061735024E-11  -0.007974368558168797    0.044781006864800695
0.00746226196291238       0.02367600356795311      0.08                     -7.728674863742057E-11   0.00746226196291238      0.02367600356795311
0.00598435141255569       0.027160072978734774     0.08                     -6.410290524903811E-11   0.00598435141255569      0.02716007297873477
-0.0019454050749407592    0.037849338926814524     0.08                     -3.640679018877799E-11   -0.0019454050749407592   0.037849338926814524
0.0031741636386988653     0.03201151613613016      0.08                     -4.949780256332998E-11   0.0031741636386988653    0.03201151613613016
0.01011883188703899       0.021321209408299485     0.07999999999999999      -8.090434086814753E-11   0.010118831887038991     0.021321209408299485
0.01741884250406123       0.002635500212142934     0.07999999999999999      -8.731114573805878E-11   0.01741884250406123      0.002635500212142934
0.02013460970767348       -5.570224929546536E-4    0.08                     -7.54133877986855E-11    0.02013460970767348      -5.570224929546536E-4
0.014143048214526662      0.014710323187029917     0.08                     -8.83323780471353E-11    0.014143048214526662     0.014710323187029917
0.012781695620138235      0.018135860172803137     0.08000000000000002      -8.354832802957491E-11   0.012781695620138232     0.018135860172803137
0.01720530129421092       0.007409870946440682     0.08                     -8.493259779628233E-11   0.017205301294210915     0.007409870946440682
0.016866935483137734      0.012332290384773084     0.08                     -7.960000998504603E-11   0.016866935483137734     0.012332290384773084
0.048712381287653456      -0.022065691210661466    0.08                     -1.6681246627061217E-11  0.048712381287653456     -0.022065691210661462
0.057765020790809495      -0.018961959448890252    0.08                     -1.1880009344740702E-11  0.057765020790809495     -0.018961959448890255
0.061241297903987295      -0.013613939262269295    0.07999999999999999      -1.0638459679153717E-11  0.06124129790398729      -0.013613939262269295
0.04461960758405853       -0.013442663973200437    0.08                     -2.1771630963600916E-11  0.04461960758405853      -0.013442663973200436
0.03781732987930597       -0.01070503718015118     0.07999999999999999      -2.9760249990994955E-11  0.03781732987930597      -0.010705037180151181
0.03162553166053542       -0.005535915775241443    0.08                     -4.0933579900380015E-11  0.03162553166053542      -0.005535915775241443
0.025421489230934954      -0.0020754426644578605   0.08                     -5.645556691419321E-11   0.025421489230934954     -0.0020754426644578605
-0.004990940706231916     0.05362690602319157      0.07999999999999999      -1.7607908724323077E-11  -0.004990940706231915    0.053626906023191576
8.010782160346175E-6      0.06095281076711202      0.08                     -1.293123736870354E-11   8.010782160346175E-6     0.060952810767112016
0.007123407724932453      0.0623682487152767       0.08                     -1.1841847122632351E-11  0.007123407724932453     0.0623682487152767
0.0016550563463137956     0.045330150879811015     0.08                     -2.5506915930468314E-11  0.0016550563463137956    0.045330150879811015
0.01041655766130863       0.025803964336183316     0.08                     -6.200506385943793E-11   0.010416557661308628     0.025803964336183316
0.009291116645753637      0.031234429823481916     0.08                     -4.740670280592973E-11   0.009291116645753635     0.031234429823481912
0.006326621841197103      0.0379307744329167       0.08                     -3.5201114594307274E-11  0.006326621841197103     0.0379307744329167
0.01470279911755917       0.0227879989663727       0.07999999999999999      -6.146575278758541E-11   0.014702799117559172     0.022787998966372704
0.023047121224429364      0.004351360628988693     0.08                     -6.265081030774661E-11   0.023047121224429364     0.004351360628988693
0.018280177190084443      0.017599640742874414     0.08                     -6.35379791602962E-11    0.01828017719008444      0.017599640742874414
0.022387432276926033      0.011761631891878635     0.08000000000000002      -5.910536582112651E-11   0.02238743227692603      0.011761631891878635
0.053168169704890966      -0.011703105887472302    0.08                     -1.5511425398073243E-11  0.053168169704890966     -0.0117031058874723
0.06082690940766361       -0.006799519559424309    0.08                     -1.1314365580724141E-11  0.06082690940766361      -0.006799519559424309
0.04537036729594888       -0.006121040755862804    0.08                     -2.2094171094699358E-11  0.04537036729594888      -0.006121040755862804
0.03773676861188002       -0.00204593138114445     0.08                     -3.1062053422746527E-11  0.03773676861188002      -0.00204593138114445
0.030288903833841446      0.0020103652909905304    0.08                     -4.378933893935594E-11   0.030288903833841446     0.0020103652909905304
0.06285458609880087       -6.023841194251686E-4    0.08                     -1.0319987299909962E-11  0.06285458609880087      -6.023841194251686E-4
0.006260209975813218      0.053573226787479486     0.07999999999999999      -1.7530878210121126E-11  0.006260209975813218     0.05357322678747949
0.012820375740743566      0.059467082222793934     0.08                     -1.290886070521953E-11   0.012820375740743567     0.059467082222793934
0.019675055252978947      0.05968324916107037      0.08                     -1.163719453361079E-11   0.019675055252978947     0.05968324916107037
0.01097886602387432       0.04412855328554277      0.08                     -2.5123356427021724E-11  0.010978866023874321     0.04412855328554277
0.014960689147662479      0.028586292110164335     0.08                     -4.663361827572963E-11   0.014960689147662479     0.028586292110164335
0.013798344655443991      0.03571511619459623      0.08000000000000002      -3.473786883031537E-11   0.013798344655443993     0.035715116194596226
0.01993333485914864       0.02428680035868655      0.08000000000000002      -4.665111076013589E-11   0.01993333485914864      0.02428680035868655
0.029625022193749254      0.008291419986743438     0.08                     -4.3172038927486025E-11  0.02962502219374925      0.008291419986743438
0.02435792381807646       0.019352649523528886     0.07999999999999999      -4.510694090560253E-11   0.02435792381807646      0.019352649523528886
0.028747027060920114      0.014800415766383745     0.08                     -4.090018015617414E-11   0.028747027060920118     0.014800415766383745
0.054276600900454365      -7.7107395970262E-4      0.07999999999999999      -1.532131789184513E-11   0.05427660090045437      -7.7107395970262E-4
0.04532411779323953       0.003156636746085413     0.08000000000000002      -2.21553098760312E-11    0.04532411779323953      0.003156636746085413
0.03715843289859522       0.005905419223219598     0.08                     -3.1119687204490374E-11  0.03715843289859522      0.005905419223219598
0.060612382291785324      0.006321849705710064     0.08                     -1.1296106495593478E-11  0.06061238229178533      0.006321849705710064
0.016966039225120723      0.05109667972724159      0.08                     -1.738294940144767E-11   0.01696603922512072      0.051096679727241585
0.024811225530430227      0.055704259065352285     0.08                     -1.2577293396278068E-11  0.024811225530430223     0.05570425906535228
0.019783120078705457      0.04073210115284829      0.08                     -2.477746583203218E-11   0.019783120078705457     0.04073210115284829
0.02093779280655644       0.031922772851541825     0.08                     -3.377025282272898E-11   0.02093779280655644      0.031922772851541825
0.027015828625908643      0.026812198277211464     0.08                     -3.271647818804531E-11   0.027015828625908647     0.02681219827721146
0.03553579275285525       0.013568956909485674     0.07999999999999999      -3.087964413049765E-11   0.03553579275285524      0.013568956909485674
0.03193617462123751       0.020797658640557146     0.08                     -3.1559082055471054E-11  0.03193617462123751      0.020797658640557146
0.06146797604160022       0.01228548815211749      0.08000000000000002      -1.0349314343422504E-11  0.06146797604160022      0.01228548815211749
0.03165513965410798       0.054154743397576456     0.07999999999999999      -1.1401939603613504E-11  0.03165513965410798      0.054154743397576456
0.053009795844710245      0.010435084295800805     0.07999999999999999      -1.5408570711108383E-11  0.05300979584471023      0.010435084295800803
0.043679952908429076      0.012339650106252459     0.08                     -2.2245428909628543E-11  0.043679952908429076     0.012339650106252459
0.02706472767379693       0.04612737349689669      0.08000000000000002      -1.7227535568627544E-11  0.027064727673796925     0.0461273734968967
0.027749678746456504      0.03566576530722955      0.08                     -2.4154906257448505E-11  0.027749678746456504     0.03566576530722954
0.03477750641072626       0.02930103094948841      0.08                     -2.312394608621127E-11   0.03477750641072625      0.02930103094948841
0.04001288354458797       0.02127054314574707      0.08                     -2.2684221330898178E-11  0.04001288354458798      0.02127054314574707
0.05807138800595815       0.01888157950119762      0.08                     -1.1265732506049946E-11  0.058071388005958145     0.01888157950119762
0.03578792257432302       0.04921835400510379      0.07999999999999999      -1.229591767197314E-11   0.03578792257432301      0.04921835400510379
0.04980851595571964       0.021434054860929044     0.08                     -1.542938770484632E-11   0.04980851595571963      0.021434054860929048
0.03672781341167867       0.03968696086921723      0.08                     -1.6310106650563315E-11  0.03672781341167867      0.03968696086921724
0.04413943916811136       0.03127914732121763      0.08                     -1.5845447716537943E-11  0.04413943916811136      0.03127914732121762
0.05724721531338965       0.02486441071301472      0.08                     -1.0605830450607181E-11  0.05724721531338965      0.02486441071301472
0.042107625474416155      0.04586566666735055      0.08                     -1.1287817169056756E-11  0.042107625474416155     0.04586566666735055
0.052810479198625554      0.03041379571019065      0.08000000000000002      -1.1537101092949322E-11  0.05281047919862556      0.03041379571019065
0.050673375867765415      0.0361065419578224       0.08                     -1.0965823121559839E-11  0.050673375867765415     0.0361065419578224
0.045272497830371176      0.04076804576017077      0.08000000000000002      -1.187287319799227E-11   0.045272497830371176     0.04076804576017077
-0.0030022901380827244    -0.009960596741255455    0.08                     -4.841649765868256E-10   -0.0030022901380827244   -0.009960596741255455
-0.0028955656797633273    -0.010329420692055877    0.08                     -4.983540982412238E-10   -0.0028955656797633278   -0.010329420692055877
-0.002551442700945464     -0.00997576777769954     0.08                     -5.737213560162704E-10   -0.0025514427009454646   -0.00997576777769954
-0.002440693087460049     -0.010462050710818373    0.08                     -5.886383894582963E-10   -0.002440693087460049    -0.010462050710818375
-0.0028722003636171       -0.009598492988800566    0.08                     -5.027935468986485E-10   -0.0028722003636171      -0.009598492988800568
-0.003748632127850043     -0.009379064504655891    0.08                     -3.839221947668037E-10   -0.0037486321278500435   -0.009379064504655891
-0.003288914070051342     -0.009273371222743505    0.08                     -4.33196954511367E-10    -0.0032889140700513423   -0.009273371222743505
-0.003640083732198139     -0.008839489524656796    0.07999999999999999      -3.841918637487609E-10   -0.003640083732198139    -0.008839489524656796
-0.0028041627305191224    -0.009197363266381254    0.08                     -5.022779444832206E-10   -0.002804162730519123    -0.009197363266381252
-0.004043275511136833     -0.00895746156525682     0.08                     -3.5199334302841444E-10  -0.004043275511136833    -0.00895746156525682
-0.0027850063616601476    -0.010717970412125659    0.07999999999999999      -5.039898633673615E-10   -0.0027850063616601476   -0.010717970412125659
-0.002573033029900142     -0.011476113727873216    0.08                     -4.868627525152084E-10   -0.002573033029900142    -0.011476113727873216
-0.0029723975490435492    -0.011430571833307396    0.08                     -4.3728285957424676E-10  -0.002972397549043549    -0.011430571833307396
-0.0027227487185896965    -0.011814889903266054    0.08                     -4.398352095495165E-10   -0.0027227487185896965   -0.011814889903266054
-0.0026433968565355574    -0.011100012123623618    0.08                     -5.058412301380935E-10   -0.0026433968565355574   -0.011100012123623618
-0.0031683966835012664    -0.011050975289253844    0.08                     -4.3290067969790056E-10  -0.0031683966835012664   -0.011050975289253846
-0.0026843274226840803    -0.01266229266850386     0.07999999999999999      -3.788869166879892E-10   -0.0026843274226840803   -0.01266229266850386
-0.002359183515719434     -0.013017570643671032    0.08                     -3.7314190359862294E-10  -0.0023591835157194337   -0.013017570643671034
-0.002169561458802318     -0.012493044251721257    0.08                     -4.334680308731895E-10   -0.002169561458802318    -0.012493044251721257
-0.0024682192822391906    -0.012161352548734862    0.07999999999999999      -4.376890885631884E-10   -0.0024682192822391906   -0.012161352548734862
-0.002325517554997543     -0.010833081531097374    0.07999999999999999      -5.909051202818246E-10   -0.002325517554997543    -0.010833081531097374
-0.0022878910418649458    -0.011721186296335668    0.08                     -5.046979595714764E-10   -0.0022878910418649458   -0.011721186296335668
-0.0019869064373690525    -0.012033527254381513    0.08                     -5.080730909838218E-10   -0.0019869064373690525   -0.012033527254381513
-0.002166938423638195     -0.011243219659047815    0.08                     -5.838038982316548E-10   -0.0021669384236381946   -0.011243219659047815
-0.0018440620567870517    -0.010881711921398644    0.08000000000000002      -7.246698748375384E-10   -0.0018440620567870515   -0.010881711921398642
-0.0016968796591786753    -0.012326446700725807    0.08                     -5.007897714272375E-10   -0.0016968796591786753   -0.012326446700725807
-9.679830447880069E-4     -0.012416743818505827    0.08                     -5.582211027213457E-10   -9.679830447880068E-4    -0.012416743818505827
-8.792536806853424E-4     -0.012130456903473853    0.08                     -6.376783075262756E-10   -8.792536806853425E-4    -0.012130456903473853
-0.0012698858758581587    -0.012186611194426355    0.08                     -5.765417882696707E-10   -0.0012698858758581587   -0.012186611194426355
-0.0013435629646514208    -0.012671782782909391    0.08                     -4.815812678047536E-10   -0.0013435629646514208   -0.012671782782909393
-8.38176747859688E-4      -0.012781005005368223    0.07999999999999999      -4.960737370068384E-10   -8.381767478596879E-4    -0.012781005005368223
-0.0011864211960248032    -0.013174852071546493    0.08                     -4.217072338812728E-10   -0.0011864211960248032   -0.013174852071546493
-0.0029783115355435227    -0.012270254544765604    0.08000000000000002      -3.833185218687734E-10   -0.002978311535543523    -0.012270254544765604
-0.003955037883796343     -0.011105728841779293    0.07999999999999999      -3.5200620001168944E-10  -0.003955037883796343    -0.011105728841779293
-0.0034859969878025952    -0.01132524714093114     0.08000000000000002      -3.8742319604560324E-10  -0.0034859969878025952   -0.01132524714093114
-0.0036937401668614544    -0.01082582969818284     0.08                     -3.8233613961571346E-10  -0.003693740166861455    -0.01082582969818284
-0.0033001885055270103    -0.011830919994918334    0.08000000000000002      -3.816754381793098E-10   -0.0033001885055270103   -0.011830919994918336
-0.0018338720631046392    -0.012810821376192003    0.08000000000000002      -4.2622087546745307E-10  -0.0018338720631046392   -0.012810821376192003
-0.002027549186690731     -0.013281785834615464    0.08                     -3.696792202586232E-10   -0.002027549186690731    -0.013281785834615464
-0.0015765433368884853    -0.013092317664151728    0.08000000000000002      -4.116548605622679E-10   -0.0015765433368884851   -0.01309231766415173
-0.001552343424579202     -0.01349610222584412     0.08                     -3.723530432420127E-10   -0.001552343424579202    -0.013496102225844119
-0.002810094045862178     -0.013136495048854238    0.08                     -3.3930792698070755E-10  -0.002810094045862178    -0.013136495048854238
-0.0035180987956735877    -0.012219153390616097    0.07999999999999999      -3.4513482087786455E-10  -0.0035180987956735877   -0.012219153390616097
-0.0030773935248698003    -0.007276532740326152    0.08                     -3.639607044015936E-10   -0.0030773935248698003   -0.007276532740326152
-0.003013998531388311     -0.007686535282235424    0.08000000000000002      -3.9102950472771164E-10  -0.003013998531388311    -0.007686535282235424
-0.00262608620166952      -0.007360756617755015    0.08                     -3.9979434778182804E-10  -0.0026260862016695206   -0.007360756617755016
-0.0024019892052021233    -0.009074051005091713    0.08                     -5.726607424582179E-10   -0.0024019892052021233   -0.009074051005091713
-0.0026747266279168887    -0.008680278767034911    0.08                     -4.938813691311617E-10   -0.0026747266279168883   -0.00868027876703491
-0.002207144955383227     -0.008780702697957226    0.08                     -5.871640085629309E-10   -0.002207144955383227    -0.008780702697957226
-0.0020378511095763105    -0.009184267034423191    0.07999999999999999      -6.765414146875883E-10   -0.0020378511095763105   -0.009184267034423191
-0.0023554557057017768    -0.008327728431209873    0.08000000000000002      -5.119328510201437E-10   -0.002355455705701777    -0.008327728431209873
-0.0025013019061418777    -0.007847792077184168    0.07999999999999999      -4.4855228568387515E-10  -0.0025013019061418777   -0.007847792077184168
-0.002172429392738483     -0.007561973246003098    0.07999999999999999      -4.531957205225131E-10   -0.002172429392738483    -0.007561973246003099
-9.98747626574508E-4      -0.006854028470209347    0.08                     -4.502068306740219E-10   -9.98747626574508E-4     -0.006854028470209348
-0.001293013419941549     -0.006566691331331059    0.08                     -4.076595254841056E-10   -0.0012930134199415492   -0.006566691331331059
-0.0014259081730234506    -0.007030835175248178    0.08                     -4.504549213604195E-10   -0.0014259081730234506   -0.007030835175248177
-0.0019085264644213534    -0.00847985412339811     0.08                     -6.09177403655891E-10    -0.0019085264644213534   -0.008479854123398108
-0.0020412047764415495    -0.00801892157958241     0.08                     -5.199298094862379E-10   -0.0020412047764415495   -0.00801892157958241
-0.0010949450444800138    -0.007362315754722858    0.08                     -5.17944704185083E-10    -0.0010949450444800136   -0.007362315754722859
-6.764287997113464E-4     -0.007244398059305948    0.08                     -5.217019046988144E-10   -6.764287997113464E-4    -0.007244398059305948
-0.0018317572334670305    -0.007273337285882526    0.08                     -4.5120164900907734E-10  -0.0018317572334670305   -0.007273337285882526
-0.0017298204294134223    -0.007723344587053675    0.08                     -5.169284225727721E-10   -0.001729820429413422    -0.007723344587053676
-0.0014727687323719733    -0.007433177265129204    0.08                     -4.997233896026706E-10   -0.0014727687323719733   -0.007433177265129204
-0.0017534255602609412    -0.008916236699609394    0.08000000000000002      -7.266319590170095E-10   -0.0017534255602609412   -0.008916236699609394
-0.0014800296049173375    -0.008593926170635983    0.08                     -7.371319125600194E-10   -0.0014800296049173375   -0.008593926170635981
-0.0016364138531786607    -0.00934283665657322     0.08                     -8.622997885795597E-10   -0.001636413853178661    -0.00934283665657322
-0.0019401462162861615    -0.009534047059286057    0.08000000000000002      -7.493259177095553E-10   -0.0019401462162861615   -0.009534047059286057
-0.00201666578200363      -0.010523941956390837    0.08000000000000002      -7.081994079469878E-10   -0.0020166657820036298   -0.010523941956390837
-0.001571576661055653     -0.010513641204840031    0.08                     -9.244177437123121E-10   -0.001571576661055653    -0.010513641204840031
-0.001348085199883932     -0.010957352237021727    0.08000000000000002      -9.268389756915494E-10   -0.0013480851998839323   -0.010957352237021727
-0.0010540138061662873    -0.010486934707137968    0.08                     -1.3794304092495832E-9   -0.0010540138061662875   -0.010486934707137966
-0.002087968346049009     -0.009859514477055183    0.08                     -7.098245805912116E-10   -0.0020879683460490084   -0.009859514477055185
-0.0016717262613168647    -0.009768418024030048    0.08                     -9.086472981508922E-10   -0.0016717262613168647   -0.009768418024030048
-0.0018080558914145694    -0.010172250683209786    0.08                     -8.333214935604797E-10   -0.0018080558914145694   -0.010172250683209786
-6.803452638392372E-4     -0.01153634624834491     0.08                     -9.167032697944142E-10   -6.803452638392372E-4    -0.01153634624834491
-5.196757618213576E-4     -0.011109503856135197    0.07999999999999999      -1.3158676693609034E-9   -5.196757618213576E-4    -0.011109503856135197
-9.660790787775098E-4     -0.011300313692410408    0.08                     -9.569778903143099E-10   -9.660790787775097E-4    -0.011300313692410408
-8.7856730099553E-4       -0.010908006376680495    0.08                     -1.2726107904905903E-9   -8.7856730099553E-4      -0.010908006376680495
-0.0013923003966765499    -0.010089871715503821    0.07999999999999999      -1.133069491261266E-9    -0.0013923003966765499   -0.010089871715503821
-9.922444746319004E-4     -0.010017847272552024    0.07999999999999999      -1.6146605941295017E-9   -9.922444746319004E-4    -0.010017847272552024
-6.402726596687008E-4     -0.01019281809718966     0.08                     -2.1189906824677094E-9   -6.402726596687007E-4    -0.01019281809718966
-0.0012007480987622748    -0.009612169047206479    0.08                     -1.2677289418806937E-9   -0.0012007480987622748   -0.009612169047206479
-0.0035021634040687177    -0.008469264848510493    0.08                     -3.8571899161171664E-10  -0.003502163404068718    -0.008469264848510493
-0.003674077760205195     -0.008006740257099732    0.07999999999999999      -3.5507728127936893E-10  -0.0036740777602051944   -0.008006740257099732
-0.0032639646046235355    -0.007997713371789037    0.07999999999999999      -3.8680069693026607E-10  -0.003263964604623536    -0.007997713371789035
-7.844895373773568E-4     -0.013288070238472692    0.08                     -4.2276448230378977E-10  -7.844895373773569E-4    -0.013288070238472694
-4.1612032566476194E-4    -0.012891310409653425    0.08000000000000002      -4.929233895532939E-10   -4.1612032566476194E-4   -0.012891310409653425
-0.0011795372865755825    -0.013652196905595777    0.08                     -3.7099521598700286E-10  -0.0011795372865755825   -0.013652196905595776
-2.7808377716711423E-4    -0.013272022451243244    0.08                     -4.3528604036849774E-10  -2.7808377716711423E-4   -0.013272022451243244
-6.406359685490848E-4     -0.013734468726762102    0.08                     -3.7588293047212845E-10  -6.406359685490848E-4    -0.0137344687267621
-3.225467013534271E-4     -0.007092499449999526    0.08                     -5.067845408222792E-10   -3.225467013534271E-4    -0.007092499449999526
-2.983074067597479E-4     -0.00759721503131246     0.08                     -6.147457547932558E-10   -2.9830740675974794E-4   -0.007597215031312459
-0.0012422694122328128    -0.009050918910669918    0.07999999999999999      -9.982750110500238E-10   -0.0012422694122328128   -0.009050918910669918
-7.897694201873459E-4     -0.007714941334503243    0.08                     -6.152348457080778E-10   -7.897694201873459E-4    -0.007714941334503243
-0.0010246079328522005    -0.008596584454323479    0.08                     -8.891114032257792E-10   -0.0010246079328522005   -0.008596584454323479
-7.841736376566107E-4     -0.00893664019721204     0.08000000000000002      -1.218264321705909E-9    -7.841736376566107E-4    -0.00893664019721204
-6.750436131272345E-4     -0.008537440243292158    0.08                     -9.742459733292132E-10   -6.750436131272345E-4    -0.008537440243292158
-9.031369792935431E-4     -0.008167374400245139    0.08                     -7.380454751253226E-10   -9.03136979293543E-4     -0.008167374400245139
-5.248246670062206E-4     -0.008113068768917733    0.08                     -7.737256317261883E-10   -5.248246670062205E-4    -0.008113068768917734
-4.500416561476282E-4     -0.00878717707124945     0.08                     -1.2519999949351709E-9   -4.5004165614762824E-4   -0.00878717707124945
-2.6957988776507027E-4    -0.008477512078065082    0.08                     -1.0183652497983727E-9   -2.6957988776507027E-4   -0.008477512078065082
-6.719685788496147E-5     -0.008123375093832388    0.08                     -8.096423949024403E-10   -6.719685788496147E-5    -0.008123375093832388
-1.7909191040264036E-4    -0.008849614391106824    0.08                     -1.4002883296558181E-9   -1.7909191040264036E-4   -0.008849614391106824
-5.97059734765284E-4      -0.010640693224382854    0.08                     -1.7919985241036966E-9   -5.970597347652839E-4    -0.010640693224382854
-2.322079808881152E-4     -0.010711984176217167    0.08                     -1.9919550500129742E-9   -2.322079808881152E-4    -0.010711984176217167
-2.8106240235882996E-4    -0.010294620887652995    0.08                     -2.5150245861639216E-9   -2.8106240235882996E-4   -0.010294620887652995
-2.9492185968391614E-4    -0.009958702173474962    0.08000000000000002      -2.639838754026559E-9    -2.9492185968391614E-4   -0.009958702173474962
9.729944691216517E-6      -0.010426711479156107    0.08                     -2.4859190595652487E-9   9.729944691216517E-6     -0.010426711479156107
1.4610739735308092E-4     -0.010665351986366298    0.08                     -2.1019388160676785E-9   1.4610739735308092E-4    -0.010665351986366298
3.9375201223758424E-4     -0.010366405680176126    0.08                     -2.330970219024286E-9    3.9375201223758414E-4    -0.010366405680176124
2.558329827578043E-4      -0.008601089410223304    0.08                     -1.1178199231704882E-9   2.558329827578043E-4     -0.008601089410223304
9.690013142988067E-5      -0.00912729439181224     0.08                     -1.7990457721520225E-9   9.690013142988067E-5     -0.009127294391812242
7.349987444848945E-4      -0.008621986214083614    0.08                     -1.0040730247598957E-9   7.349987444848945E-4     -0.008621986214083614
6.048376935611523E-4      -0.0090994543625836      0.08                     -1.4936608405312458E-9   6.048376935611524E-4     -0.0090994543625836
0.0010596971733170784     -0.009257092666649794    0.08                     -1.2373878287901026E-9   0.0010596971733170784    -0.009257092666649794
7.580020017057749E-4      -0.009659212035657599    0.08                     -1.877948225221826E-9    7.58002001705775E-4      -0.0096592120356576
5.887985198829238E-5      -0.010137329737365641    0.08                     -2.7509678982591428E-9   5.887985198829238E-5     -0.010137329737365641
3.9096656165619873E-4     -0.009941475906319427    0.08                     -2.5232856419886848E-9   3.909665616561987E-4     -0.009941475906319427
7.204274174415824E-4      -0.010079372831725565    0.08                     -2.030082263292098E-9    7.204274174415824E-4     -0.010079372831725565
2.7148076492153426E-4     -0.009556654118806362    0.08                     -2.3535940195309138E-9   2.7148076492153426E-4    -0.009556654118806364
-1.4665631814428457E-4    -0.00954705155397105     0.08                     -2.395529504597272E-9    -1.4665631814428457E-4   -0.00954705155397105
6.624646948483236E-5      -0.009835044768410704    0.08000000000000002      -2.725133988832367E-9    6.624646948483236E-5     -0.009835044768410704
0.0010498507836624199     -0.008828508350579523    0.08                     -9.896836953948072E-10   0.0010498507836624196    -0.008828508350579523
9.897138211842477E-4      -0.008398427589406728    0.08                     -8.037742867082653E-10   9.897138211842477E-4     -0.00839842758940673
0.0013871622439301245     -0.008487767636748921    0.08                     -7.289166742075288E-10   0.0013871622439301245    -0.008487767636748923
5.122349670858559E-4      -0.01083954652555692     0.08                     -1.624870851229072E-9    5.12234967085856E-4      -0.010839546525556921
0.00134090678833874       -0.011792191475044117    0.08                     -6.574424798227421E-10   0.00134090678833874      -0.011792191475044117
9.408049301835638E-4      -0.01184068108469231     0.08000000000000002      -7.20413353838076E-10    9.408049301835638E-4     -0.01184068108469231
0.001275052121902926      -0.012146490143079997    0.08000000000000002      -5.819780229934521E-10   0.001275052121902926     -0.012146490143079997
0.0014958690862781493     -0.012429381469729273    0.08                     -5.045560746872113E-10   0.0014958690862781493    -0.012429381469729273
0.0011331034060453955     -0.012568036574898656    0.08000000000000002      -5.12683829124428E-10    0.0011331034060453953    -0.012568036574898656
-0.0020129187735675683    -0.013684831101295786    0.08                     -3.387389343431305E-10   -0.0020129187735675683   -0.013684831101295786
-0.0010753135760594398    -0.01406992512235701     0.08000000000000002      -3.3762856248298E-10     -0.0010753135760594398   -0.01406992512235701
-0.00326629782998807      -0.010585654728289698    0.08                     -4.35999186566824E-10    -0.0032662978299880696   -0.010585654728289698
-0.003317910517181063     -0.009685154875101552    0.08                     -4.361720777291494E-10   -0.0033179105171810626   -0.00968515487510155
-0.0033256812373788774    -0.01017041132453103     0.07999999999999999      -4.351194675475317E-10   -0.0033256812373788774   -0.01017041132453103
-0.0037212059783977595    -0.010361801978007956    0.08                     -3.8739950523045794E-10  -0.00372120597839776     -0.010361801978007956
-0.003801681920658994     -0.009804087385847779    0.08                     -3.818510486817251E-10   -0.0038016819206589943   -0.009804087385847779
-0.0041308088649272155    -0.010032376289109923    0.08                     -3.516704592368065E-10   -0.0041308088649272155   -0.010032376289109923
-0.002399493904271826     -0.009500988750657066    0.08                     -6.004187636629384E-10   -0.002399493904271826    -0.009500988750657066
-0.0021505095412509747    -0.010212257403463708    0.07999999999999999      -6.823603882790647E-10   -0.0021505095412509747   -0.010212257403463708
-0.003179370751223835     -0.008833903874749222    0.08                     -4.331715614218742E-10   -0.0031793707512238344   -0.008833903874749222
-0.0028137095014166853    -0.008185500525618132    0.08                     -4.4120426464871083E-10  -0.0028137095014166853   -0.008185500525618132
-0.0030996243823379218    -0.008440955010737794    0.08                     -4.2461702531840137E-10  -0.0030996243823379218   -0.008440955010737794
-0.0010276387262032833    -0.011770494502418205    0.08000000000000002      -7.274568106780089E-10   -0.0010276387262032833   -0.011770494502418207
-5.808182330681203E-4     -0.011901109387570108    0.08                     -7.517067398503623E-10   -5.808182330681203E-4    -0.011901109387570108
-0.0015288362699280558    -0.011869190568761928    0.08                     -6.04940630945292E-10    -0.0015288362699280558   -0.011869190568761928
-0.001845549251166092     -0.011602344051274678    0.07999999999999999      -5.970658932658407E-10   -0.0018455492511660918   -0.011602344051274678
-0.0017287629523767172    -0.011243389739568274    0.07999999999999999      -6.957946581550984E-10   -0.001728762952376717    -0.011243389739568274
-0.001403732981311782     -0.011468700166847305    0.08                     -7.341616178875691E-10   -0.001403732981311782    -0.011468700166847305
1.2574663096162316E-4     -0.012908448969731865    0.08                     -4.929349640391622E-10   1.2574663096162316E-4    -0.012908448969731865
1.1591227360543347E-4     -0.013413422498333114    0.08                     -4.1760542512678343E-10  1.1591227360543347E-4    -0.013413422498333114
7.963765947257768E-4      -0.012261220496604094    0.08                     -6.09106757174321E-10    7.963765947257769E-4     -0.012261220496604094
4.457655618270136E-4      -0.011902493842626314    0.08                     -7.671065773618158E-10   4.457655618270136E-4     -0.011902493842626314
-5.485955640546951E-4     -0.012378480376173534    0.07999999999999999      -5.9821998132558E-10     -5.485955640546951E-4    -0.012378480376173534
-9.529200223386974E-5     -0.0120237694213572      0.08                     -7.345435379169557E-10   -9.529200223386974E-5    -0.012023769421357201
6.383025421394345E-4      -0.012771490363387678    0.07999999999999999      -5.046223120829201E-10   6.383025421394345E-4     -0.012771490363387678
3.029535458413202E-4      -0.012417544693372147    0.08                     -6.004084327358431E-10   3.029535458413202E-4     -0.012417544693372147
-1.343806255229901E-4     -0.012543058048220257    0.08000000000000002      -5.716569030804541E-10   -1.343806255229901E-4    -0.012543058048220257
6.550057338038291E-4      -0.008243172661177994    0.08000000000000002      -8.1000013093682E-10     6.550057338038291E-4     -0.008243172661177994
4.206367648787869E-5      -0.007209190030990098    0.08                     -5.304382261881862E-10   4.206367648787869E-5     -0.0072091900309900975
-1.0619686497863844E-4    -0.006772675114728026    0.07999999999999999      -4.610684272738273E-10   -1.0619686497863844E-4   -0.006772675114728025
3.2717462227847935E-4     -0.008055508249275445    0.08                     -7.663088762499181E-10   3.2717462227847935E-4    -0.008055508249275445
5.831679892194588E-4      -0.007817908248724068    0.07999999999999999      -6.609237673910585E-10   5.831679892194588E-4     -0.007817908248724068
1.4963763807141622E-4     -0.007679111990048626    0.08                     -6.406970132221333E-10   1.4963763807141622E-4    -0.007679111990048626
4.817676581965638E-4      -0.007336240314470504    0.08                     -5.472670877275428E-10   4.817676581965638E-4     -0.007336240314470505
3.598211535469466E-4      -0.0068705645081732075   0.08                     -4.715557298724424E-10   3.598211535469466E-4     -0.0068705645081732075
9.552215244493026E-4      -0.007954012909431757    0.07999999999999999      -6.597305505106153E-10   9.552215244493026E-4     -0.007954012909431757
9.155609332366921E-4      -0.007493731715547976    0.08                     -5.546866068759694E-10   9.155609332366921E-4     -0.007493731715547976
8.249431068772669E-4      -0.007041086055611953    0.08                     -4.833324513999352E-10   8.24943106877267E-4      -0.007041086055611954
6.978733602176273E-4      -0.006518114725207705    0.08000000000000002      -4.2179437043713624E-10  6.978733602176273E-4     -0.006518114725207705
1.957586703705003E-4      -0.006396806747718196    0.08                     -4.1595140508425207E-10  1.957586703705003E-4     -0.006396806747718197
-5.703014296212401E-4     -0.006791926001048795    0.08000000000000002      -4.571368949273263E-10   -5.703014296212401E-4    -0.006791926001048796
-3.320662081082457E-4     -0.006338552430841575    0.08                     -4.087310715083432E-10   -3.320662081082457E-4    -0.006338552430841575
-7.784331663914889E-4     -0.0063422803098126465   0.08                     -4.0149389246322665E-10  -7.784331663914889E-4    -0.0063422803098126465
-0.002241420643321911     -0.007070889488266202    0.08                     -4.0417306035023736E-10  -0.002241420643321911    -0.007070889488266202
-0.0017725532837702404    -0.006746038435394127    0.07999999999999999      -4.033911252405137E-10   -0.0017725532837702402   -0.006746038435394127
-0.0021881931963917346    -0.006541025909263599    0.08                     -3.673080639199373E-10   -0.0021881931963917346   -0.006541025909263599
-0.0010925966881766196    -0.006071755506877177    0.08                     -3.711386913305262E-10   -0.0010925966881766196   -0.006071755506877177
-0.0016038029920928836    -0.008161527690357986    0.08                     -6.096834448186549E-10   -0.0016038029920928834   -0.008161527690357986
-0.001247570581262366     -0.007834445902278601    0.08                     -5.936443034812736E-10   -0.001247570581262366    -0.007834445902278601
-0.0012516244276512308    -0.008287096376220389    0.08                     -7.087444247430752E-10   -0.0012516244276512308   -0.008287096376220389
6.084044019590668E-5      -0.011121246721866348    0.08                     -1.4347095568776312E-9   6.084044019590668E-5     -0.011121246721866348
-2.6438314707670344E-4    -0.011543335897979073    0.08                     -9.935018980107583E-10   -2.6438314707670344E-4   -0.011543335897979073
1.4568157955781715E-4     -0.011589984757750976    0.08                     -9.717375528590187E-10   1.4568157955781715E-4    -0.011589984757750976
-6.402955800944908E-4     -0.009686040283130377    0.08                     -2.024678342131981E-9    -6.402955800944907E-4    -0.009686040283130375
-3.9877018555265083E-4    -0.009190252815498942    0.08                     -1.7592102857829596E-9   -3.9877018555265094E-4   -0.009190252815498942
-8.483354079461614E-4     -0.00928232509416177     0.08                     -1.4567233087999538E-9   -8.483354079461614E-4    -0.00928232509416177
-2.303765787689919E-4     -0.013827831696713876    0.08                     -3.712596909331576E-10   -2.3037657876899192E-4   -0.013827831696713878
5.338048192642894E-4      -0.013304304246564291    0.07999999999999999      -4.262626159458424E-10   5.338048192642894E-4     -0.013304304246564291
3.1109114018151065E-4     -0.013755591144790469    0.07999999999999999      -3.7788835106297813E-10  3.1109114018151065E-4    -0.013755591144790469
-3.377903999654284E-5     -0.014175436566455979    0.08000000000000002      -3.3991731331574946E-10  -3.377903999654284E-5    -0.014175436566455979
0.0012612196891092437     -0.008149694446888322    0.08000000000000002      -6.643679808130706E-10   0.0012612196891092437    -0.008149694446888322
0.0016135417069056447     -0.00812767375678763     0.07999999999999999      -5.983259089671303E-10   0.0016135417069056447    -0.00812767375678763
0.001797913816369699      -0.00782070164882643     0.08                     -5.2216257517143E-10     0.0017979138163696988    -0.00782070164882643
0.0020520685084645255     -0.008125996215984565    0.08                     -5.300842196245717E-10   0.002052068508464525     -0.008125996215984565
0.0021686335572788        -0.007673819777345038    0.08                     -4.6486172477686396E-10  0.0021686335572787996    -0.007673819777345038
9.169384629275144E-4      -0.010472068066803416    0.08000000000000002      -1.5614840330048726E-9   9.169384629275146E-4     -0.010472068066803415
0.0013487229988194667     -0.010745644586667382    0.08000000000000002      -1.0093404234189837E-9   0.0013487229988194667    -0.010745644586667382
0.001887130095523171      -0.01074850173567525     0.08                     -7.309673575277885E-10   0.0018871300955231713    -0.01074850173567525
0.0014889652920800527     -0.010306323078808586    0.08                     -1.0255034446124936E-9   0.0014889652920800527    -0.010306323078808586
0.001987971294487757      -0.010297775761893899    0.08                     -7.399559782055712E-10   0.001987971294487757     -0.010297775761893899
0.0014370967019650923     -0.008960129543187215    0.08                     -8.574821999589776E-10   0.0014370967019650923    -0.008960129543187215
0.0011164771743174295     -0.0100026745340791      0.08                     -1.4429255607141964E-9   0.0011164771743174295    -0.010002674534079102
0.0012058228902072628     -0.009637729885860813    0.08                     -1.2723312757599923E-9   0.0012058228902072628    -0.009637729885860813
0.0014773287186635648     -0.009397258756083738    0.08                     -9.697624748622888E-10   0.0014773287186635646    -0.009397258756083738
0.0015363584478990042     -0.009817424511625863    0.07999999999999999      -1.002222468444657E-9    0.0015363584478990042    -0.009817424511625863
0.0018512546556305864     -0.009979009536683592    0.08                     -8.135104961347691E-10   0.0018512546556305864    -0.009979009536683592
0.0022998642091414897     -0.009964604584154213    0.07999999999999999      -6.384679935646796E-10   0.0022998642091414897    -0.009964604584154213
0.0018257266215429095     -0.009107448419549677    0.08                     -7.350268916097989E-10   0.0018257266215429095    -0.009107448419549677
0.00229718157037751       -0.008505103361569823    0.08                     -5.366061017701489E-10   0.00229718157037751      -0.008505103361569823
0.0018144955915093252     -0.008602831861123655    0.08                     -6.459067336841706E-10   0.0018144955915093252    -0.008602831861123655
0.0021652799220071997     -0.008875312324886572    0.08000000000000002      -6.038584543011243E-10   0.0021652799220071997    -0.008875312324886572
0.002251392948569399      -0.009212138199443984    0.08                     -6.176989877538624E-10   0.0022513929485693984    -0.009212138199443984
0.002382190622549304      -0.009555054711454871    0.08                     -6.061108406313098E-10   0.002382190622549304     -0.009555054711454871
0.002740587441141527      -0.009731367364994003    0.08                     -5.299701280108728E-10   0.002740587441141527     -0.009731367364994003
0.00265804769275469       -0.009305009915681997    0.08000000000000002      -5.332873179212669E-10   0.00265804769275469      -0.009305009915681997
0.0022482832517301743     -0.011018846595670182    0.08000000000000002      -5.901089608777023E-10   0.0022482832517301743    -0.011018846595670182
0.0019054529649198144     -0.011274193069886801    0.08000000000000002      -6.40420158991466E-10    0.0019054529649198144    -0.011274193069886801
0.002371179875762763      -0.011369364999606953    0.08                     -5.291779952200342E-10   0.0023711798757627624    -0.011369364999606953
0.0026142114387570276     -0.011010819304450024    0.08                     -5.162673377383223E-10   0.0026142114387570276    -0.011010819304450024
0.0025318391716131605     -0.01182594941357305     0.07999999999999999      -4.622539909162676E-10   0.0025318391716131605    -0.011825949413573051
0.00283675549549716       -0.01141258073348482     0.08                     -4.5537177640147665E-10  0.00283675549549716      -0.01141258073348482
0.003034632989444776      -0.011024551733117675    0.08                     -4.5091624107342916E-10  0.0030346329894447755    -0.011024551733117673
5.838382867613735E-4      -0.011366994231723998    0.08                     -1.053726747438123E-9    5.838382867613736E-4     -0.011366994231723996
0.0016138278434632762     -0.011549875876008697    0.08000000000000002      -6.57750813880998E-10    0.0016138278434632764    -0.011549875876008697
0.001179533075737209      -0.011425204072035488    0.08                     -8.198032292413077E-10   0.001179533075737209     -0.011425204072035488
0.001487014404624893      -0.011127049783230564    0.08                     -8.080605020866699E-10   0.0014870144046248929    -0.011127049783230564
0.0010230329671854273     -0.010995169982839174    0.08000000000000002      -1.1015263055957758E-9   0.0010230329671854273    -0.010995169982839172
9.913679906297418E-4      -0.013074888829207208    0.08                     -4.4252638494992414E-10  9.913679906297416E-4     -0.013074888829207208
8.183026426017287E-4      -0.013559942628772687    0.08                     -3.9033474522037046E-10  8.183026426017287E-4     -0.013559942628772687
0.001523602363159728      -0.012839898003698396    0.08                     -4.441332677156906E-10   0.001523602363159728     -0.012839898003698396
0.0013554226314580736     -0.013348375045331576    0.08                     -3.951929544460735E-10   0.0013554226314580736    -0.013348375045331576
0.0018155108841981522     -0.01308975213614145     0.08000000000000002      -3.9849161452068083E-10  0.0018155108841981522    -0.01308975213614145
0.0017384566437513187     -0.012017095983146866    0.08                     -5.442196439863275E-10   0.0017384566437513187    -0.012017095983146864
0.0020659230862107255     -0.011710455666054623    0.08                     -5.409435144795724E-10   0.0020659230862107255    -0.011710455666054623
0.0019309091167539895     -0.012531848997744096    0.08000000000000002      -4.505137790103135E-10   0.0019309091167539897    -0.012531848997744096
0.0023185660637501503     -0.012744244898489873    0.07999999999999999      -3.981371610953394E-10   0.0023185660637501503    -0.012744244898489873
0.002245732890545956      -0.012224826036923542    0.07999999999999999      -4.5519737232264526E-10  0.0022457328905459563    -0.012224826036923542
0.002654264747943902      -0.012335503273487458    0.08                     -4.061129722619321E-10   0.0026542647479439016    -0.012335503273487458
0.002465149977325766      -0.010520919663235657    0.08                     -5.788848024090779E-10   0.0024651499773257657    -0.010520919663235657
0.0028477703211254096     -0.010720148469074955    0.08                     -4.926620749839629E-10   0.0028477703211254096    -0.010720148469074955
0.003159279406021009      -0.010650123410856976    0.08000000000000002      -4.48248555457585E-10    0.003159279406021009     -0.010650123410856976
0.0031718524550890612     -0.010248949957444116    0.08                     -4.5570983215059296E-10  0.003171852455089061     -0.010248949957444116
0.0031991119405293013     -0.009871699482431948    0.08                     -4.5432607970225405E-10  0.0031991119405293013    -0.009871699482431948
0.002751972235119633      -0.01010469016959455     0.08                     -5.285290862118658E-10   0.0027519722351196335    -0.010104690169594548
0.002888969520483912      -0.01044249604467785     0.08                     -4.959966970847582E-10   0.002888969520483912     -0.01044249604467785
0.0011530723441823586     -0.013839883508130547    0.07999999999999999      -3.5451090627358827E-10  0.0011530723441823586    -0.013839883508130545
-4.900717736159091E-5     -0.006012670853373097    0.08                     -3.7969355521072186E-10  -4.900717736159091E-5    -0.006012670853373097
0.0022315972253117294     -0.0072810348165309345   0.08                     -4.2244304355076014E-10  0.0022315972253117294    -0.0072810348165309345
0.0017656594188268592     -0.0073974112332968744   0.08                     -4.70752537789483E-10    0.0017656594188268594    -0.0073974112332968744
0.0013753336836543778     -0.0077272061158311185   0.08                     -5.558217710758009E-10   0.0013753336836543775    -0.007727206115831118
0.0013190307208672688     -0.007199377455560268    0.08                     -4.793625079156604E-10   0.001319030720867269     -0.007199377455560269
0.001254720618074856      -0.006712106255925642    0.08                     -4.250111921903563E-10   0.001254720618074856     -0.006712106255925642
0.0017605111774884816     -0.006958623770333179    0.08                     -4.239247237719434E-10   0.0017605111774884816    -0.006958623770333179
0.0011337583084202602     -0.006225272296523164    0.08                     -3.826583162887418E-10   0.0011337583084202602    -0.006225272296523164
0.0024561986194817443     -0.008108964356107903    0.08                     -4.757377815851915E-10   0.002456198619481744     -0.008108964356107903
0.0029854285885445946     -0.00817585037337884     0.08                     -4.217196156174762E-10   0.0029854285885445946    -0.00817585037337884
0.002656430408977427      -0.007641672116755245    0.08                     -4.175785571073934E-10   0.0026564304089774266    -0.007641672116755246
0.0019370919124365603     -0.00957463132806186     0.08                     -7.525672176858258E-10   0.0019370919124365603    -0.00957463132806186
0.002537246956767116      -0.008893416622915328    0.08                     -5.302167690300225E-10   0.0025372469567671164    -0.00889341662291533
0.002756257187251573      -0.00854723817122927     0.07999999999999999      -4.720251784748595E-10   0.002756257187251573     -0.00854723817122927
0.0032976188174272847     -0.008634790724731375    0.08                     -4.1208173737652714E-10  0.0032976188174272847    -0.008634790724731375
0.0030057504355932314     -0.008980517823237114    0.08                     -4.62372968801322E-10    0.0030057504355932314    -0.008980517823237113
0.003158291376688824      -0.009474648110377957    0.08                     -4.558701920401022E-10   0.0031582913766888235    -0.009474648110377957
0.0036187903519838546     -0.009656894198752996    0.07999999999999999      -4.0122944843793264E-10  0.003618790351983855     -0.009656894198752998
0.0035467760104826054     -0.009180862894784403    0.08                     -4.024828409950626E-10   0.0035467760104826054    -0.009180862894784403
0.0034607764979837563     -0.010494822279802165    0.07999999999999999      -4.1397769052799373E-10  0.0034607764979837563    -0.010494822279802165
0.003652092671947794      -0.010136546481405362    0.08000000000000002      -3.972642851792753E-10   0.003652092671947794     -0.010136546481405362
0.0034961514741654346     -0.010936772670408648    0.08                     -3.992719745686685E-10   0.003496151474165435     -0.010936772670408648
0.0030581024522365074     -0.011878329388900762    0.08                     -4.005680072913806E-10   0.0030581024522365074    -0.011878329388900764
0.0033130269200950637     -0.011381866784986294    0.08                     -4.015950685111532E-10   0.0033130269200950632    -0.011381866784986294
0.0022807935907784046     -0.01324351296892069     0.08                     -3.5964055141308684E-10  0.0022807935907784046    -0.01324351296892069
0.0032256391580886617     -0.012323171600868404    0.08                     -3.600956858162594E-10   0.0032256391580886617    -0.012323171600868404
0.004025933559524384      -0.009966797235994335    0.08                     -3.614220446606828E-10   0.004025933559524384     -0.009966797235994335
0.003842264896065657      -0.008846915497216968    0.08                     -3.6614634623709956E-10  0.003842264896065657     -0.008846915497216968
0.002251610421575662      -0.006830180501651217    0.07999999999999999      -3.84341116551719E-10    0.002251610421575662     -0.006830180501651217
0.003179218615630334      -0.007714914696947633    0.07999999999999999      -3.7888000728167955E-10  0.0031792186156303346    -0.007714914696947633
0.0038210110178636216     -0.011193373227586345    0.08000000000000002      -3.604538991714877E-10   0.0038210110178636216    -0.011193373227586345
-0.0031389076868335967    0.010333442337301437     0.08000000000000002      -3.973270996845905E-10   -0.0031389076868335967   0.010333442337301437
-0.0036467466197150546    0.010211464271625736     0.08                     -3.4547155953738127E-10  -0.003646746619715055    0.010211464271625737
-0.003223622399441773     0.00987440374584455      0.08                     -3.9068077567308537E-10  -0.0032236223994417733   0.00987440374584455
-0.0027519599895783047    0.010019059576363279     0.08                     -4.5732589676096793E-10  -0.0027519599895783047   0.010019059576363279
-0.002863739051079954     0.009636928434761752     0.08                     -4.372680502190923E-10   -0.002863739051079954    0.009636928434761752
-0.003182925989085255     0.009371992465736393     0.07999999999999999      -3.902978604954354E-10   -0.0031829259890852547   0.009371992465736391
-0.0036117111544978282    0.009650362817625407     0.07999999999999999      -3.4952181604392284E-10  -0.0036117111544978282   0.009650362817625407
-0.0024258598162287606    0.00848637008919272      0.08                     -4.437956797208873E-10   -0.0024258598162287606   0.00848637008919272
-0.0020460508912407277    0.00826208352847647      0.08                     -4.718524925097978E-10   -0.0020460508912407277   0.008262083528476473
-0.0021199389522706274    0.008767218213222499     0.08                     -5.178350947237552E-10   -0.0021199389522706274   0.0087672182132225
-0.0017772406631471368    0.00863032394635405      0.08000000000000002      -5.658859145430047E-10   -0.0017772406631471368   0.00863032394635405
-0.0015472249215458637    0.00831755402460102      0.08                     -5.527111951097493E-10   -0.0015472249215458637   0.00831755402460102
-0.0016680777551493285    0.0078859298535221       0.08                     -4.69402032151306E-10    -0.0016680777551493287   0.0078859298535221
-0.0012178349736184965    0.008049914153004593     0.08000000000000002      -5.474248552881404E-10   -0.0012178349736184965   0.008049914153004593
-8.516767252177415E-4     0.007809193902824561     0.07999999999999999      -5.340219175491021E-10   -8.516767252177416E-4    0.00780919390282456
-7.769857610759757E-4     0.00826161909237277      0.08                     -6.570298016039397E-10   -7.769857610759757E-4    0.008261619092372772
-5.642204145173352E-4     0.0075992127178109116    0.08                     -5.094725406968459E-10   -5.642204145173352E-4    0.0075992127178109116
-4.425782411136076E-4     0.00796713305089148      0.08                     -6.001097319882644E-10   -4.4257824111360765E-4   0.00796713305089148
-2.157841733758882E-4     0.007596986919830179     0.08000000000000002      -5.189833649017887E-10   -2.157841733758882E-4    0.007596986919830178
-4.6266515186940335E-4    0.007267188752630941     0.07999999999999999      -4.564052023637012E-10   -4.626651518694034E-4    0.00726718875263094
-5.423554935466855E-5     0.007224605669730132     0.08                     -4.5551364494040046E-10  -5.423554935466855E-5    0.007224605669730132
1.6707522473447813E-4     0.00760615874059512      0.08                     -5.208671774081344E-10   1.6707522473447813E-4    0.007606158740595121
6.005259079196826E-4      0.006806839718004847     0.08                     -3.9574599762366356E-10  6.005259079196824E-4     0.006806839718004846
3.6465391084649203E-4     0.0072292609515652835    0.08                     -4.524517258391486E-10   3.64653910846492E-4      0.0072292609515652835
1.158784083274737E-4      0.006770267172410013     0.07999999999999999      -3.97807095445344E-10    1.1587840832747368E-4    0.006770267172410013
7.609559570508545E-4      0.007213638086141051     0.08                     -4.390783473772087E-10   7.609559570508545E-4     0.007213638086141051
-0.004006553914608335     0.009976260518437897     0.08000000000000002      -3.171020122838513E-10   -0.004006553914608335    0.009976260518437897
-0.003521456246750301     0.010691212905268357     0.08                     -3.498653910062517E-10   -0.0035214562467503004   0.010691212905268357
-0.0030274518437177376    0.010802655497582287     0.08                     -3.986201923020699E-10   -0.003027451843717738    0.010802655497582287
-0.00336546853005757      0.011241525313655541     0.07999999999999999      -3.483177548941498E-10   -0.0033654685300575703   0.011241525313655541
-0.003785315252321492     0.011112677783351524     0.08                     -3.179092876435128E-10   -0.003785315252321492    0.011112677783351524
-0.0013902996818958104    0.011420611570411653     0.07999999999999999      -6.271030413384633E-10   -0.0013902996818958104   0.011420611570411653
-0.00102544444077991      0.011619042401758612     0.08                     -6.455533222801928E-10   -0.00102544444077991     0.01161904240175861
-0.0014708439028120511    0.01181200096687136      0.08                     -5.272160020523742E-10   -0.0014708439028120511   0.011812000966871362
-5.098014444083403E-4     0.009526714023747388     0.07999999999999999      -1.8047611406574884E-9   -5.098014444083403E-4    0.009526714023747388
-8.644533656263786E-4     0.009514429483485878     0.08                     -1.405068351121626E-9    -8.644533656263785E-4    0.00951442948348588
-6.092073081187884E-4     0.009174028431447039     0.08000000000000002      -1.2970445435656144E-9   -6.092073081187884E-4    0.009174028431447039
-6.241065548706363E-4     0.009849611140224965     0.07999999999999999      -1.9382871783284344E-9   -6.241065548706364E-4    0.009849611140224965
-9.72758703638422E-4      0.010509914464877292     0.08                     -1.264895916441728E-9    -9.727587036384222E-4    0.010509914464877292
-7.700244141781345E-4     0.010225830110255225     0.08                     -1.6997605729792818E-9   -7.700244141781346E-4    0.010225830110255225
-5.60037757334593E-4      0.010637883097296704     0.08                     -1.5500003251930843E-9   -5.600377573345929E-4    0.010637883097296704
-1.6934672960076166E-4    0.010656082107209468     0.08                     -1.775777210524211E-9    -1.6934672960076166E-4   0.010656082107209468
-3.927850699682262E-4     0.011076662216234767     0.08                     -1.1307378965969758E-9   -3.927850699682262E-4    0.011076662216234767
-2.881719217670488E-4     0.010210411721378095     0.08                     -2.319861546810843E-9    -2.881719217670488E-4    0.010210411721378097
2.3619787514141902E-4     0.010388246054920204     0.08                     -2.15293494391124E-9     2.3619787514141902E-4    0.010388246054920206
-2.3726916621660387E-4    0.009731308614883902     0.08                     -2.2962846072349427E-9   -2.3726916621660387E-4   0.009731308614883902
1.45654460173659E-4       0.009895443926274124     0.08000000000000002      -2.488728902312236E-9    1.45654460173659E-4      0.009895443926274124
-3.057964276512242E-4     0.008457815025784458     0.08                     -7.910181450355839E-10   -3.0579642765122427E-4   0.008457815025784458
-2.8945432354680217E-5    0.00802675445044236      0.08                     -6.28728563499797E-10    -2.8945432354680217E-5   0.00802675445044236
1.9269770824050696E-4     0.008396582799835855     0.07999999999999999      -7.707967810649044E-10   1.9269770824050696E-4    0.008396582799835855
-2.3476877972608014E-4    0.00934115914467731      0.08                     -1.747979743569414E-9    -2.3476877972608014E-4   0.009341159144677312
-2.609906204438879E-4     0.008960331278293845     0.08                     -1.2013293308256106E-9   -2.609906204438879E-4    0.008960331278293846
4.756053003041982E-5      0.009546967745979549     0.08                     -2.145524940828142E-9    4.756053003041982E-5     0.009546967745979549
6.026719536524462E-5      0.008756929558954674     0.07999999999999999      -1.026431680936551E-9    6.026719536524462E-5     0.008756929558954674
-0.001836147775432599     0.011467564112611232     0.07999999999999999      -5.281514419512456E-10   -0.0018361477754325994   0.01146756411261123
-0.00283727378892271      0.011314165393859528     0.08                     -3.965219427882332E-10   -0.00283727378892271     0.011314165393859528
-0.002523623543951521     0.01091492654725559      0.08                     -4.645501309921004E-10   -0.0025236235439515214   0.010914926547255592
-0.0031159918012629217    0.01173543825710271      0.08                     -3.48463024825032E-10    -0.003115991801262922    0.01173543825710271
-0.0015512502126317188    0.011030012031885205     0.08                     -6.795500509541259E-10   -0.0015512502126317186   0.011030012031885207
-0.0017491805552208146    0.010651209904741341     0.08                     -6.898447881008246E-10   -0.0017491805552208148   0.010651209904741341
-0.002025969790742359     0.01101091263407002      0.07999999999999999      -5.532641047585614E-10   -0.002025969790742359    0.011010912634070018
-0.0013306544681965138    0.010650026503468343     0.07999999999999999      -9.050634814991311E-10   -0.0013306544681965136   0.010650026503468343
-0.0026158821097655603    0.011782213347693991     0.07999999999999999      -3.897461311593839E-10   -0.0026158821097655607   0.011782213347693991
-0.0023580878424549075    0.011372370303413787     0.08                     -4.5494887344239137E-10  -0.0023580878424549075   0.011372370303413787
-0.0014933906527331636    0.012274199454984758     0.08000000000000002      -4.4960567656735245E-10  -0.0014933906527331636   0.012274199454984758
-0.0018672197386822237    0.011983924969875331     0.08                     -4.501833939648155E-10   -0.0018672197386822235   0.011983924969875331
-0.0022083275042562617    0.01176989531283799      0.08                     -4.3537833089919E-10     -0.0022083275042562617   0.01176989531283799
-0.002320871865264625     0.012183588384984173     0.08                     -3.8579038487455845E-10  -0.0023208718652646255   0.012183588384984173
-0.0027923202246772165    0.012243586963866382     0.08                     -3.451865325050807E-10   -0.0027923202246772165   0.012243586963866382
-0.002401070217421971     0.012603114166988703     0.08                     -3.475176820900001E-10   -0.002401070217421971    0.012603114166988701
-0.0025877450107111926    0.008859269519332823     0.07999999999999999      -4.485850843651115E-10   -0.0025877450107111926   0.008859269519332823
-0.0027167565633251355    0.009271105275804983     0.08                     -4.497251832294332E-10   -0.0027167565633251355   0.009271105275804983
-0.002386870363237335     0.009656623166841275     0.08                     -5.265028418428409E-10   -0.002386870363237335    0.009656623166841275
-0.002009577367126727     0.009912947509889906     0.08                     -6.407217970309842E-10   -0.002009577367126727    0.009912947509889906
-0.0018752655045131505    0.009529240337195658     0.08                     -6.711177314586004E-10   -0.0018752655045131507   0.009529240337195656
-0.0022158293942440245    0.009197915937769226     0.07999999999999999      -5.404433667786707E-10   -0.002215829394244025    0.009197915937769226
-0.002323433485268472     0.010154842921994894     0.08                     -5.427123216273976E-10   -0.0023234334852684714   0.010154842921994894
-0.001888725832810163     0.010246383774283786     0.08                     -6.81744299171231E-10    -0.001888725832810163    0.010246383774283786
-0.0026584157120966368    0.01046381842328833      0.07999999999999999      -4.6431164797333024E-10  -0.0026584157120966363   0.01046381842328833
-0.002204772169366688     0.01056723965685177      0.08000000000000002      -5.527739610410111E-10   -0.002204772169366688    0.010567239656851772
-0.003586850017457345     0.009127435601232126     0.07999999999999999      -3.457364971009828E-10   -0.003586850017457345    0.009127435601232125
-0.003068082219116141     0.00893089196471041      0.08000000000000002      -3.9085360970769536E-10  -0.0030680822191161412   0.00893089196471041
-0.0033562494715846224    0.008578199476261875     0.07999999999999999      -3.515893368448953E-10   -0.003356249471584623    0.008578199476261874
-0.003854335698304966     0.008811017082253146     0.08                     -3.1867017417608923E-10  -0.0038543356983049655   0.008811017082253146
-0.0021834168858095486    0.007735599539144411     0.08                     -4.0538884429996414E-10  -0.002183416885809548    0.0077355995391444115
-0.002526168455890337     0.008076785348828277     0.08000000000000002      -4.016948710048215E-10   -0.002526168455890337    0.008076785348828277
-0.0028632006764015517    0.008455999935354773     0.08                     -3.9206620536488495E-10  -0.002863200676401552    0.008455999935354773
-0.0026985006872302553    0.007611433529770326     0.07999999999999999      -3.586725952875534E-10   -0.0026985006872302553   0.007611433529770326
-0.0031026210631607525    0.008048151039532787     0.08                     -3.5173702252571316E-10  -0.0031026210631607525   0.008048151039532785
-0.0033185943149318196    0.007614301750958773     0.08                     -3.1970742764200524E-10  -0.003318594314931819    0.007614301750958773
-8.8494050520156E-4       0.0073694564845262515    0.08                     -4.558597892911489E-10   -8.8494050520156E-4      0.0073694564845262515
-0.0012823517395758404    0.0076098735339235335    0.08                     -4.6563361280335395E-10  -0.0012823517395758406   0.0076098735339235335
-0.0023149096997078207    0.007188715197050423     0.08                     -3.565943235013179E-10   -0.0023149096997078203   0.007188715197050423
-0.0017357970658548577    0.007408879389408144     0.08000000000000002      -4.0943516170676827E-10  -0.0017357970658548577   0.007408879389408144
-0.0023781530538677883    0.006662868444207019     0.08000000000000002      -3.2266114473942067E-10  -0.0023781530538677883   0.006662868444207019
-0.0013126016249347008    0.007109359638113526     0.07999999999999999      -4.034611131764029E-10   -0.001312601624934701    0.007109359638113527
-0.0017662563980978467    0.006885383645453314     0.07999999999999999      -3.6292320745549483E-10  -0.001766256398097847    0.006885383645453313
-3.5326818333970123E-4    0.006845182229230303     0.08                     -4.038411774638916E-10   -3.5326818333970123E-4   0.006845182229230304
-8.335557453738492E-4     0.0069343539780953685    0.08                     -4.032530359895467E-10   -8.335557453738492E-4    0.0069343539780953685
-2.728110452892366E-4     0.00635148409614952      0.07999999999999999      -3.5815733597604283E-10  -2.728110452892366E-4    0.006351484096149521
-0.001279690374619615     0.006588680695616363     0.08                     -3.5849779034273234E-10  -0.001279690374619615    0.006588680695616363
-0.0011763209665816355    0.006082647221365282     0.08                     -3.2544609415899547E-10  -0.0011763209665816355   0.006082647221365282
-7.416648132873701E-4     0.006422448582693466     0.08                     -3.5821040186146576E-10  -7.416648132873701E-4    0.006422448582693466
-0.0013620821758152256    0.009493226640405293     0.08                     -9.376405579195749E-10   -0.0013620821758152256   0.009493226640405293
-0.0011545783543212063    0.00904165771155879      0.07999999999999999      -8.766001573975245E-10   -0.0011545783543212061   0.009041657711558791
-0.0011311780732119608    0.008531223237211448     0.08                     -6.832308081965398E-10   -0.0011311780732119608   0.008531223237211448
-0.001716068144622196     0.009069439829332056     0.08                     -6.58152610924983E-10    -0.0017160681446221958   0.009069439829332058
-6.890661965860336E-4     0.008729586244396325     0.08                     -8.819313312093198E-10   -6.890661965860335E-4    0.008729586244396325
-0.0014750535305458378    0.008697237746139544     0.08                     -6.47269932714952E-10    -0.0014750535305458378   0.008697237746139544
5.954173541503497E-4      0.009987855732005325     0.08                     -2.0215137914424894E-9   5.954173541503497E-4     0.009987855732005323
4.300336427479536E-4      0.008776438131093495     0.08                     -9.79974771982466E-10    4.300336427479536E-4     0.008776438131093495
4.202717796682354E-4      0.009552052176813486     0.08000000000000002      -1.9279550042127673E-9   4.2027177966823536E-4    0.009552052176813486
1.727241559083294E-4      0.009173309622041359     0.08                     -1.5088327084163763E-9   1.727241559083294E-4     0.009173309622041359
7.880279001412448E-4      0.008695996755756477     0.08                     -8.377800769872533E-10   7.880279001412448E-4     0.008695996755756477
7.126720615946351E-4      0.009169694548606793     0.08000000000000002      -1.2221287375501489E-9   7.12672061594635E-4      0.009169694548606793
8.007102610400362E-4      0.009579477228145113     0.08                     -1.5267921830966539E-9   8.007102610400362E-4     0.009579477228145113
0.0012075997125269022     0.009367399932854684     0.07999999999999999      -9.993412377193724E-10   0.0012075997125269022    0.009367399932854683
0.0010694923811946735     0.009838714909966444     0.07999999999999999      -1.3294429417297848E-9   0.0010694923811946733    0.009838714909966446
0.0013003637721277646     0.01013293355632636      0.08                     -1.0735857748033437E-9   0.0013003637721277646    0.01013293355632636
9.898199600433528E-4      0.010241547406464682     0.08                     -1.3878038200178753E-9   9.89819960043353E-4      0.010241547406464683
6.771806770019385E-4      0.010419900540170817     0.08                     -1.6516960731844473E-9   6.771806770019385E-4     0.010419900540170817
5.435513690780142E-4      0.01074768214246774      0.08                     -1.4179349048309147E-9   5.435513690780143E-4     0.01074768214246774
0.0010075640377106528     0.010711306726399372     0.08                     -1.0880745959971042E-9   0.0010075640377106528    0.010711306726399373
7.519815617767764E-4      0.011066418807126652     0.08                     -9.85941260227719E-10    7.519815617767764E-4     0.011066418807126652
0.0011683762453019808     0.01120932839714112      0.08                     -7.507290811499717E-10   0.0011683762453019808    0.011209328397141118
-5.828515464227136E-4     0.01149687003326744      0.08                     -7.798121792414261E-10   -5.828515464227136E-4    0.011496870033267438
-7.759958773432261E-5     0.0114830234300058       0.08                     -8.420554609622646E-10   -7.759958773432261E-5    0.011483023430005802
4.7737433208699335E-5     0.011939711145456573     0.08000000000000002      -6.271767225119907E-10   4.7737433208699335E-5    0.011939711145456573
-3.538130310681198E-4     0.011921202141676579     0.08                     -6.235005177834133E-10   -3.538130310681198E-4    0.011921202141676579
-7.438510613416761E-4     0.011904280884023868     0.08                     -5.991400959784466E-10   -7.438510613416761E-4    0.011904280884023868
-6.389367331060517E-4     0.01234554696511991      0.08                     -4.996466472246472E-10   -6.389367331060518E-4    0.012345546965119912
-1.063904136874667E-4     0.012356428008735588     0.08                     -5.135598128444728E-10   -1.063904136874667E-4    0.012356428008735586
3.4970548771264074E-4     0.012175936172048828     0.08                     -5.496055357891864E-10   3.4970548771264074E-4    0.01217593617204883
3.909515899848692E-4      0.011707669488076788     0.08                     -7.018144099223124E-10   3.909515899848692E-4     0.01170766948807679
2.3157684650230862E-4     0.012554339782918126     0.08                     -4.729145209019576E-10   2.3157684650230862E-4    0.012554339782918126
5.159772058622013E-4      0.012544164710946906     0.08                     -4.678249000163965E-10   5.159772058622013E-4     0.012544164710946906
3.774894847103378E-4      0.012928112729846154     0.08                     -4.1126663424660335E-10  3.774894847103378E-4     0.01292811272984615
-7.687895897053902E-4     0.012815089135987156     0.08                     -4.1645632689730416E-10  -7.687895897053902E-4    0.012815089135987157
-3.81955251046021E-4      0.012789086213472696     0.07999999999999999      -4.3107130212769986E-10  -3.81955251046021E-4     0.012789086213472694
1.4506658927899508E-5     0.012765106501073556     0.08                     -4.3875633284691354E-10  1.4506658927899508E-5    0.012765106501073556
-6.154878289246525E-4     0.013189907217640486     0.07999999999999999      -3.740540828880431E-10   -6.154878289246525E-4    0.013189907217640488
-6.75591816789267E-5      0.013219594295111707     0.08                     -3.770599291216382E-10   -6.75591816789267E-5     0.01321959429511171
0.0014822427434627186     0.008934011413980241     0.08                     -7.06570514185188E-10    0.0014822427434627186    0.008934011413980243
0.0017470247524329061     0.009247186788949941     0.08                     -6.841117489350071E-10   0.001747024752432906     0.00924718678894994
0.0012037294784111234     0.008590315090815228     0.08                     -6.837629652682709E-10   0.0012037294784111236    0.00859031509081523
9.668542633279031E-4      0.008303973275627938     0.08                     -6.425242327393264E-10   9.668542633279031E-4     0.008303973275627938
0.0010827865290495527     0.0089275235308202       0.08                     -8.502957926170681E-10   0.0010827865290495527    0.0089275235308202
0.0010388128666909328     0.007897964219750673     0.08000000000000002      -5.353661291745774E-10   0.0010388128666909328    0.007897964219750671
0.001356801177391017      0.008177943914391025     0.08000000000000002      -5.557167236209984E-10   0.001356801177391017     0.008177943914391026
0.0016517695773085722     0.008478393173590698     0.08                     -5.662262119029271E-10   0.0016517695773085722    0.008478393173590698
0.0014512842591748773     0.007690650561048973     0.08000000000000002      -4.648253550238047E-10   0.0014512842591748773    0.007690650561048972
0.0010706819259452146     0.007423768955053052     0.08                     -4.5374994655104463E-10  0.0010706819259452148    0.007423768955053052
0.001449681580572296      0.007161984602391151     0.08                     -4.0224228448632523E-10  0.0014496815805722962    0.007161984602391151
0.0017835631162645632     0.007985314302268972     0.08000000000000002      -4.720054990946213E-10   0.001783563116264563     0.007985314302268972
3.0112001261678017E-4     0.006372288077914083     0.07999999999999999      -3.595866941863261E-10   3.0112001261678017E-4    0.0063722880779140826
0.0019410866645866633     0.00880360968546312      0.07999999999999999      -5.602658978997618E-10   0.0019410866645866633    0.00880360968546312
-1.3056331132820713E-5    0.005979233508529821     0.08                     -3.3124268869842254E-10  -1.3056331132820713E-5   0.005979233508529821
6.354235457318746E-4      0.00765234420088034      0.08000000000000002      -5.134548125515969E-10   6.354235457318747E-4     0.007652344200880339
3.837832927387825E-4      0.008035999181922018     0.08000000000000002      -6.219811370686731E-10   3.8378329273878244E-4    0.00803599918192202
5.762012338940759E-4      0.008393741080606388     0.08                     -7.322363192327399E-10   5.76201233894076E-4      0.008393741080606388
7.197093130518605E-4      0.008085155684872995     0.07999999999999999      -6.099361044023154E-10   7.197093130518605E-4     0.008085155684872995
0.0010656939404371272     0.00696236328295895      0.08000000000000002      -3.9884525471876565E-10  0.0010656939404371272    0.00696236328295895
8.338171770483173E-4      0.006451299991314772     0.08                     -3.5881403298800347E-10  8.338171770483175E-4     0.006451299991314773
0.0013606010203529963     0.006669392875525057     0.08                     -3.623146969024249E-10   0.0013606010203529963    0.0066693928755250575
0.0018230211363177346     0.006935703924181661     0.08                     -3.641600266614698E-10   0.0018230211363177344    0.006935703924181662
-0.0019065332900779432    0.012423881372688041     0.08                     -3.974244506547705E-10   -0.001906533290077943    0.012423881372688043
-0.001100704352376879     0.01258421940639669      0.08                     -4.335031281354578E-10   -0.0011007043523768789   0.01258421940639669
-0.001490232039122212     0.012780571707541879     0.08                     -3.871996739820366E-10   -0.001490232039122212    0.012780571707541879
-0.0010645990278522182    0.013040820885930077     0.08000000000000002      -3.7804841402964143E-10  -0.0010645990278522182   0.013040820885930076
-0.001892017044023672     0.013013174924094251     0.08                     -3.4427300156246473E-10  -0.0018920170440236723   0.01301317492409425
-0.0013714926542627054    0.01329739976353423      0.07999999999999999      -3.416532795828289E-10   -0.0013714926542627052   0.013297399763534229
-0.0032689274422505665    0.012268337470406239     0.07999999999999999      -3.122317734938371E-10   -0.0032689274422505665   0.012268337470406239
-0.00234336075713558      0.013225584523066486     0.08                     -3.078650912309662E-10   -0.00234336075713558     0.013225584523066486
-0.0010629322036613544    0.00987130491327334      0.08                     -1.3282619855869777E-9   -0.0010629322036613544   0.009871304913273342
-0.0015359509842637798    0.009929958926508477     0.07999999999999999      -8.863618426255564E-10   -0.0015359509842637795   0.009929958926508478
-0.0011907031134500581    0.010235603168351651     0.07999999999999999      -1.165141491529624E-9    -0.0011907031134500581   0.01023560316835165
-0.0015388052068008799    0.010366603999332789     0.08                     -8.475671680189661E-10   -0.0015388052068008799   0.010366603999332789
-9.653819694481985E-4     0.011042559471765093     0.08                     -9.179683606475056E-10   -9.653819694481984E-4    0.011042559471765093
-0.0010722143803170079    0.012091412518190157     0.08                     -5.201671219350523E-10   -0.0010722143803170079   0.012091412518190155
3.547464857674269E-4      0.011181306637093031     0.08                     -1.0351229249036785E-9   3.5474648576742696E-4    0.011181306637093031
1.8739454323291028E-4     0.010801855262373553     0.08                     -1.5245918050105082E-9   1.8739454323291028E-4    0.010801855262373553
-1.193075268229437E-5     0.011022501053218801     0.08                     -1.2545822989583223E-9   -1.193075268229437E-5    0.011022501053218801
7.932626772085918E-4      0.012313388710042913     0.08                     -4.978031615543265E-10   7.932626772085917E-4     0.012313388710042913
8.139650521160565E-4      0.012755083952400638     0.08                     -4.2330687092528953E-10  8.139650521160564E-4     0.012755083952400636
0.001254749475231187      0.012566727086913329     0.08                     -4.271499700204777E-10   0.001254749475231187     0.012566727086913329
7.644545961844914E-4      0.013161660926738995     0.08                     -3.7409536232558835E-10  7.644545961844914E-4     0.013161660926738995
-8.575462904773601E-4     0.013571755457854        0.08                     -3.3181380467406184E-10  -8.5754629047736E-4      0.013571755457854
0.001444871421467315      0.010855292708510196     0.08                     -7.692448793823621E-10   0.0014448714214673147    0.010855292708510196
0.0016438887949811163     0.010221706466668269     0.08                     -8.042693909506361E-10   0.0016438887949811163    0.010221706466668269
0.0013153066165179498     0.010467336313647272     0.08                     -9.693955006028864E-10   0.0013153066165179498    0.01046733631364727
0.0017255152109754244     0.010563075845388858     0.08                     -7.131826368938122E-10   0.0017255152109754244    0.01056307584538886
0.0014813537356700597     0.011533220074142512     0.07999999999999999      -5.833617038396519E-10   0.0014813537356700597    0.011533220074142512
0.001634917675368408      0.011218880958704996     0.08                     -6.153100365654561E-10   0.0016349176753684082    0.011218880958704996
0.0018849312229622366     0.010934540347176568     0.08000000000000002      -6.000573671128792E-10   0.0018849312229622366    0.01093454034717657
0.002043930981595936      0.010346701176587475     0.08                     -6.181236610797781E-10   0.002043930981595936     0.010346701176587475
0.0020617932895786173     0.010651734886906562     0.08                     -5.86204231069837E-10    0.0020617932895786173    0.010651734886906562
0.0018642538723956231     0.01158866376752643      0.07999999999999999      -5.060550043047932E-10   0.0018642538723956231    0.01158866376752643
0.0015395035295486352     0.011901240678786434     0.07999999999999999      -5.037041815715226E-10   0.0015395035295486352    0.011901240678786435
0.002081649276599403      0.012075786328681577     0.07999999999999999      -4.185697290283411E-10   0.002081649276599403     0.012075786328681575
0.002106246020468263      0.012617600812118669     0.08                     -3.646855562583995E-10   0.002106246020468263     0.012617600812118669
0.001604407161786421      0.012353199353291634     0.07999999999999999      -4.3005223642987346E-10  0.0016044071617864213    0.012353199353291634
0.002337989530732678      0.011672264734749332     0.08                     -4.3002800479859617E-10  0.0023379895307326782    0.011672264734749332
0.0024174974422347256     0.008687135877709858     0.08000000000000002      -4.623768111699528E-10   0.0024174974422347256    0.00868713587770986
0.002305933597913956      0.009198820057815523     0.08                     -5.236745063084903E-10   0.0023059335979139554    0.009198820057815525
0.0027121811738242295     0.008972918811888053     0.08                     -4.3810228532970635E-10  0.0027121811738242295    0.008972918811888053
0.002888608441813412      0.008648831485255255     0.08                     -3.990245798670728E-10   0.002888608441813412     0.008648831485255255
0.0025787888459455465     0.009845660937272306     0.08                     -4.9161006392321E-10     0.0025787888459455465    0.009845660937272306
0.0023240798263803805     0.009830994989438463     0.08                     -5.48584994709968E-10    0.0023240798263803805    0.009830994989438463
0.002494537032311515      0.00954512783622427      0.07999999999999999      -5.027445411516706E-10   0.002494537032311515     0.00954512783622427
0.0024305444677917443     0.010147205697144196     0.08                     -5.213058855463247E-10   0.0024305444677917448    0.010147205697144196
0.0027497586719956563     0.010009894579351123     0.08                     -4.597768250297223E-10   0.0027497586719956563    0.010009894579351123
0.002898758131675831      0.009681865688261505     0.08000000000000002      -4.3360757752351114E-10  0.002898758131675831     0.009681865688261503
0.00276211739657753       0.009296469987955467     0.08                     -4.454883695312141E-10   0.0027621173965775296    0.009296469987955467
0.001547365154246234      0.009763017938264121     0.08                     -8.69393591525964E-10    0.001547365154246234     0.00976301793826412
0.0020332425037419        0.010011158954311209     0.07999999999999999      -6.361025789091413E-10   0.0020332425037419       0.010011158954311207
0.0020777267030046053     0.009585033345398284     0.08                     -6.075922386847548E-10   0.002077726703004605     0.009585033345398284
0.0011852989861076367     0.012103020315399254     0.08                     -5.063113441806899E-10   0.0011852989861076367    0.012103020315399254
7.518918262072432E-4      0.011911012923104498     0.08                     -5.953271789831234E-10   7.518918262072433E-4     0.011911012923104496
7.44390783477021E-4       0.011450970716093264     0.08                     -7.623286684356681E-10   7.443907834770212E-4     0.011450970716093264
0.0011550686746923512     0.011686440766153825     0.08                     -6.053062830084293E-10   0.0011550686746923512    0.011686440766153825
4.1619174369621204E-4     0.013311474285492394     0.08                     -3.645311592917751E-10   4.1619174369621204E-4    0.013311474285492394
-2.9534479384147553E-4    0.013595778886194362     0.08                     -3.375879244525624E-10   -2.9534479384147553E-4   0.013595778886194362
6.9766923891752E-4        0.013574441588920171     0.08                     -3.346894636928145E-10   6.9766923891752E-4       0.013574441588920171
2.2483337537517823E-4     0.01370870661784599      0.08000000000000002      -3.277994577996078E-10   2.2483337537517823E-4    0.013708706617845989
0.0021042599443803606     0.008344507794714726     0.08                     -4.745263932539023E-10   0.0021042599443803606    0.008344507794714726
0.0018411427592876087     0.007476704572180406     0.08                     -4.093706160532314E-10   0.0018411427592876087    0.007476704572180407
0.0022175262775925688     0.007855050692883505     0.08                     -4.1419259337509904E-10  0.0022175262775925683    0.007855050692883505
0.002307562328016469      0.007299232820511035     0.08000000000000002      -3.6426883862079997E-10  0.002307562328016469     0.007299232820511036
0.0025888470669019163     0.00826720628289665      0.08                     -4.095219106675721E-10   0.0025888470669019163    0.00826720628289665
0.0026856851290263497     0.0077344669758937805    0.08                     -3.665196094340893E-10   0.0026856851290263492    0.0077344669758937805
0.0011623985000909637     0.006177007434326851     0.08                     -3.320718795366017E-10   0.0011623985000909637    0.006177007434326851
0.0032300562061912345     0.009397847909399435     0.07999999999999999      -3.849406285421346E-10   0.003230056206191234     0.009397847909399433
0.0033470916816584926     0.009724670259910789     0.08                     -3.759454316570191E-10   0.0033470916816584926    0.009724670259910789
0.0030836480749991254     0.009033590163687218     0.08                     -3.9248415241978733E-10  0.003083648074999126     0.009033590163687218
0.0030948668111272512     0.008213614605002983     0.07999999999999999      -3.5898288639345586E-10  0.003094866811127251     0.008213614605002985
0.003380171773098868      0.008662619570281577     0.08000000000000002      -3.51707302443438E-10    0.003380171773098868     0.008662619570281577
0.003551291558992137      0.009551083355337567     0.07999999999999999      -3.538839367294445E-10   0.0035512915589921367    0.009551083355337567
0.003556159751470987      0.00912264973667598      0.07999999999999999      -3.472768551084023E-10   0.003556159751470987     0.00912264973667598
0.0023234793374189247     0.00679758938676462      0.07999999999999999      -3.3216245201922896E-10  0.0023234793374189247    0.00679758938676462
-0.0011660233744032868    0.013835934883146795     0.08                     -3.0437759748444765E-10  -0.0011660233744032868   0.013835934883146795
2.9712683069496246E-6     0.014036018391642403     0.08                     -3.023425354972776E-10   2.9712683069496246E-6    0.014036018391642402
0.0021787744314750433     0.013011784691050193     0.08                     -3.2991868249004277E-10  0.0021787744314750433    0.013011784691050193
0.0016855438208916314     0.01285493496925771      0.08                     -3.6820803870863837E-10  0.0016855438208916316    0.012854934969257712
0.0012560290206040346     0.013007823734013865     0.08                     -3.735495574257907E-10   0.0012560290206040346    0.013007823734013865
0.0012375628921555337     0.01344595882633871      0.08                     -3.33385994991871E-10    0.0012375628921555337    0.013445958826338712
0.0017016789407803476     0.013271529996238821     0.07999999999999999      -3.315569696646085E-10   0.0017016789407803476    0.01327152999623882
0.002825997948101124      0.010846769809640998     0.08                     -4.244420450251093E-10   0.0028259979481011243    0.010846769809640998
0.0030928207746641462     0.011283910950859195     0.08000000000000002      -3.719643260044836E-10   0.0030928207746641462    0.011283910950859193
0.0025669008752816553     0.01127402099791865      0.08000000000000002      -4.337162456172855E-10   0.0025669008752816553    0.011274020997918648
0.0022870180916944828     0.010914389224096821     0.08                     -5.085516632375226E-10   0.002287018091694483     0.010914389224096821
0.002070587456063796      0.011270916337710846     0.08000000000000002      -5.129749560948286E-10   0.002070587456063796     0.011270916337710846
0.002406938225494305      0.010507389098289775     0.07999999999999999      -5.13432963252855E-10    0.002406938225494305     0.010507389098289773
0.002811998735390327      0.010364516629961016     0.08                     -4.4444007751479123E-10  0.0028119987353903276    0.010364516629961016
0.0032972667517114735     0.010942811756807688     0.08                     -3.644888536536338E-10   0.0032972667517114735    0.010942811756807688
0.002551384818744         0.012765056543384386     0.08                     -3.273145042426765E-10   0.002551384818744        0.012765056543384388
0.0024461185970085617     0.012416597260804846     0.08000000000000002      -3.5771712210273615E-10  0.0024461185970085617    0.012416597260804846
0.0028872891925963142     0.011672193132257046     0.08                     -3.713736603096753E-10   0.0028872891925963147    0.011672193132257048
0.0026253730503538993     0.01206548353990589      0.08000000000000002      -3.6940816375777786E-10  0.002625373050353899     0.012065483539905887
0.002936792518402696      0.012414858690682973     0.08000000000000002      -3.252305933680963E-10   0.002936792518402696     0.012414858690682972
0.003169684648235748      0.012069874578709101     0.08                     -3.277067233838354E-10   0.0031696846482357484    0.012069874578709101
0.0032431889662235857     0.010090528414331716     0.08                     -3.879079425377319E-10   0.0032431889662235852    0.010090528414331714
0.0032497243929871184     0.010525765821018567     0.08                     -3.810642992732386E-10   0.003249724392987118     0.010525765821018567
0.0037142873627733107     0.010726921240946943     0.08                     -3.319557740343201E-10   0.003714287362773311     0.010726921240946943
0.00374598728579633       0.010317262925838904     0.08                     -3.353391024562213E-10   0.00374598728579633      0.010317262925838904
0.0037202395994690154     0.009895285620318602     0.08                     -3.400712836814512E-10   0.003720239599469016     0.009895285620318604
0.003399375772374134      0.011625851404355212     0.08                     -3.30765265209854E-10    0.0033993757723741335    0.01162585140435521
0.003558897906593629      0.011221844832898308     0.08                     -3.325437955922928E-10   0.003558897906593629     0.011221844832898308
0.004025251597004294      0.011015119270138884     0.07999999999999999      -3.0320892948370547E-10  0.004025251597004294     0.011015119270138884
0.0010961608851651219     0.013862372399703962     0.07999999999999999      -3.040160229280204E-10   0.0010961608851651219    0.013862372399703962
0.003274353063255237      0.007741878742305195     0.08                     -3.2649935205276833E-10  0.0032743530632552364    0.007741878742305195
0.0038876042160802633     0.008892792524515768     0.08                     -3.1748074832578495E-10  0.0038876042160802633    0.008892792524515768
0.004074653558096069      0.010059461751964071     0.08000000000000002      -3.112990616559812E-10   0.004074653558096069     0.010059461751964071
0.002177679149372917      0.013453583717974265     0.08                     -3.0054032982138694E-10  0.002177679149372917     0.013453583717974265
0.0030598337651314696     0.01281404295302913      0.08                     -2.975791448664799E-10   0.0030598337651314696    0.01281404295302913
0.0036264978632414243     0.012013474572599237     0.08                     -3.006656552195563E-10   0.0036264978632414243    0.012013474572599237
