% Model:              pcal_mirror_deformation_3d_2beams.mph
% Version:            COMSOL 5.6.0.401
% Date:               Nov 11 2025, 14:45
% Dimension:          3
% Nodes:              705
% Expressions:        3
% Description:        Displacement field, Z component, x-coordinate, y-coordinate
% Length unit:        m
% X                       Y                        Z                        w (m)                    x (m)                    y (m)
0                         0.0425                   0.08                     -3.715433669819656E-10   0                        0.0425
-6.494809597212964E-4     0.043293794217191386     0.08000000000000002      -2.74856787542634E-10    -6.494809597212964E-4    0.04329379421719138
-9.585109707236027E-4     0.04230894730162607      0.07999999999999997      -3.7239778275306797E-10  -9.585109707236027E-4    0.04230894730162607
9.578441499637567E-4      0.04230922399297072      0.07999999999999999      -3.7174352893103264E-10  9.578441499637566E-4     0.04230922399297072
6.526740601241303E-4      0.043288050125924044     0.08                     -2.7561563295372915E-10  6.526740601241303E-4     0.043288050125924044
-0.0018666696693565715    0.042799893380588        0.08                     -2.7389876372065143E-10  -0.0018666696693565715   0.04279989338058799
-0.0017677686385115885    0.04176776526741953      0.07999999999999999      -3.717526965077558E-10   -0.0017677686385115885   0.04176776526741952
-0.0027913887047979515    0.041881202802612816     0.08                     -2.7403904616843894E-10  -0.0027913887047979515   0.041881202802612816
-0.002308948867040373     0.04095850719963375      0.07999999999999999      -3.717359128086072E-10   -0.002308948867040373    0.04095850719963375
-0.0032984479742677736    0.04066623813686715      0.08                     -2.739404099373513E-10   -0.0032984479742677736   0.04066623813686715
-0.0025                   0.04                     0.08                     -3.711209623376596E-10   -0.0025                  0.04
0.001766748748897001      0.04176878456958306      0.07999999999999999      -3.7030944744082707E-10  0.001766748748897001     0.04176878456958306
0.0018680525834067312     0.04279599654536402      0.08                     -2.7431358928655747E-10  0.0018680525834067312    0.04279599654536403
0.002308119665368964      0.040960502321736106     0.07999999999999999      -3.714285129095213E-10   0.002308119665368964     0.040960502321736106
0.002807754170730814      0.04187247262969997      0.08                     -2.729539591611003E-10   0.002807754170730814     0.04187247262969996
-0.007839467289912918     0.07458787050279471      0.07999999999999997      -2.8307576002324998E-11  -0.007839467289912918    0.07458787050279471
-0.0036878032499450333    0.06773798321303671      0.08                     -3.490995103604655E-11   -0.0036878032499450333   0.06773798321303671
0                         0.075                    0.08                     -2.9003394398305716E-11  0                        0.075
-0.015593239986274841     0.07335999609166174      0.07999999999999997      -2.6302931522998482E-11  -0.015593239986274841    0.07335999609166174
-0.010488286525662218     0.06717133585997932      0.08000000000000002      -3.3034441773933904E-11  -0.01048828652566222     0.06717133585997932
-0.023176311611205702     0.0713292096594843       0.07999999999999997      -2.342671361242731E-11   -0.023176311611205702    0.0713292096594843
-0.030505261385574422     0.06851583108803186      0.07999999999999999      -2.0057969870430895E-11  -0.030505261385574422    0.06851583108803186
-0.023143141370314646     0.06311973705345744      0.08000000000000002      -2.6993746766241328E-11  -0.023143141370314646    0.06311973705345743
-0.01746838223066983      0.06540103332253122      0.08000000000000002      -3.004957654805963E-11   -0.01746838223066983     0.06540103332253122
-0.037499966716002406     0.06495177554317576      0.08                     -1.6577657509308103E-11  -0.037499966716002406    0.06495177554317576
-0.03038617712058502      0.060739656915004984     0.08                     -2.2208911224140628E-11  -0.030386177120585025    0.060739656915004984
-0.04408391809753979      0.06067625057185087      0.07999999999999997      -1.324962421529238E-11   -0.04408391809753979     0.060676250571850866
-0.03599416787365572      0.057393813511437665     0.08                     -1.870581822642611E-11   -0.03599416787365572     0.057393813511437665
-0.0033006157550813896    0.0393523850634847       0.08                     -2.7341423321608346E-10  -0.0033006157550813896   0.0393523850634847
-0.0023092234076060526    0.0390421544387449       0.08                     -3.712479815455215E-10   -0.0023092234076060526   0.0390421544387449
-0.0017687827455389184    0.038233249424954166     0.08                     -3.7088999090381306E-10  -0.0017687827455389181   0.038233249424954166
-0.00279775308501478      0.03813077052468176      0.08                     -2.732975902233146E-10   -0.00279775308501478     0.03813077052468176
0.0025                    0.04                     0.08                     -3.708480225926469E-10   0.0025                   0.04
0.003322174472469113      0.040663663673596945     0.08                     -2.714325128838611E-10   0.003322174472469113     0.040663663673596945
0.002308396791821829      0.03904016392491179      0.08                     -3.7030440865758306E-10  0.002308396791821829     0.03904016392491179
0.003291641227658012      0.039338371849036075     0.07999999999999999      -2.741547319104986E-10   0.003291641227658012     0.039338371849036075
0                         0.0375                   0.08                     -3.7019280877244256E-10  0                        0.0375
-9.60500228189483E-4      0.03769187946346367      0.07999999999999999      -3.709166049518925E-10   -9.60500228189483E-4     0.03769187946346367
-6.602316808212265E-4     0.036694997375576834     0.08                     -2.7288846780438827E-10  -6.602316808212265E-4    0.036694997375576834
6.587526840479904E-4      0.03669993867998332      0.08                     -2.7318723134458274E-10  6.587526840479904E-4     0.03669993867998333
9.598385068767226E-4      0.03769160421927506      0.07999999999999999      -3.71121938424227E-10    9.598385068767226E-4     0.03769160421927506
0.0017677681253408385     0.03823223421940888      0.07999999999999997      -3.7127945890584406E-10  0.0017677681253408385    0.03823223421940888
0.002792902022193341      0.038131109221731664     0.07999999999999999      -2.73073143773976E-10    0.002792902022193341     0.038131109221731664
0.0018666290040504768     0.03721048521436232      0.08                     -2.737872407199909E-10   0.0018666290040504768    0.03721048521436232
0.003151637474410808      0.06755321210138861      0.08                     -3.518834213109729E-11   0.003151637474410808     0.06755321210138861
0.007839626105999796      0.07458908596708065      0.08                     -2.8339808734406134E-11  0.007839626105999796     0.07458908596708065
-0.0018674649899834417    0.037209338666544356     0.07999999999999999      -2.736312894805889E-10   -0.0018674649899834417   0.037209338666544356
-0.0557357969065981       0.05018470437959347      0.08000000000000002      -7.57660809359292E-12    -0.0557357969065981      0.05018470437959347
-0.06067628449743351      0.04408387140455927      0.08000000000000002      -5.321392227359983E-12   -0.06067628449743351     0.04408387140455927
-0.05256811797291101      0.04294169886891674      0.08000000000000002      -9.03384817927849E-12    -0.052568117972911006    0.04294169886891674
-0.0649518044021882       0.03749991673258768      0.07999999999999999      -3.4685932155696496E-12  -0.0649518044021882      0.03749991673258768
-0.056239390237204104     0.03736958067599429      0.08                     -7.111076022646939E-12   -0.0562393902372041      0.03736958067599428
-0.050184747272377414     0.05573575828807775      0.08                     -1.0222408063662534E-11  -0.05018474727237741     0.05573575828807775
-0.04207050797457752      0.053228718925722666     0.08000000000000002      -1.4957773674048326E-11  -0.042070507974577516    0.053228718925722666
-0.04725963989692054      0.04821622042893845      0.08                     -1.1934499668265567E-11  -0.04725963989692054     0.04821622042893845
0.015593346475658632      0.07336097335751122      0.08000000000000002      -2.6315777491779057E-11  0.015593346475658632     0.07336097335751122
0.010661015901215674      0.0661009478786368       0.08                     -3.380984914152928E-11   0.010661015901215674     0.0661009478786368
0.023176256720120806      0.07132922749615196      0.08                     -2.3432335561215825E-11  0.023176256720120806     0.07132922749615196
0.017523692571306294      0.0653789188197022       0.08                     -3.001288860953015E-11   0.01752369257130629      0.0653789188197022
-0.0685158545617348       0.030505208658311148     0.08                     -1.998627783309615E-12   -0.0685158545617348      0.030505208658311148
-0.06049289281774334      0.031195509879204712     0.08                     -5.087105435012563E-12   -0.06049289281774334     0.031195509879204716
-0.07132922749615196      0.023176256720120806     0.08                     -8.836068943633411E-13   -0.07132922749615196     0.023176256720120806
-0.06320539525763123      0.024796328480246647     0.08                     -3.819933811569246E-12   -0.06320539525763123     0.02479632848024665
0.03749991673258768       0.0649518044021882       0.07999999999999999      -1.6572027361399395E-11  0.03749991673258768      0.0649518044021882
0.030505208658311148      0.0685158545617348       0.08                     -2.005828407926348E-11   0.030505208658311148     0.0685158545617348
0.031194935664308532      0.060356555478793115     0.07999999999999999      -2.1704423693307897E-11  0.031194935664308532     0.060356555478793115
0.024752237370078103      0.0625447915148229       0.08                     -2.596199914869704E-11   0.024752237370078103     0.0625447915148229
-0.07336097335751122      0.015593346475658632     0.08000000000000002      -1.0269282577910116E-13  -0.07336097335751122     0.015593346475658632
-0.06574550760210812      0.017863428904897297     0.08                     -2.7183612225769497E-12  -0.06574550760210812     0.017863428904897297
-0.07458908596708065      0.007839626105999796     0.08                     3.578471447166418E-13    -0.07458908596708065     0.007839626105999796
-0.06697334974928248      0.011014576247369547     0.08000000000000002      -2.164594724199884E-12   -0.06697334974928248     0.011014576247369547
-0.0681106584071535       0.0037281763789788827    0.08000000000000002      -1.7199874582903593E-12  -0.06811065840715348     0.0037281763789788827
-0.075                    0                        0.08                     5.060511272767773E-13    -0.075                   0
0.04408387140455927       0.06067628449743351      0.08000000000000002      -1.3246500156122588E-11  0.04408387140455927      0.06067628449743351
0.03722605389439426       0.056512644387512766     0.07999999999999999      -1.7931888181144687E-11  0.03722605389439426      0.056512644387512766
0.05018470437959347       0.0557357969065981       0.08000000000000002      -1.0221952408571364E-11  0.05018470437959347      0.0557357969065981
0.043030680891102895      0.052471315210445485     0.08000000000000002      -1.4395687932237206E-11  0.043030680891102895     0.05247131521044548
0.05573575828807775       0.050184747272377414     0.08                     -7.568138941637491E-12   0.05573575828807775      0.05018474727237741
0.04810220966774619       0.047185869021785155     0.08                     -1.1449758117290825E-11  0.04810220966774619      0.047185869021785155
0.06067625057185087       0.04408391809753979      0.07999999999999997      -5.322457387663532E-12   0.060676250571850866     0.04408391809753979
0.05285659994533032       0.042065861961299626     0.08                     -8.861770140483833E-12   0.05285659994533032      0.042065861961299626
-0.07458787050279471      -0.007839467289912918    0.07999999999999997      3.554044985676789E-13    -0.07458787050279471     -0.007839467289912918
-0.06784321647746566      -0.0033406419185055547   0.08000000000000002      -1.8028066774943633E-12  -0.06784321647746566     -0.0033406419185055547
-0.06745746067939723      -0.010649894564368566    0.08000000000000002      -2.0032750863017157E-12  -0.06745746067939723     -0.010649894564368566
-0.07335999609166174      -0.015593239986274841    0.07999999999999997      -1.0647205527964714E-13  -0.07335999609166174     -0.015593239986274841
0.06495177554317576       0.037499966716002406     0.08                     -3.4732847802430256E-12  0.06495177554317576      0.037499966716002406
0.0569710902336575        0.03614502868968428      0.07999999999999999      -6.737911825106829E-12   0.05697109023365749      0.03614502868968428
-0.0713292096594843       -0.023176311611205702    0.07999999999999997      -8.802399010168973E-13   -0.0713292096594843      -0.023176311611205702
-0.06585807274826559      -0.017354140137418518    0.08                     -2.66634507976822E-12    -0.06585807274826559     -0.017354140137418515
-0.06376193693694338      -0.024662608706669857    0.08000000000000002      -3.6170463213534455E-12  -0.06376193693694338     -0.02466260870666986
-0.06851583108803186      -0.030505261385574422    0.07999999999999999      -1.9991004487504856E-12  -0.06851583108803186     -0.030505261385574422
0.06851583108803186       0.030505261385574422     0.07999999999999999      -2.0003631162320963E-12  0.06851583108803186      0.030505261385574422
0.06042601766624841       0.02993616737880548      0.08                     -5.058225681971029E-12   0.06042601766624841      0.029936167378805476
-0.06495177554317576      -0.037499966716002406    0.08                     -3.470899550462253E-12   -0.06495177554317576     -0.037499966716002406
-0.06100439604449029      -0.030519471875188976    0.08                     -4.861826669127537E-12   -0.06100439604449028     -0.030519471875188973
0.0713292096594843        0.023176311611205702     0.07999999999999997      -8.801292429331883E-13   0.0713292096594843       0.023176311611205702
0.06330147580152973       0.02362077205805302      0.08                     -3.740719749356362E-12   0.06330147580152973      0.02362077205805302
0.07335999609166174       0.015593239986274841     0.07999999999999997      -1.0480395754929596E-13  0.07335999609166174      0.015593239986274841
0.06538391271237444       0.016985607437658645     0.08                     -2.811642926395688E-12   0.06538391271237444      0.016985607437658645
0                         -0.0375                  0.08                     -3.704518080662751E-10   0                        -0.0375
-6.485116736423633E-4     -0.03669419261286472     0.08                     -2.7262114292115106E-10  -6.485116736423633E-4    -0.03669419261286472
-9.578455611972596E-4     -0.037690776592369954    0.08000000000000002      -3.709558255413995E-10   -9.578455611972597E-4    -0.037690776592369954
-0.0018538348623721914    -0.03719496110098898     0.08                     -2.73133334931798E-10    -0.0018538348623721914   -0.03719496110098897
-0.0017667505749301333    -0.03823121725434552     0.08                     -3.7077725680033933E-10  -0.0017667505749301333   -0.03823121725434552
-0.0027873541870179364    -0.038110774617654386    0.08                     -2.7288421935067245E-10  -0.0027873541870179364   -0.038110774617654386
-0.0023081205364695588    -0.039039499771650076    0.07999999999999997      -3.7081482563912665E-10  -0.0023081205364695588   -0.039039499771650076
-0.0033089518907425813    -0.03930652291522541     0.08                     -2.719538519609158E-10   -0.0033089518907425813   -0.03930652291522541
-0.0025                   -0.04                    0.08                     -3.708843218113542E-10   -0.0025                  -0.04
9.578431375094269E-4      -0.037690775587091795    0.08000000000000002      -3.7058038524433166E-10  9.578431375094269E-4     -0.037690775587091795
0.0017667482319400785     -0.03823121491405649     0.08                     -3.7071881390662867E-10  0.0017667482319400785    -0.03823121491405649
0.0018629780810648158     -0.03719044094676337     0.08                     -2.7288011492395877E-10  0.0018629780810648158    -0.037190440946763374
6.584235023274557E-4      -0.03668750263369168     0.08000000000000002      -2.7210809507303565E-10  6.584235023274557E-4     -0.036687502633691686
-0.0033230926500933313    -0.04059660863008553     0.08                     -2.725424278454022E-10   -0.0033230926500933317   -0.040596608630085525
-0.0023081195250573834    -0.0409605026589255      0.07999999999999999      -3.71621566513348E-10    -0.0023081195250573834   -0.0409605026589255
0                         -0.0425                  0.08                     -3.717589271737042E-10   0                        -0.0425
-9.578431381071156E-4     -0.042309224412660294    0.08                     -3.717222443822307E-10   -9.578431381071156E-4    -0.042309224412660294
-5.048371519758409E-4     -0.043435507790242536    0.07999999999999999      -2.6561052263271206E-10  -5.048371519758409E-4    -0.04343550779024253
6.666824983418054E-4      -0.043396246791753856    0.08                     -2.6630820579508E-10     6.666824983418054E-4     -0.043396246791753856
9.578455615603327E-4      -0.042309223407479446    0.07999999999999999      -3.715880123965366E-10   9.578455615603327E-4     -0.042309223407479446
-0.05729274728468171      -0.037215990924104464    0.07999999999999999      -6.653512419896741E-12   -0.05729274728468171     -0.037215990924104464
-0.06067625057185087      -0.04408391809753979     0.07999999999999997      -5.319720857726593E-12   -0.060676250571850866    -0.04408391809753979
0.07458787050279471       0.007839467289912918     0.07999999999999997      3.5953042230851027E-13   0.07458787050279471      0.007839467289912918
0.06691276303085134       0.010045793038525333     0.08                     -2.16635412379694E-12    0.06691276303085135      0.010045793038525333
0.0023081195251705455     -0.03903949734134644     0.07999999999999999      -3.7112931211313996E-10  0.0023081195251705455    -0.03903949734134644
0.0028000722166677487     -0.038112518908487464    0.08                     -2.722915827433843E-10   0.0028000722166677487    -0.038112518908487464
0.0018678378312590796     -0.04279672245400444     0.08                     -2.7413021996133733E-10  0.0018678378312590796    -0.04279672245400445
0.0017667505750636082     -0.04176878274552117     0.08000000000000002      -3.712451886962782E-10   0.0017667505750636082    -0.04176878274552117
0.0023081205364386724     -0.04096050022842413     0.07999999999999999      -3.713872793289476E-10   0.0023081205364386724    -0.04096050022842413
0.0033195255371920532     -0.040664330791070985    0.08                     -2.7178211318603705E-10  0.003319525537192053     -0.040664330791070985
0.0025                    -0.04                    0.08                     -3.709217953580169E-10   0.0025                   -0.04
0.0027957122141384523     -0.04188669469593295     0.08                     -2.733552213550716E-10   0.0027957122141384523    -0.04188669469593295
-0.0029075224572130114    -0.041775203740595915    0.08000000000000002      -2.6968691017069695E-10  -0.0029075224572130114   -0.04177520374059591
-0.0017667482320771627    -0.04176878508580658     0.08                     -3.7158752592580385E-10  -0.0017667482320771627   -0.04176878508580658
-0.0021433697696282335    -0.04277403718209099     0.08                     -2.6282234406251463E-10  -0.0021433697696282335   -0.04277403718209099
-0.05573575828807775      -0.050184747272377414    0.08                     -7.564170448293227E-12   -0.05573575828807775     -0.05018474727237741
-0.0534666941897506       -0.04248878291026569     0.08                     -8.590992658998118E-12   -0.05346669418975059     -0.04248878291026569
-0.04850678387115755      -0.04816243611259471     0.07999999999999999      -1.126295999351869E-11   -0.04850678387115754     -0.04816243611259471
-0.05018470437959347      -0.0557357969065981      0.08000000000000002      -1.021551593552118E-11   -0.05018470437959347     -0.0557357969065981
0.075                     0                        0.08                     5.090882504759376E-13    0.075                    0
0.06754340398429905       0.002634027438618562     0.08                     -1.890990845416218E-12   0.06754340398429905      0.002634027438618562
0.07458908596708065       -0.007839626105999796    0.08                     3.5592590682784744E-13   0.07458908596708065      -0.007839626105999796
0.06765476101246799       -0.004327012923749589    0.07999999999999999      -1.8660338393374085E-12  0.06765476101246799      -0.004327012923749589
0.0033198420287732667     -0.039334070693890735    0.08                     -2.7117332296120925E-10  0.0033198420287732663    -0.03933407069389073
-0.04408387140455927      -0.06067628449743351     0.08000000000000002      -1.3238287925852011E-11  -0.04408387140455927     -0.06067628449743351
-0.04315236495254419      -0.05236046885797385     0.07999999999999999      -1.4317473467131603E-11  -0.04315236495254419     -0.05236046885797385
0.07336097335751122       -0.015593346475658632    0.08000000000000002      -1.05998387263059E-13    0.07336097335751122      -0.015593346475658632
0.06673922086155268       -0.011331763609927215    0.08000000000000002      -2.2440579206655454E-12  0.06673922086155269      -0.011331763609927215
-0.03749991673258768      -0.0649518044021882      0.07999999999999999      -1.656654341255235E-11   -0.03749991673258768     -0.0649518044021882
-0.03757735158929733      -0.05708806472194049     0.08                     -1.7650774919221842E-11  -0.03757735158929732     -0.057088064721940494
-0.030505208658311148     -0.0685158545617348      0.08                     -2.0068427084449442E-11  -0.030505208658311148    -0.0685158545617348
-0.031569309319615435     -0.060263889840078064    0.08                     -2.143766507192818E-11   -0.031569309319615435    -0.06026388984007807
-0.023176256720120806     -0.07132922749615196     0.08                     -2.3385939169125924E-11  -0.023176256720120806    -0.07132922749615196
-0.024371045278672045     -0.06336721121020404     0.08                     -2.5989319927788658E-11  -0.02437104527867204     -0.06336721121020404
0.07132922749615196       -0.023176256720120806    0.08                     -8.809945755244577E-13   0.07132922749615196      -0.023176256720120806
0.06501392325501357       -0.018361754122960962    0.08                     -2.975294182996827E-12   0.06501392325501355      -0.01836175412296096
-0.015593346475658632     -0.07336097335751122     0.08000000000000002      -2.6295059681079278E-11  -0.015593346475658632    -0.07336097335751122
-0.017829996309221274     -0.06499611405212867     0.08000000000000002      -3.0024641608421346E-11  -0.017829996309221274    -0.06499611405212867
-0.007839626105999796     -0.07458908596708065     0.08                     -2.831138494586106E-11   -0.007839626105999796    -0.07458908596708065
-0.010822137316619391     -0.06698749472073282     0.08                     -3.298922941199368E-11   -0.010822137316619391    -0.06698749472073283
0.0633522042876005        -0.024135342496537295    0.07999999999999999      -3.742870311677882E-12   0.06335220428760048      -0.02413534249653729
0.0685158545617348        -0.030505208658311148    0.08                     -1.996816775995075E-12   0.0685158545617348       -0.030505208658311148
0.0649518044021882        -0.03749991673258768     0.07999999999999999      -3.4721213352157572E-12  0.0649518044021882       -0.03749991673258768
0.0603646466193794        -0.03092108932888759     0.08                     -5.1228889968021315E-12  0.0603646466193794       -0.030921089328887593
0.06067628449743351       -0.04408387140455927     0.08000000000000002      -5.316990632887051E-12   0.06067628449743351      -0.04408387140455927
0.05674913398146116       -0.036872724442241996    0.08000000000000002      -6.8693289622488315E-12  0.05674913398146116      -0.036872724442241996
0.0557357969065981        -0.05018470437959347     0.08000000000000002      -7.567182091049306E-12   0.0557357969065981       -0.05018470437959347
0.05163160043616037       -0.043200227362728216    0.08                     -9.50089143768411E-12    0.05163160043616038      -0.043200227362728216
0                         -0.075                   0.08                     -2.9019783662014507E-11  0                        -0.075
-0.004132626470702042     -0.06782070846938008     0.08000000000000002      -3.4723305938397365E-11  -0.004132626470702041    -0.06782070846938008
0.050184747272377414      -0.05573575828807775     0.08                     -1.0209046414573346E-11  0.05018474727237741      -0.05573575828807775
0.047574540467037664      -0.04867385849488358     0.08                     -1.1767369696409705E-11  0.047574540467037664     -0.048673858494883586
0.037499966716002406      -0.06495177554317576     0.08                     -1.658609106304993E-11   0.037499966716002406     -0.06495177554317576
0.04408391809753979       -0.06067625057185087     0.07999999999999997      -1.3241058467986394E-11  0.04408391809753979      -0.060676250571850866
0.03641495875011075       -0.057698576273920645    0.08                     -1.8375090190881786E-11  0.03641495875011075      -0.057698576273920645
0.041472253192184616      -0.05362539052383756     0.08                     -1.5328443853221046E-11  0.041472253192184616     -0.05362539052383756
0.007839467289912918      -0.07458787050279471     0.07999999999999997      -2.830452015303824E-11   0.007839467289912918     -0.07458787050279471
0.0030567394470105294     -0.06830672189518677     0.08000000000000002      -3.444642480089857E-11   0.003056739447010529     -0.06830672189518677
0.030505261385574422      -0.06851583108803186     0.07999999999999999      -2.0057714680525993E-11  0.030505261385574422     -0.06851583108803186
0.02940258616986211       -0.060887281474673774    0.08                     -2.291657011251946E-11   0.02940258616986211      -0.06088728147467377
0.015593239986274841      -0.07335999609166174     0.07999999999999997      -2.6294864387317254E-11  0.015593239986274841     -0.07335999609166174
0.01047404339933259       -0.06711537159697398     0.08                     -3.307941527861399E-11   0.01047404339933259      -0.06711537159697399
0.023176311611205702      -0.0713292096594843      0.07999999999999997      -2.3419372780616294E-11  0.023176311611205702     -0.0713292096594843
0.01624665974589015       -0.06524626480180656     0.07999999999999999      -3.1001575327860514E-11  0.01624665974589015      -0.06524626480180656
0.023565194390220142      -0.06365939771196505     0.08                     -2.6461019315840155E-11  0.023565194390220142     -0.06365939771196505
-0.0012749249604258424    -0.03852739724858724     0.08                     -4.81356170561712E-10    -0.0012749249604258424   -0.03852739724858723
-0.0016557078922197167    -0.03903353941377775     0.08                     -4.883625584425066E-10   -0.001655707892219717    -0.03903353941377775
2.396941256434802E-4      -0.04194900789032133     0.08                     -4.775358699482943E-10   2.3969412564348017E-4    -0.04194900789032133
3.6797073002720407E-4     -0.03822861808875152     0.08                     -5.179549349896056E-10   3.6797073002720407E-4    -0.03822861808875152
-2.641861579269376E-4     -0.03816893458416358     0.08000000000000002      -5.072182368932975E-10   -2.641861579269376E-4    -0.03816893458416359
0.0010444339876136098     -0.038435775162261175    0.08                     -4.986255716586133E-10   0.0010444339876136098    -0.038435775162261175
-0.0018704681918791488    -0.039609736929701926    0.08                     -4.898397501778371E-10   -0.0018704681918791488   -0.039609736929701926
-0.0019304311376866926    -0.04044015174145196     0.08000000000000002      -4.727871444553796E-10   -0.0019304311376866924   -0.04044015174145196
-0.0015495563507503844    -0.041208712438396265    0.08000000000000002      -4.770417710597823E-10   -0.0015495563507503844   -0.041208712438396265
-0.0010324427219059508    -0.041565350328449324    0.08                     -5.000839861898126E-10   -0.0010324427219059508   -0.041565350328449324
-3.9528359716059654E-4    -0.04181547266345758     0.07999999999999999      -5.039616349178551E-10   -3.952835971605966E-4    -0.04181547266345758
0.001082332096527374      -0.04162517202767531     0.08                     -4.799290252015841E-10   0.001082332096527374     -0.0416251720276753
0.0015651078847328213     -0.04124564087160598     0.08                     -4.68104871487359E-10    0.0015651078847328213    -0.04124564087160598
0.0018369193990187358     -0.040366952186189235    0.08                     -5.012109247457238E-10   0.0018369193990187358    -0.040366952186189235
0.0019104056289497616     -0.039530629254445504    0.08                     -4.761094147435957E-10   0.0019104056289497614    -0.039530629254445504
0.001533008729248426      -0.03875547595699297     0.08000000000000002      -4.740810031598881E-10   0.001533008729248426     -0.03875547595699297
-2.507602711745219E-4     0.041835564700592694     0.08                     -5.069452962849479E-10   -2.507602711745219E-4    0.041835564700592694
-0.0012762903312488441    0.04147097863710135      0.08                     -4.817311046724672E-10   -0.001276290331248844    0.041470978637101356
-0.001659324259544437     0.04096188596668115      0.08                     -4.892854701087601E-10   -0.0016593242595444367   0.04096188596668115
3.731282610809697E-4      0.04177851611009764      0.08                     -5.162769954915869E-10   3.731282610809697E-4     0.04177851611009764
0.0010405644292291495     0.041561472457590024     0.08                     -4.993498037119984E-10   0.0010405644292291495    0.04156147245759002
-0.0018760463112787477    0.04038360784381321      0.07999999999999999      -4.896815952477226E-10   -0.001876046311278748    0.04038360784381321
-0.0019329707834343604    0.03956518702196424      0.07999999999999999      -4.719983416996678E-10   -0.0019329707834343604   0.03956518702196424
0.001493985538717651      0.0412270375813225       0.08                     -4.851916136301895E-10   0.001493985538717651     0.041227037581322505
0.001075904358137942      0.038370879702055716     0.08                     -4.796330999223561E-10   0.001075904358137942     0.038370879702055716
0.001569851117479988      0.038755428749622595     0.08                     -4.668739840835595E-10   0.001569851117479988     0.038755428749622595
0.001870721620423422      0.04023530291596818      0.08                     -4.979340223144137E-10   0.0018707216204234217    0.04023530291596817
0.0018362658429844502     0.039637288674911314     0.08                     -5.011802856189132E-10   0.00183626584298445      0.03963728867491131
-0.0015470424965417851    0.03879280039830482      0.08                     -4.770204357760693E-10   -0.0015470424965417851   0.03879280039830482
-0.0010126828181106684    0.038430736909325865     0.08                     -5.007204452053468E-10   -0.0010126828181106684   0.038430736909325865
-4.4503323892810745E-4    0.038128761685324274     0.08                     -4.863142929625412E-10   -4.4503323892810745E-4   0.038128761685324274
3.9658090357470974E-4     0.03803921919892628      0.08                     -4.679216115393943E-10   3.965809035747097E-4     0.03803921919892628
6.778933892524763E-7      0.0444917983777958       0.08                     -2.0379691234641772E-10  6.778933892524763E-7     0.0444917983777958
-0.0017249897234290872    0.044190552176317524     0.08                     -2.020486884563151E-10   -0.0017249897234290872   0.04419055217631752
-0.0011180751338763992    0.04590330293174105      0.07999999999999999      -1.5139017137648472E-10  -0.0011180751338763992   0.04590330293174105
-0.003215215081671656     0.043233801601073464     0.08                     -2.0056704828897807E-10  -0.003215215081671656    0.043233801601073464
0.001719852190905563      0.04416487175312904      0.08                     -2.0326321565659044E-10  0.001719852190905563     0.04416487175312905
0.0011572128274771956     0.045934846429995416     0.07999999999999999      -1.5019908850819643E-10  0.0011572128274771956    0.04593484642999541
-4.4211478405879745E-5    0.04751224665664841      0.08                     -1.204553183784062E-10   -4.4211478405879745E-5   0.04751224665664841
-0.002799202926180036     0.04800568448035593      0.08                     -1.0608630877494831E-10  -0.002799202926180036    0.04800568448035592
-0.0033521351631494653    0.045186322994055284     0.08                     -1.465631549774204E-10   -0.0033521351631494653   0.045186322994055284
-0.012157648185007839     0.06166691506334522      0.08000000000000002      -3.685780645747964E-11   -0.012157648185007839    0.06166691506334522
-0.006471100413690627     0.04673157613748777      0.08                     -9.56706215727909E-11    -0.006471100413690629    0.04673157613748776
-0.004194114527119541     0.041743646736139756     0.08                     -2.0091511965548358E-10  -0.004194114527119541    0.041743646736139756
-0.005148175969857456     0.043519830621155796     0.08                     -1.4482180244451245E-10  -0.005148175969857456    0.043519830621155796
-0.004541363656071839     0.04002382800329167      0.08                     -2.0075368521278552E-10  -0.004541363656071839    0.04002382800329168
0.003198230385623224      0.043219532576687564     0.08000000000000002      -2.0175350249044805E-10  0.003198230385623224     0.043219532576687564
0.002630193571631096      0.04786868132528946      0.08                     -1.0845328194242446E-10  0.002630193571631096     0.04786868132528946
0.0032742961506695076     0.04508241259130023      0.07999999999999999      -1.501663645378252E-10   0.0032742961506695076    0.04508241259130024
0.004236741962939161      0.041783936578883754     0.08                     -1.9867201425425718E-10  0.004236741962939161     0.04178393657888375
-6.28489608261798E-5      0.05059948024367803      0.07999999999999999      -8.440131712317057E-11   -6.28489608261798E-5     0.05059948024367804
-1.3170793551689486E-4    0.061429135237998214     0.08000000000000002      -4.336666493546691E-11   -1.3170793551689486E-4   0.06142913523799821
-0.006589300316595784     0.06179752192337515      0.08000000000000002      -4.064682373885063E-11   -0.006589300316595784    0.061797521923375155
-0.0031483538369169693    0.05576006175067924      0.08                     -5.586870553564471E-11   -0.0031483538369169693   0.05576006175067925
-0.017024267612669806     0.05792538360783348      0.08                     -3.554976547189034E-11   -0.01702426761266981     0.05792538360783349
-0.024303783744015393     0.05726139100538239      0.08000000000000002      -2.8253933037813232E-11  -0.024303783744015393    0.05726139100538239
-0.004942066027293714     0.05134638158128954      0.07999999999999999      -7.195381357069339E-11   -0.004942066027293714    0.05134638158128955
-0.009922921307838947     0.0557436573419304       0.08                     -4.776663901165101E-11   -0.009922921307838948    0.05574365734193042
-0.013937305151495515     0.05204973580839008      0.08                     -4.698364501402869E-11   -0.013937305151495516    0.05204973580839008
-0.010071657159469137     0.04953771005050032      0.08                     -6.31496719665373E-11    -0.010071657159469137    0.04953771005050032
-0.009724306104853718     0.04557691400591267      0.07999999999999999      -7.833583801808093E-11   -0.009724306104853718    0.04557691400591267
-0.029814310351971407     0.05337440405563989      0.07999999999999999      -2.3982370253376523E-11  -0.029814310351971407    0.05337440405563989
-0.03570479788331691      0.051316246517308484     0.08                     -1.9303847521890354E-11  -0.03570479788331691     0.051316246517308484
-0.040766106903815706     0.044998014379093336     0.08                     -1.561207414754469E-11   -0.040766106903815706    0.044998014379093336
-0.046086136154869686     0.042104678480795854     0.08                     -1.227187559386398E-11   -0.046086136154869686    0.042104678480795854
-0.00792543909590173      0.04325293821454383      0.08                     -1.0359431262061246E-10  -0.00792543909590173     0.04325293821454384
-0.0060365260168565825    0.04121704335595999      0.08                     -1.4611755869758905E-10  -0.0060365260168565825   0.04121704335595999
-0.004197572741983926     0.038285250541812865     0.08                     -2.0057818994055133E-10  -0.004197572741983926    0.038285250541812865
-0.006037755270492294     0.03878961611355972      0.07999999999999999      -1.4619846884558486E-10  -0.006037755270492294    0.03878961611355972
-0.008373861492757873     0.03995923426169529      0.08                     -1.0583216553394847E-10  -0.008373861492757873    0.03995923426169529
0.006288703820257029      0.06078311508506216      0.08000000000000002      -4.2373435987790314E-11  0.006288703820257029     0.06078311508506216
0.004431384778432669      0.050693187293151344     0.07999999999999999      -7.715257387121953E-11   0.004431384778432669     0.050693187293151344
0.002678901609539437      0.055337482507953395     0.07999999999999999      -5.762311407420217E-11   0.002678901609539437     0.055337482507953395
0.008455337347164783      0.05403082335572992      0.08000000000000002      -5.416049333646418E-11   0.008455337347164783     0.05403082335572993
-0.0032303539867860366    0.03680471604832043      0.08                     -2.0022511656184968E-10  -0.0032303539867860366   0.036804716048320425
-0.0017533103675618292    0.03580214513778068      0.08                     -1.9992813579041697E-10  -0.0017533103675618292   0.03580214513778068
0.004689575915142834      0.04002063777238999      0.07999999999999999      -1.945475343958583E-10   0.004689575915142834     0.04002063777238999
0.004332707401608692      0.03816078253234036      0.08                     -1.9324328347410052E-10  0.004332707401608692     0.03816078253234035
-2.0141932317068595E-5    0.03544272903115592      0.08                     -1.9933282499867943E-10  -2.0141932317068595E-5   0.03544272903115592
0.0032158815941369136     0.03667986478063631      0.08000000000000002      -1.9627388894132454E-10  0.0032158815941369136    0.03667986478063631
0.0017187550426310642     0.0357394825002552       0.08                     -1.9753470835901502E-10  0.0017187550426310642    0.03573948250025521
0.0052707847850611035     0.04360995575797438      0.08000000000000002      -1.4136741073535526E-10  0.0052707847850611035    0.04360995575797438
0.006128358677593652      0.04659627901697583      0.07999999999999999      -9.930189016201964E-11   0.006128358677593653     0.04659627901697583
0.006610290967910295      0.04114802292165813      0.07999999999999999      -1.3413194017531024E-10  0.006610290967910297     0.04114802292165814
-0.021739000254014283     0.0502830600017955       0.08                     -3.42605906500053E-11    -0.021739000254014287    0.0502830600017955
-0.01120384087190937      0.042069143189294854     0.08                     -7.626214569484015E-11   -0.01120384087190937     0.042069143189294854
-0.01444846054188717      0.046245154126420426     0.08                     -5.414206917464031E-11   -0.01444846054188717     0.04624515412642043
-0.049346035650975145     0.03553392118947726      0.08                     -1.0074313313317111E-11  -0.049346035650975145    0.03553392118947726
-0.05363613601564833      0.031706464493422695     0.08                     -7.853539450078012E-12   -0.05363613601564833     0.031706464493422695
-0.02026623459019264      0.04366848816442131      0.08000000000000002      -3.932524099651651E-11   -0.02026623459019264     0.04366848816442131
-0.029863637557736213     0.04436382505594749      0.08                     -2.452021979236788E-11   -0.029863637557736213    0.04436382505594749
-0.03929765957637016      0.03614330707466668      0.08000000000000002      -1.5660053453128663E-11  -0.03929765957637016     0.03614330707466668
-0.005103172160937541     0.036614540335332        0.08                     -1.4646084097021045E-10  -0.005103172160937541    0.036614540335332006
-0.007668367058308482     0.03681761718732668      0.07999999999999999      -1.0606096300154497E-10  -0.007668367058308481    0.03681761718732668
-0.011051603052224548     0.0377012523554371       0.08                     -7.623782715282924E-11   -0.01105160305222455     0.037701252355437094
0.00982546415824882       0.04927064345347944      0.08                     -6.499669245449187E-11   0.009825464158248821     0.04927064345347943
0.013992345913262698      0.05802961270976427      0.08                     -3.8975585747523916E-11  0.013992345913262701     0.05802961270976426
0.02028344670462088       0.05883273697850776      0.07999999999999999      -3.149577754503881E-11   0.02028344670462088      0.05883273697850776
0.012685634812607018      0.0514364663831931       0.08000000000000002      -5.0966506873089084E-11  0.012685634812607016     0.0514364663831931
-0.0034422180332000715    0.03488564951742882      0.07999999999999999      -1.4543247813523147E-10  -0.0034422180332000715   0.03488564951742882
-0.0012119969137732167    0.03395241910395973      0.07999999999999999      -1.4513109771800484E-10  -0.0012119969137732167   0.033952419103959734
0.006280565403808024      0.03848608352114388      0.08000000000000002      -1.3830929115103273E-10  0.006280565403808024     0.03848608352114388
0.00524523042825609       0.03627814686223063      0.08                     -1.390097171389558E-10   0.00524523042825609      0.03627814686223063
0.0011492482899821133     0.03390283022469766      0.08                     -1.441651440400296E-10   0.0011492482899821133    0.03390283022469765
0.0033741988165235624     0.03464755667062355      0.08                     -1.4128879052537833E-10  0.0033741988165235624    0.03464755667062355
0.008040812873827165      0.04350956073879694      0.08000000000000002      -1.0127200245081913E-10  0.008040812873827165     0.04350956073879694
0.009595130014016892      0.045507868997792814     0.08                     -7.963489112773738E-11   0.009595130014016892     0.045507868997792814
0.010915388538093998      0.042871350858872094     0.08                     -7.730705265974895E-11   0.010915388538093998     0.042871350858872094
0.009158240712076285      0.04134315985574716      0.08                     -9.504989053052025E-11   0.009158240712076285     0.04134315985574716
0.00877696087716067       0.03887362931141917      0.08                     -9.94825477310321E-11    0.00877696087716067      0.03887362931141917
0.010904865063258617      0.04021193900079359      0.08                     -7.950821868786618E-11   0.010904865063258617     0.04021193900079359
0.014164691826999122      0.046072354176595845     0.08                     -5.549553894106782E-11   0.014164691826999119     0.04607235417659584
-0.016332140975979265     0.03964110764767061      0.08                     -5.0683088720039364E-11  -0.016332140975979265    0.03964110764767061
-0.022977969954950727     0.037627599454076836     0.08000000000000002      -3.335654344641545E-11   -0.022977969954950727    0.037627599454076836
-0.05567931082647695      0.024784331382201333     0.08                     -6.532762256003711E-12   -0.055679310826476945    0.024784331382201333
-0.05969616042886505      0.01980924348801196      0.08                     -4.820759800210762E-12   -0.05969616042886505     0.01980924348801196
-0.046729241947466915     0.02773115927822089      0.08                     -1.0433742355247679E-11  -0.046729241947466915    0.027731159278220893
-0.030238225012774237     0.0333396896553092       0.08                     -2.235018199117522E-11   -0.030238225012774237    0.0333396896553092
-0.035930245680177886     0.027373483915072376     0.07999999999999999      -1.618276862567764E-11   -0.035930245680177886    0.02737348391507238
-0.02307560342240686      0.030899502278110974     0.08                     -2.9932228798793073E-11  -0.02307560342240686     0.030899502278110974
-0.018433001905552145     0.03427446941076144      0.08                     -4.103685720344246E-11   -0.018433001905552145    0.03427446941076144
-0.005903435559138005     0.034106299625996636     0.07999999999999999      -1.0538916075540153E-10  -0.005903435559138005    0.03410629962599664
-0.01372124813291178      0.03410301283703446      0.07999999999999999      -5.5317497331196124E-11  -0.013721248132911782    0.03410301283703446
-0.009305462708228844     0.033790467528105286     0.08                     -7.669515307335783E-11   -0.009305462708228844    0.03379046752810528
0.031885128442214965      0.054177512949478125     0.08                     -2.2096505452804673E-11  0.031885128442214965     0.054177512949478125
0.02509080557720604       0.05555767049920897      0.08                     -2.8010680074659238E-11  0.025090805577206044     0.05555767049920896
0.019186623985089635      0.05104249260740884      0.08                     -3.7891524425672616E-11  0.019186623985089635     0.05104249260740884
-0.0032557480298906517    0.032278309724666734     0.07999999999999999      -1.0457016286575597E-10  -0.0032557480298906517   0.03227830972466673
-7.54720212743018E-5      0.03159529400203113      0.08                     -1.0434975851286115E-10  -7.54720212743018E-5     0.03159529400203113
0.008136554027111078      0.03606772224170521      0.08                     -9.694226456748197E-11   0.00813655402711108      0.03606772224170521
0.005835894257582505      0.03363674561454425      0.08                     -1.0143503069844573E-10  0.005835894257582505     0.03363674561454425
0.0031272742085289816     0.032064497962342765     0.08                     -1.0258297881452809E-10  0.0031272742085289816    0.032064497962342765
0.02027478083785017       0.04163435022013495      0.08                     -3.95318968568333E-11    0.02027478083785017      0.04163435022013495
0.013962702367860978      0.040695108340326115     0.08                     -6.05214072022441E-11    0.01396270236786098      0.040695108340326115
0.011912742576979364      0.03711913813969031      0.08                     -6.955434677079553E-11   0.011912742576979366     0.03711913813969031
0.027581327256758006      0.04641278831102914      0.08000000000000002      -2.7138850779150782E-11  0.027581327256758        0.046412788311029136
0.03587204665810435       0.04923045067194326      0.07999999999999999      -1.9202829732805076E-11  0.035872046658104347     0.04923045067194326
0.04225396618497279       0.04586718134929163      0.07999999999999999      -1.4733317193431E-11     0.04225396618497279      0.04586718134929163
-0.02742689461140992      0.026665432539327905     0.07999999999999999      -2.25909966786979E-11    -0.02742689461140992     0.026665432539327905
-0.05974432582454779      0.012622027191272388     0.08                     -4.490975251484019E-12   -0.0597443258245478      0.01262202719127239
-0.06255722971573113      0.006924410341517022     0.08                     -3.4707961766428057E-12  -0.06255722971573113     0.006924410341517022
-0.05109271571670222      0.017229218545393853     0.08                     -7.59947864911776E-12    -0.051092715716702215    0.017229218545393856
-0.04130864781457251      0.01946799074702421      0.08                     -1.1716112290477748E-11  -0.041308647814572504    0.01946799074702421
-0.031978692385142116     0.02076726234906867      0.08                     -1.6905059964789362E-11  -0.031978692385142116    0.02076726234906867
-0.03609643515115684      0.013375435675473585     0.07999999999999999      -1.3044504973618973E-11  -0.03609643515115684     0.013375435675473585
-0.061066672700002184     4.673881389540696E-5     0.08000000000000002      -3.8559023694216175E-12  -0.06106667270000219     4.673881389540696E-5
-0.06279145093325152      -0.006424885674448537    0.08000000000000002      -3.3899192193198785E-12  -0.06279145093325152     -0.006424885674448537
-0.020792646069151866     0.023699750754452513     0.08                     -2.7571126592950175E-11  -0.020792646069151866    0.023699750754452516
-0.016696500196737178     0.029015159663014635     0.07999999999999999      -3.9110633667161726E-11  -0.01669650019673718     0.02901515966301463
-0.006438724753582242     0.030546524831064903     0.07999999999999999      -7.457778948107868E-11   -0.0064387247535822425   0.030546524831064903
-0.010864650274563802     0.029268052197395367     0.08                     -5.3792864199502814E-11  -0.010864650274563804    0.029268052197395367
-0.0023400218467644097    0.028675465402155653     0.08                     -7.356609738266399E-11   -0.0023400218467644097   0.028675465402155653
0.006443515656374559      0.02999546335910025      0.07999999999999999      -7.128011157375966E-11   0.00644351565637456      0.02999546335910025
0.0020541400777623203     0.028482820276259348     0.08                     -7.257637695987955E-11   0.0020541400777623203    0.028482820276259344
0.009892997201371871      0.033200639366154416     0.08000000000000002      -7.082606383790907E-11   0.009892997201371871     0.033200639366154416
0.027587421250283066      0.036669613196894296     0.08000000000000002      -2.619105666096733E-11   0.02758742125028307      0.036669613196894296
0.016036789494328182      0.03692365162073222      0.08                     -5.028748009134635E-11   0.016036789494328182     0.03692365162073222
0.021040417223417353      0.03396328634847173      0.08                     -3.5171003626835637E-11  0.02104041722341735      0.03396328634847173
0.014625473204520952      0.032449129786843625     0.08                     -4.93002876916328E-11    0.014625473204520954     0.03244912978684362
0.011318708336272434      0.02831473004977901      0.07999999999999999      -4.991544515144991E-11   0.011318708336272435     0.028314730049779014
0.036710736319544066      0.03956366426729742      0.08                     -1.7936866098628385E-11  0.03671073631954407      0.03956366426729741
0.04542125406466063       0.040577948610741155     0.08                     -1.2506608494970305E-11  0.04542125406466063      0.040577948610741155
0.050817114683627         0.03606989570511998      0.08                     -9.429810102558258E-12   0.050817114683627        0.03606989570511998
-0.02575221038658292      0.020472355400644363     0.08                     -2.1071224076420823E-11  -0.02575221038658292     0.020472355400644363
-0.02015812618095397      0.015951435625735026     0.08                     -2.2620421694899003E-11  -0.02015812618095397     0.01595143562573503
-0.05372502252801439      0.006013343987561225     0.08                     -6.1300549712524455E-12  -0.05372502252801438     0.006013343987561225
-0.04432883976428241      0.01029609874135249      0.08                     -9.426392159476321E-12   -0.04432883976428242     0.01029609874135249
-0.037871373890362936     0.005642038166500489     0.08                     -1.1414589752801511E-11  -0.037871373890362936    0.005642038166500489
-0.02821196237813138      0.014083560210704317     0.08                     -1.7015575683702456E-11  -0.028211962378131384    0.014083560210704315
-0.03178422721849312      0.008396372444634384     0.08                     -1.4097281793947653E-11  -0.03178422721849312     0.008396372444634384
-0.059841322327124066     -0.012636018348826362    0.08000000000000002      -4.4610447912274924E-12  -0.05984132232712407     -0.01263601834882636
-0.053638641335370954     -0.005365789247351982    0.07999999999999999      -6.1376358216100496E-12  -0.05363864133537095     -0.005365789247351982
-0.059964386675327566     -0.019236900805780548    0.08000000000000002      -4.704479257432359E-12   -0.059964386675327566    -0.019236900805780548
-6.34307462393336E-4      0.023581240313493956     0.08                     -4.953391317515652E-11   -6.34307462393336E-4     0.023581240313493956
-0.013465499998972293     0.02220830402651678      0.08                     -3.436182858373588E-11   -0.01346549999897229     0.022208304026516777
-0.0065628074960372915    0.025475578655806227     0.08                     -5.112612679393986E-11   -0.0065628074960372915   0.02547557865580623
0.03447161127753452       0.029724031023097203     0.07999999999999999      -1.7756510335200613E-11  0.034471611277534515     0.029724031023097203
0.006152337158737194      0.024278032413912493     0.08000000000000002      -4.790717698140334E-11   0.0061523371587371934    0.024278032413912493
0.026576987098841372      0.02778649241291299      0.08                     -2.3944128273752582E-11  0.026576987098841372     0.027786492412912988
0.017915171898369775      0.025435853610357183     0.07999999999999999      -3.2707931339841756E-11  0.017915171898369775     0.025435853610357186
0.01233268170784313       0.023150584125498808     0.08                     -3.726928372276503E-11   0.01233268170784313      0.023150584125498808
0.03178299365495031       0.02040458172565264      0.08                     -1.6924465944386758E-11  0.031782993654950305     0.02040458172565264
0.044413581069633536      0.031249812640098552     0.08                     -1.2003479754427346E-11  0.04441358106963354      0.03124981264009855
0.05282903549073778       0.03052278538083364      0.08                     -8.093712330070103E-12   0.05282903549073779      0.03052278538083364
0.057548006634178445      0.024883569320801782     0.08                     -5.857399068585818E-12   0.05754800663417845      0.024883569320801782
0.009482604057843916      0.019323097228510423     0.08                     -3.389308943812641E-11   0.009482604057843916     0.019323097228510423
-0.012074229856000297     0.014110242037684642     0.08                     -2.6209774316500616E-11  -0.012074229856000297    0.014110242037684642
-0.016181520594987214     0.009477803601506476     0.08                     -2.1371260805440613E-11  -0.016181520594987214    0.009477803601506476
-0.023821561659466844     0.0071730450643648705    0.08000000000000002      -1.7312836180140526E-11  -0.02382156165946684     0.0071730450643648705
-0.05567379193779268      -0.024759018712143588    0.08                     -6.534935593971153E-12   -0.05567379193779267     -0.024759018712143588
-0.04552981981888266      0.00117620908949706      0.08                     -8.608674266058229E-12   -0.04552981981888266     0.00117620908949706
-0.03088422007416824      0.0016793520280131494    0.08000000000000002      -1.384644522519051E-11   -0.03088422007416824     0.0016793520280131494
-0.038003936656226714     -0.002008654945449072    0.08                     -1.1198118209157289E-11  -0.03800393665622671     -0.002008654945449072
-0.03258174128296577      -0.005062772542378684    0.08                     -1.3393143354296987E-11  -0.03258174128296577     -0.005062772542378684
-0.03726631281878777      -0.009748753600052389    0.08                     -1.202854697750583E-11   -0.037266312818787777    -0.009748753600052389
-0.051539828847855663     -0.016554317410971922    0.08                     -7.393430844858358E-12   -0.05153982884785567     -0.016554317410971922
-0.04496473184997159      -0.007975879404801468    0.08                     -9.039079483865994E-12   -0.04496473184997158     -0.007975879404801468
-0.005402573336138614     0.017637827541354706     0.08000000000000002      -3.37071041296425E-11    -0.005402573336138615    0.017637827541354706
0.0028155661405725764     0.017953098703758344     0.08                     -3.513967364251122E-11   0.0028155661405725764    0.017953098703758344
0.040255224844521986      0.02111011648029637      0.08                     -1.2476366861236782E-11  0.040255224844521986     0.02111011648029637
0.016432930961705967      0.017125152759550732     0.08                     -2.598942701385361E-11   0.016432930961705967     0.017125152759550732
0.023266187720432145      0.018839132329286995     0.08                     -2.2099116431457317E-11  0.02326618772043215      0.018839132329286995
0.028858609387699536      0.01399345426807929      0.07999999999999999      -1.666280122971832E-11   0.028858609387699536     0.013993454268079292
0.035353837046091754      0.01306644664873026      0.08                     -1.33194470066664E-11    0.03535383704609175      0.01306644664873026
0.04957326867160973       0.021176468735452883     0.08                     -8.516849573996358E-12   0.04957326867160972      0.021176468735452886
0.057983403360921934      0.01868060220373044      0.08                     -5.33970682716032E-12    0.05798340336092194      0.01868060220373044
0.06124572073614133       0.01240335859625357      0.08                     -4.011086908425727E-12   0.06124572073614133      0.01240335859625357
-0.006885253975216964     0.010878266772980164     0.08                     -2.5630646598422736E-11  -0.006885253975216964    0.010878266772980164
-0.011372799948137561     0.007136894640853944     0.08                     -2.220761220274985E-11   -0.01137279994813756     0.007136894640853944
-0.01724703266311789      0.0031635026294806884    0.08                     -1.9200433029554753E-11  -0.01724703266311789     0.0031635026294806884
-0.011533629612622998     0.0014741929043232752    0.08                     -2.0835881499449036E-11  -0.011533629612622998    0.0014741929043232752
0.008691119290869458      0.012827487966270992     0.08                     -2.6630560638546416E-11  0.008691119290869458     0.012827487966270992
7.943790480767488E-5      0.01134345818287305      0.08000000000000002      -2.6996424570166753E-11  7.943790480767488E-5     0.01134345818287305
0.021719433704125653      0.009552784707274518     0.08                     -1.8873181653120628E-11  0.021719433704125653     0.009552784707274517
0.02983216366528399       0.00727249517704133      0.08                     -1.4763708366904624E-11  0.02983216366528399      0.00727249517704133
-0.023877110254865847     -0.0031072165741949653   0.07999999999999999      -1.6682436674817622E-11  -0.02387711025486585     -0.0031072165741949653
-0.02917045965953363      -0.011119684370807424    0.08                     -1.5771386383726052E-11  -0.02917045965953363     -0.011119684370807424
-0.0017382543798921193    -0.03580607465291767     0.08                     -2.0007202721545165E-10  -0.0017382543798921193   -0.03580607465291768
-0.05468105167700732      -0.03122119010227646     0.07999999999999999      -7.388887553086997E-12   -0.05468105167700732     -0.031221190102276464
-4.3433535789304256E-7    -0.03543483651661698     0.08                     -1.991152641231047E-10   -4.3433535789304256E-7   -0.03543483651661699
-0.04687341096388492      -0.026720432581478618    0.07999999999999999      -1.0246734419180653E-11  -0.04687341096388492     -0.02672043258147861
-0.04235184127951938      -0.01730943915772301     0.08                     -1.0955309909002516E-11  -0.04235184127951938     -0.01730943915772301
-0.03406792965580703      -0.01720097679977276     0.08000000000000002      -1.4776800682464822E-11  -0.034067929655807024    -0.017200976799772758
0.043797137279062204      0.011977527220649209     0.08                     -9.763283301926911E-12   0.043797137279062204     0.011977527220649209
0.0131794333432117        0.008561407788594086     0.08                     -2.2172049028478048E-11  0.0131794333432117       0.008561407788594086
0.016586370343081726      0.0034577254323166287    0.08                     -1.9478173982520794E-11  0.016586370343081726     0.0034577254323166287
0.03722475876998963       0.005505691829180016     0.08                     -1.164427668061817E-11   0.03722475876998963      0.005505691829180016
0.03327643822227683       0.0012746491506047744    0.08                     -1.2923419354982035E-11  0.03327643822227683      0.0012746491506047744
0.003227227802644332      -0.03675509604796936     0.08                     -1.9845530249999348E-10  0.003227227802644332     -0.03675509604796936
0.053236355270759705      0.010479648136473577     0.08                     -6.453278642208907E-12   0.053236355270759705     0.010479648136473577
0.060856456710900786      0.006209976624219862     0.08                     -3.973265448626143E-12   0.060856456710900786     0.006209976624219862
0.04551223238432281       0.0031605573833180522    0.07999999999999999      -8.649329585925851E-12   0.04551223238432281      0.0031605573833180522
-0.004354352586717607     0.0038626074963250268    0.08                     -2.265771810005994E-11   -0.004354352586717607    0.0038626074963250268
-0.016412064498408797     -0.004081272997611067    0.08                     -1.963632606881042E-11   -0.016412064498408794    -0.004081272997611067
-0.0012005896517187174    -0.033963662058908516    0.08000000000000002      -1.4557360470513312E-10  -0.0012005896517187174   -0.033963662058908516
-0.01250973891306343      -0.00952241554588596     0.07999999999999999      -2.2916670833900706E-11  -0.012509738913063428    -0.00952241554588596
-0.007869845493846526     -0.004005397397689951    0.08                     -2.2103374274979886E-11  -0.007869845493846526    -0.004005397397689951
0.011396319076830048      0.0015232022595924113    0.07999999999999999      -2.087962408522571E-11   0.011396319076830048     0.0015232022595924113
0.004896003126360477      0.004617184604911187     0.08000000000000002      -2.27985539362138E-11    0.004896003126360478     0.004617184604911187
-9.784444916979863E-4     -0.0021081780609799594   0.08                     -2.2563408008768706E-11  -9.784444916979863E-4    -0.0021081780609799594
-0.007496447606312982     -0.011271565563398249    0.08                     -2.5763911027437648E-11  -0.007496447606312982    -0.011271565563398249
0.024588675816696676      -5.560113883865125E-4    0.08                     -1.627014364115614E-11   0.02458867581669668      -5.560113883865125E-4
0.015333267453399427      -0.004099231273317648    0.08                     -2.001428406506121E-11   0.015333267453399427     -0.004099231273317648
-0.003195988564370993     -0.03679759323295064     0.07999999999999999      -2.0124069971642745E-10  -0.0031959885643709925   -0.03679759323295064
-0.0034205762461550077    -0.03489640331796505     0.08                     -1.4578392480838787E-10  -0.0034205762461550077   -0.034896403317965057
-0.02033566528631985      -0.012401949942439865    0.07999999999999999      -2.0645359377304284E-11  -0.02033566528631985     -0.012401949942439865
-0.027935110349267607     -0.017655998398916947    0.08000000000000002      -1.8383597837140194E-11  -0.027935110349267607    -0.017655998398916947
-0.012502622360028241     -0.015307031930441792    0.08                     -2.7029656725052792E-11  -0.012502622360028243    -0.015307031930441792
-0.0041895140938278085    -0.03822758396757751     0.08                     -1.998432703006281E-10   -0.0041895140938278085   -0.03822758396757751
-0.005093521715630529     -0.03660769504420158     0.08                     -1.464912397570914E-10   -0.00509352171563053     -0.03660769504420158
-0.0045739305162556115    -0.03992479368165581     0.08                     -1.9905913558215837E-10  -0.0045739305162556115   -0.03992479368165581
-0.04943399754864909      -0.03574729482709864     0.08                     -1.0049371872651093E-11  -0.049433997548649085    -0.035747294827098645
-0.01627840826058031      -0.019698906603285132    0.08                     -2.845247940809268E-11   -0.01627840826058031     -0.019698906603285132
-0.03794258985525527      -0.025423760256710635    0.08                     -1.4518937756639003E-11  -0.037942589855255275    -0.02542376025671064
-0.030213304553965717     -0.023937912582540542    0.08                     -1.9150807949537453E-11  -0.030213304553965713    -0.023937912582540546
-0.047186197410769945     -0.04195229132830647     0.08000000000000002      -1.1671648406374256E-11  -0.047186197410769945    -0.04195229132830647
0.0017316968701468396     -0.035786804097357294    0.08                     -1.99025545246895E-10    0.0017316968701468396    -0.035786804097357294
0.00120580630110486       -0.03391679835543336     0.08000000000000002      -1.4407735917899583E-10  0.00120580630110486      -0.03391679835543337
-6.337796619420091E-6     -0.03155754583897581     0.08                     -1.0376141128104058E-10  -6.337796619420091E-6    -0.031557545838975805
0.0034171874804234392     -0.03489068136924188     0.08                     -1.4596743896975467E-10  0.0034171874804234392    -0.03489068136924189
-0.00425084912950314      -0.04160393230994219     0.07999999999999999      -2.007873030099279E-10   -0.004250849129503139    -0.04160393230994219
-0.001443659286152475     -0.04336299316708664     0.08000000000000002      -2.517432265512599E-10   -0.001443659286152475    -0.04336299316708664
-0.00130366572461428      -0.04417535139113672     0.08                     -2.0912356278406336E-10  -0.00130366572461428     -0.04417535139113672
-0.04056742167721133      -0.03596419819908009     0.07999999999999999      -1.481928088631964E-11   -0.04056742167721133     -0.03596419819908009
-0.041014484556365485     -0.04542640327308244     0.08                     -1.5485112243104332E-11  -0.04101448455636548     -0.04542640327308244
-0.003494291704649934     -0.043045543741585215    0.08                     -1.970652955502524E-10   -0.0034942917046499335   -0.04304554374158521
-0.002408108177701424     -0.04403767903035061     0.08                     -1.9403834012613792E-10  -0.002408108177701424    -0.04403767903035061
-4.679274442476351E-5     -0.044970431408600686    0.08                     -1.8363719661413932E-10  -4.679274442476351E-5    -0.044970431408600686
0.001802930779036805      -0.04436546783766657     0.08                     -1.936302583929955E-10   0.001802930779036805     -0.04436546783766657
0.06273230621391321       -8.654018458497878E-4    0.08                     -3.355380001057497E-12   0.06273230621391321      -8.654018458497878E-4
0.03244083224582781       -0.005080175098034864    0.08                     -1.3447640946185736E-11  0.03244083224582781      -0.005080175098034864
0.03903153468262046       -0.0014237770723764462   0.07999999999999999      -1.0818280981928287E-11  0.03903153468262046      -0.0014237770723764462
0.0042484147775799334     -0.03824944284657004     0.08                     -1.9782596731836234E-10  0.0042484147775799334    -0.03824944284657004
0.004617166175239095      -0.0400192618115376      0.08                     -1.9737730383771292E-10  0.004617166175239094     -0.040019261811537594
0.003272838760441021      -0.043250990909623144    0.07999999999999999      -1.9804315360856934E-10  0.0032728387604410215    -0.043250990909623144
0.0042584358810170055     -0.04178559263064809     0.08000000000000002      -1.9772852862324895E-10  0.004258435881017006     -0.04178559263064809
0.005124472965256404      -0.0365364901688402      0.07999999999999999      -1.4524462565668913E-10  0.005124472965256404     -0.0365364901688402
0.02038575931960057       -0.00943481469039397     0.08                     -1.9441715783709697E-11  0.02038575931960057      -0.00943481469039397
0.027579269948295747      -0.009129873476404433    0.08                     -1.6065345491211808E-11  0.027579269948295747     -0.009129873476404433
0.05421603889657299       -9.437941730136429E-4    0.07999999999999999      -5.898206744662067E-12   0.054216038896573        -9.437941730136429E-4
0.04617058079586374       -0.005474096783543159    0.08                     -8.50712224235693E-12    0.04617058079586373      -0.005474096783543159
0.0332565419433864        -0.01273781630065346     0.08                     -1.4207778236737008E-11  0.0332565419433864       -0.01273781630065346
0.0031380843569089583     -0.03221703372897637     0.07999999999999999      -1.0425210899420972E-10  0.0031380843569089587    -0.03221703372897638
0.013207416428685188      -0.01054106936243368     0.07999999999999999      -2.31905073372073E-11    0.013207416428685186     -0.01054106936243368
0.0022354923918427166     -0.028760216975620742    0.08                     -7.43490566050116E-11    0.0022354923918427166    -0.028760216975620746
-0.0032089031612258494    -0.03226970696208604     0.08                     -1.0478983836032028E-10  -0.00320890316122585     -0.03226970696208604
-0.0022346724237600913    -0.028531888081649345    0.08                     -7.268187710033081E-11   -0.0022346724237600913   -0.02853188808164935
-0.007348028302368567     -0.017661728684561888    0.08                     -3.2759349184616694E-11  -0.007348028302368567    -0.01766172868456189
-0.0019605133375479103    -0.008142959058859915    0.08                     -2.4629913149967665E-11  -0.0019605133375479103   -0.008142959058859915
-0.0032207521835511087    -0.013778361233586334    0.08                     -2.917544466512607E-11   -0.0032207521835511087   -0.013778361233586334
-8.482237839005646E-4     -0.01837300140911726     0.08                     -3.6166491578062485E-11  -8.482237839005646E-4    -0.018373001409117264
0.0057712580170881204     -0.0053425106320788215   0.08                     -2.2885472332530485E-11  0.0057712580170881204    -0.0053425106320788215
0.0018602483462731752     -0.012719621585618207    0.08                     -2.822652891917403E-11   0.0018602483462731752    -0.012719621585618207
-0.006028487173137115     -0.02400714242802189     0.08                     -4.732113264573911E-11   -0.006028487173137115    -0.024007142428021894
4.471087697556289E-4      -0.024393090977301878    0.07999999999999999      -5.248169426755485E-11   4.471087697556289E-4     -0.02439309097730188
0.02601992780315289       -0.015176460777062854    0.08                     -1.8611781886532506E-11  0.026019927803152886     -0.015176460777062856
-0.0018716857431398358    -0.04556379734895656     0.08                     -1.5486411171571828E-10  -0.0018716857431398358   -0.045563797348956554
-0.0058781099021989434    -0.03412154546157169     0.08000000000000002      -1.0582583233377624E-10  -0.0058781099021989434   -0.034121545461571694
-0.006577813135307862     -0.0304188106577081      0.08000000000000002      -7.323731527701456E-11   -0.006577813135307863    -0.0304188106577081
-0.011644808335803196     -0.021962072838809958    0.08                     -3.6051914617051224E-11  -0.011644808335803196    -0.02196207283880996
-0.02279835014126806      -0.021301007788157682    0.08                     -2.393733322882365E-11   -0.02279835014126806     -0.021301007788157685
-0.006081321907807557     -0.038767118793972315    0.07999999999999999      -1.4472777234395538E-10  -0.006081321907807558    -0.038767118793972315
-0.00778447820582104      -0.03684634010725574     0.08                     -1.0476482758436541E-10  -0.007784478205821039    -0.03684634010725574
-0.005985841981943444     -0.041039373762083       0.07999999999999999      -1.4856771802841758E-10  -0.005985841981943443    -0.041039373762083
-0.0053213036002779605    -0.04325252757255281     0.08000000000000002      -1.448453051943238E-10   -0.00532130360027796     -0.04325252757255282
-0.012148996164024707     -0.028368072854940127    0.08                     -4.8007240820953837E-11  -0.012148996164024707    -0.02836807285494013
-0.010425349673017498     -0.033791303979457656    0.08000000000000002      -7.003306003133155E-11   -0.010425349673017498    -0.033791303979457656
-0.017445267195631064     -0.026297145049679928    0.08                     -3.4366118433307224E-11  -0.017445267195631064    -0.026297145049679924
-0.03179967169298243      -0.03278812104595085     0.08                     -2.0712066421522463E-11  -0.03179967169298243     -0.03278812104595085
-0.02414647543240324      -0.02947257047364068     0.08                     -2.7614677191177903E-11  -0.02414647543240324     -0.029472570473640682
-0.03754718463646865      -0.05049514845123947     0.07999999999999999      -1.7972441559820087E-11  -0.03754718463646865     -0.050495148451239466
0.0058763652621195775     -0.033967359910100456    0.08                     -1.0422413861407897E-10  0.0058763652621195775    -0.03396735991010046
-0.03270656969689189      -0.04349372932815729     0.08000000000000002      -2.1688551277001483E-11  -0.03270656969689189     -0.04349372932815728
-0.030721945389364        -0.05278591853361632     0.08000000000000002      -2.3263700396583957E-11  -0.030721945389364003    -0.05278591853361631
-0.0038276958679279056    -0.0448570922732863      0.08000000000000002      -1.4632485794049882E-10  -0.0038276958679279056   -0.0448570922732863
-0.023810420038341742     -0.049003752048510256    0.07999999999999999      -3.166996080506586E-11   -0.023810420038341742    -0.049003752048510256
-0.0036551729115795392    -0.04668840304494097     0.08000000000000002      -1.182311918146362E-10   -0.0036551729115795392   -0.04668840304494097
-2.626504076873176E-4     -0.04638577775292173     0.08                     -1.41687846318133E-10    -2.626504076873176E-4    -0.04638577775292173
0.0016727120640115962     -0.04614040279560136     0.08                     -1.42328127888421E-10    0.0016727120640115962    -0.04614040279560136
0.0034900275099900204     -0.04554264450261747     0.08                     -1.3827736065655488E-10  0.003490027509990021     -0.04554264450261747
0.007622873824311146      -0.01363012266735434     0.08                     -2.777342756890505E-11   0.007622873824311147     -0.013630122667354338
0.060701208454429195      -0.006865267576476625    0.08                     -4.031530394389657E-12   0.06070120845442919      -0.006865267576476625
0.03900949569750273       -0.009670194263945699    0.07999999999999999      -1.1335815062927431E-11  0.03900949569750273      -0.009670194263945699
0.06096397821667593       -0.01369986496007445     0.07999999999999999      -4.144059326465287E-12   0.06096397821667593      -0.013699864960074448
0.006177607841281924      -0.03874173296500007     0.08                     -1.4240279307966863E-10  0.006177607841281924     -0.03874173296500006
0.006286587990017517      -0.04127497463604582     0.08                     -1.402994110277114E-10   0.0062865879900175165    -0.04127497463604582
0.005228868189368531      -0.04350175008026565     0.08                     -1.4338790353672187E-10  0.0052288681893685315    -0.04350175008026564
0.005746630659041131      -0.04614771960598986     0.07999999999999999      -1.0652307930708886E-10  0.005746630659041131     -0.04614771960598985
0.008013734048214396      -0.03660355612375549     0.08                     -1.0043055673690199E-10  0.008013734048214398     -0.03660355612375549
0.0060848267689654345     -0.03052516597336271     0.08                     -7.583445073386043E-11   0.0060848267689654345    -0.030525165973362713
0.009200712339883692      -0.03322405055212549     0.08                     -7.477345930933643E-11   0.009200712339883692     -0.03322405055212549
0.010583796389102123      -0.02888142988293639     0.08000000000000002      -5.343276112435811E-11   0.010583796389102123     -0.028881429882936394
0.01826311754238321       -0.01724307900103978     0.08                     -2.478741791755411E-11   0.018263117542383214     -0.017243079001039777
0.03297760272430406       -0.019901351576068982    0.08                     -1.6060640600876093E-11  0.03297760272430406      -0.019901351576068982
0.02500890786327198       -0.021406220362104274    0.07999999999999999      -2.210291775347181E-11   0.02500890786327198      -0.02140622036210427
0.053206683547026824      -0.011762959016496793    0.08                     -6.526364773543473E-12   0.05320668354702683      -0.011762959016496793
0.044744125272382564      -0.012806106896855254    0.08                     -9.496323993868146E-12   0.044744125272382564     -0.012806106896855254
0.03927036748576879       -0.017989625695365316    0.08                     -1.2403028056743018E-11  0.03927036748576879      -0.017989625695365316
0.057673661299898926      -0.018986493994791943    0.08                     -5.460802934689274E-12   0.057673661299898926     -0.01898649399479194
0.048724586551314         -0.02189686498815451     0.08                     -8.917832726017956E-12   0.048724586551314        -0.021896864988154515
0.011082171578822086      -0.016717145472354318    0.08                     -2.933397516938802E-11   0.011082171578822086     -0.016717145472354318
0.012374364455807665      -0.023331395529924845    0.08000000000000002      -3.739184157966164E-11   0.012374364455807666     -0.02333139552992484
0.005957070542914444      -0.02595045206449941     0.08                     -5.384686209634429E-11   0.005957070542914444     -0.025950452064499415
0.005099326634918215      -0.01953674423414519     0.08000000000000002      -3.7080906855124986E-11  0.005099326634918216     -0.019536744234145195
-0.0015903907641778873    -0.04793479854356678     0.08                     -1.1123923435749238E-10  -0.0015903907641778875   -0.04793479854356678
7.677891691826137E-4      -0.04781289981519432     0.08                     -1.1470990542309279E-10  7.677891691826137E-4     -0.04781289981519432
-0.008372242405863222     -0.039979522681537906    0.07999999999999999      -1.05769097458794E-10    -0.008372242405863222    -0.039979522681537906
-0.011852215390580444     -0.03789715124388252     0.08                     -7.122781712943987E-11   -0.011852215390580444    -0.03789715124388252
-0.007787392341218708     -0.043319711354703555    0.08                     -1.0511607284338654E-10  -0.007787392341218709    -0.043319711354703555
-0.006351121372079001     -0.04601015998985705     0.08                     -1.021546713943702E-10   -0.006351121372079001    -0.04601015998985705
-0.010772130345829878     -0.04224885963653955     0.08000000000000002      -7.919240183715035E-11   -0.010772130345829878    -0.04224885963653955
-0.026227638150820687     -0.05691179793581828     0.08                     -2.651050420059131E-11   -0.026227638150820687    -0.05691179793581828
-0.017064660081201923     -0.034409241980014965    0.07999999999999999      -4.480627122162191E-11   -0.01706466008120192     -0.034409241980014965
-0.02418922466738363      -0.03874973807844866     0.08                     -3.16053739169922E-11    -0.02418922466738363     -0.03874973807844866
-0.016020289600227826     -0.043044213359811       0.08000000000000002      -5.10949889383275E-11    -0.01602028960022783     -0.043044213359811005
-0.019587038725056023     -0.05687071474038784     0.08                     -3.335110584913446E-11   -0.01958703872505602     -0.056870714740387844
-0.010225066151076679     -0.047541059172572606    0.08                     -6.886635777908393E-11   -0.010225066151076679    -0.04754105917257261
-0.015676735030604724     -0.051524270404387826    0.08                     -4.417114779808318E-11   -0.015676735030604724    -0.05152427040438783
-0.004909089416005489     -0.050216580159417525    0.08                     -7.897816818419857E-11   -0.00490908941600549     -0.05021658015941753
0.0034571024201820308     -0.048513949927531316    0.08                     -9.777773355326729E-11   0.003457102420182031     -0.04851394992753132
0.0065444957227539366     -0.04828303468816833     0.07999999999999999      -8.420574189747846E-11   0.006544495722753936     -0.04828303468816833
0.00884087329813656       -0.04664835776219738     0.08                     -7.986342213659852E-11   0.008840873298136558     -0.04664835776219738
0.009434405181967654      -0.040148683261464965    0.08                     -9.317763671750342E-11   0.009434405181967654     -0.04014868326146497
0.007898502480993089      -0.04360586381336526     0.08                     -1.023248107677445E-10   0.007898502480993089     -0.04360586381336526
0.012166121346212934      -0.036756170889413006    0.08                     -6.734714336795159E-11   0.012166121346212934     -0.03675617088941301
0.013782354440503334      -0.04034609669789167     0.08000000000000002      -6.147781906886494E-11   0.013782354440503334     -0.04034609669789167
0.012184895994488932      -0.04431219448960601     0.08                     -6.676141779671323E-11   0.012184895994488932     -0.044312194489606
0.013106023728491196      -0.03291499945411178     0.07999999999999999      -5.542709882431362E-11   0.013106023728491196     -0.03291499945411178
0.01665512915790627       -0.029510878199541436    0.08                     -3.98563509276993E-11    0.016655129157906266     -0.029510878199541433
0.019416734964109658      -0.024146482775717078    0.08                     -2.949103982668785E-11   0.019416734964109658     -0.024146482775717078
0.039080632335758175      -0.02604856139856665     0.08                     -1.4003328599951527E-11  0.03908063233575817      -0.02604856139856665
0.018223887960785168      -0.036309240711381044    0.08                     -4.3128750503759927E-11  0.018223887960785168     -0.03630924071138104
0.024658989969151727      -0.029570300432417228    0.08                     -2.7040122701680153E-11  0.024658989969151727     -0.02957030043241723
0.030641533765074745      -0.02584258588300102     0.08                     -1.9515754803469163E-11  0.030641533765074745     -0.025842585883001024
0.026790043446667126      -0.03588163783109992     0.08000000000000002      -2.7032762447372428E-11  0.026790043446667126     -0.03588163783109992
0.057321450136706975      -0.025535502422794273    0.07999999999999999      -5.978821260760478E-12   0.057321450136706975     -0.025535502422794277
0.04608796539864335       -0.030213431575395994    0.08                     -1.1043405891127156E-11  0.04608796539864335      -0.030213431575395994
0.05286252666749258       -0.0301594420105694      0.08                     -8.048247614019048E-12   0.05286252666749258      -0.030159442010569405
3.266545554187856E-4      -0.051113845053011524    0.08                     -8.047246867941221E-11   3.266545554187856E-4     -0.051113845053011524
0.005231138734064013      -0.05160918788024081     0.08000000000000002      -7.002609611631762E-11   0.005231138734064013     -0.05160918788024082
0.009813570189566221      -0.050352548346600745    0.08                     -6.147702548294782E-11   0.00981357018956622      -0.050352548346600745
-0.01302628484604377      -0.058883301023317736    0.08                     -3.905424522011147E-11   -0.01302628484604377     -0.058883301023317736
-0.008899313194762039     -0.05400133110250462     0.08000000000000002      -5.3423597850112686E-11  -0.008899313194762039    -0.05400133110250462
-0.006237393192524473     -0.06071769356028036     0.08                     -4.253978790866719E-11   -0.006237393192524473    -0.06071769356028036
-0.002555070491074578     -0.05578472050231035     0.07999999999999999      -5.6178440882268946E-11  -0.002555070491074578    -0.05578472050231035
-1.303909792392103E-4     -0.06244726899405037     0.08                     -4.1661812385852026E-11  -1.303909792392103E-4    -0.06244726899405038
0.03251704043769084       -0.032424439003543276    0.07999999999999999      -2.000283330477885E-11   0.03251704043769083      -0.032424439003543276
0.03352571539667572       -0.04197014771573663     0.08                     -2.0815588164576554E-11  0.03352571539667571      -0.041970147715736636
0.040297661302525586      -0.03478084593887745     0.08                     -1.4817463140503496E-11  0.04029766130252559      -0.03478084593887745
0.043620813386880605      -0.041212138294245027    0.08000000000000002      -1.3589573835739304E-11  0.04362081338688061      -0.041212138294245027
0.018521543263027924      -0.04405280067023021     0.08                     -4.3337912480689755E-11  0.018521543263027924     -0.04405280067023021
0.013758150126379997      -0.04832834666757131     0.08                     -5.3452676653400855E-11  0.013758150126379999     -0.048328346667571305
0.019048986968994673      -0.050021660534939075    0.08                     -3.890370699746131E-11   0.019048986968994673     -0.050021660534939075
0.02589417638456363       -0.04770435065660432     0.08                     -2.910896239766622E-11   0.025894176384563625     -0.047704350656604326
0.024483831143917667      -0.04153111928194668     0.08                     -3.148350726964225E-11   0.024483831143917667     -0.04153111928194668
0.022388411549947883      -0.055862005343188234    0.08                     -3.075736654162965E-11   0.022388411549947886     -0.05586200534318824
0.04063699661460716       -0.04754339158951822     0.08                     -1.5822659409107075E-11  0.04063699661460716      -0.04754339158951822
0.03470644666206862       -0.05007661571128128     0.08                     -2.0098406650338184E-11  0.03470644666206862      -0.05007661571128128
0.030498528432117682      -0.054817659764668035    0.07999999999999999      -2.3166352406141487E-11  0.030498528432117682     -0.054817659764668035
0.04825205094478498       -0.03621858233798443     0.08                     -1.0654521136487338E-11  0.04825205094478497      -0.036218582337984424
0.0038281686938101463     -0.05677870105612781     0.08                     -5.244000243216772E-11   0.003828168693810147     -0.05677870105612781
0.008652803684462043      -0.0543140917029289      0.07999999999999999      -5.315875612123073E-11   0.008652803684462043     -0.054314091702928904
0.01464755632632964       -0.054020635864353614    0.08000000000000002      -4.2850328423564775E-11  0.014647556326329638     -0.05402063586435362
0.01024982030988834       -0.06005579876538474     0.08                     -4.0393661483029866E-11  0.010249820309888342     -0.06005579876538474
0.005409553970396581      -0.0629276285926769      0.08                     -3.971841833419227E-11   0.005409553970396581     -0.0629276285926769
0.017898449139859295      -0.05994750502061229     0.08                     -3.309605839767341E-11   0.017898449139859295     -0.05994750502061229
-8.525690649873913E-4     -0.03984817012070612     0.08                     -1.1397977041771056E-9   -8.525690649873913E-4    -0.03984817012070612
-9.520909573725537E-4     -0.04022023683208889     0.07999999999999999      -9.978380057348702E-10   -9.520909573725537E-4    -0.04022023683208889
-5.413410228139685E-4     -0.04010085807360223     0.07999999999999999      -1.9562371523161026E-9   -5.413410228139685E-4    -0.04010085807360223
-3.9469706786992675E-4    -0.039352708811077726    0.08000000000000002      -1.3348394224170402E-9   -3.946970678699268E-4    -0.039352708811077726
-6.322608026129116E-4     -0.039100367649549925    0.08                     -8.753257724044682E-10   -6.322608026129117E-4    -0.03910036764954993
-7.465420862609343E-4     -0.03948217964254827     0.08                     -1.0832709101935529E-9   -7.465420862609343E-4    -0.03948217964254827
-2.0932291462275087E-4    -0.040034988865217856    0.08                     -3.948403787880409E-9    -2.0932291462275087E-4   -0.040034988865217856
-2.478745259983261E-4     -0.040302270483509206    0.08                     -2.7878282879826524E-9   -2.4787452599832604E-4   -0.040302270483509206
7.435701121998354E-5      -0.04019169469149292     0.08000000000000002      -4.013209118413987E-9    7.435701121998354E-5     -0.04019169469149292
4.7135353219730585E-4     -0.040449857640900234    0.08000000000000002      -1.5943952432306632E-9   4.7135353219730596E-4    -0.040449857640900234
4.913071972675214E-4      -0.03996636864145757     0.08                     -2.2083774363148566E-9   4.913071972675215E-4     -0.03996636864145758
1.5193146282627655E-5     -0.03981471466982066     0.08                     -4.151995010386567E-9    1.5193146282627655E-5    -0.039814714669820665
-2.3737642374089337E-4    -0.03908859839579509     0.08                     -1.032600349784289E-9    -2.3737642374089337E-4   -0.03908859839579509
-4.3323216614261234E-4    -0.03872166656153266     0.08                     -7.031896400081597E-10   -4.332321661426123E-4    -0.03872166656153266
2.887104644371007E-4      -0.03955580600667517     0.08000000000000002      -2.0357378317144293E-9   2.887104644371007E-4     -0.03955580600667518
9.535067702873597E-4      -0.040601445315330345    0.08                     -8.554957907924098E-10   9.535067702873597E-4     -0.04060144531533034
9.332603797924461E-4      -0.04016411782480153     0.08000000000000002      -1.0217886372502928E-9   9.332603797924461E-4     -0.04016411782480153
6.39610283549077E-4       -0.03958751902075775     0.08                     -1.3228134698490286E-9   6.39610283549077E-4      -0.03958751902075775
5.750495411938016E-4      -0.03923757567880565     0.08                     -1.020727724270398E-9    5.750495411938017E-4     -0.03923757567880565
1.8722298622227487E-4     -0.039119552178566365    0.07999999999999999      -1.0874302919217574E-9   1.8722298622227487E-4    -0.039119552178566365
1.3123322122537062E-5     -0.038665595918297754    0.08000000000000002      -7.113839735352393E-10   1.3123322122537062E-5    -0.03866559591829776
9.533037621411465E-4      -0.03982033756266444     0.08                     -1.0057946225095043E-9   9.533037621411465E-4     -0.03982033756266445
9.735018057451043E-4      -0.039425034212344716    0.08                     -8.504820537059076E-10   9.735018057451043E-4     -0.039425034212344716
-8.187814620879924E-4     -0.03879957439860665     0.07999999999999999      -6.517224827660187E-10   -8.187814620879924E-4    -0.03879957439860665
0.0012714741850627233     -0.04036597097535038     0.07999999999999999      -7.191747842992549E-10   0.0012714741850627233    -0.04036597097535038
0.0013790117691471495     -0.04004513007487636     0.08000000000000002      -6.895264337258627E-10   0.0013790117691471497    -0.04004513007487636
-0.001380243504887968     -0.0399077840808538      0.08                     -6.875662581650705E-10   -0.001380243504887968    -0.0399077840808538
-0.0014345839680772864    -0.040372514420573706    0.08                     -6.388952444966356E-10   -0.0014345839680772864   -0.040372514420573706
-0.0013226480055021164    -0.040794310904694445    0.08                     -6.131523027350779E-10   -0.0013226480055021164   -0.040794310904694445
-9.745891941962204E-4     -0.04058607890480517     0.08000000000000002      -8.446429794686515E-10   -9.745891941962204E-4    -0.04058607890480517
-0.0012759183334785276    -0.03951256947595881     0.08                     -6.962005788523247E-10   -0.0012759183334785276   -0.03951256947595882
-0.001094401103995558     -0.03907938684401139     0.08                     -6.638456016143077E-10   -0.001094401103995558    -0.03907938684401139
-0.0010009614913647634    -0.041092512196399436    0.08                     -6.405746041969958E-10   -0.0010009614913647632   -0.04109251219639943
-5.858327947471544E-4     -0.040809705965301854    0.08                     -9.687574111775746E-10   -5.858327947471544E-4    -0.04080970596530186
-5.07650858923454E-4      -0.0412799174191652      0.08                     -6.885227381303781E-10   -5.076508589234541E-4    -0.0412799174191652
6.536228427680626E-4      -0.04086456817498767     0.08                     -8.881076427743558E-10   6.536228427680626E-4     -0.04086456817498767
-3.0272765183012447E-4    -0.04056574033257132     0.08                     -1.608636650529476E-9    -3.0272765183012447E-4   -0.04056574033257132
5.5798166383232845E-6     -0.04053506370829278     0.08000000000000002      -2.0216996773511617E-9   5.5798166383232845E-6    -0.04053506370829279
-1.739565631212614E-5     -0.04135173168447355     0.08                     -7.027471539176393E-10   -1.739565631212614E-5    -0.04135173168447354
-1.7447289285310266E-4    -0.04086514572662923     0.08000000000000002      -1.1181104437385804E-9   -1.7447289285310263E-4   -0.04086514572662923
2.2712426899643303E-4     -0.04089886585243393     0.08                     -1.053381378621956E-9    2.27124268996433E-4      -0.04089886585243393
5.443651843429981E-4      -0.0413261875016917      0.07999999999999999      -6.618299253911773E-10   5.443651843429981E-4     -0.0413261875016917
-5.780621819669923E-4     -0.04041326723426665     0.07999999999999999      -1.4399996699862897E-9   -5.780621819669924E-4    -0.040413267234266644
-3.7600377138886844E-4    -0.03972341873188531     0.08                     -2.377828984517621E-9    -3.760037713888684E-4    -0.039723418731885306
-8.419830738374623E-5     -0.039438917929342406    0.08000000000000002      -1.8908421529920156E-9   -8.419830738374623E-5    -0.039438917929342406
-7.181566268449774E-4     -0.038441642813763346    0.07999999999999999      -5.474886969421482E-10   -7.181566268449774E-4    -0.038441642813763346
0.0013686220622660533     -0.04069196368604526     0.07999999999999999      -6.177735339328841E-10   0.0013686220622660533    -0.04069196368604527
0.0010330963872217335     -0.041082494697720295    0.08                     -6.333713971236275E-10   0.0010330963872217335    -0.041082494697720295
0.0010161663658801948     -0.038935574506879275    0.08                     -6.429252913290683E-10   0.0010161663658801948    -0.03893557450687928
5.150377598977622E-4      -0.03876370002809272     0.07999999999999999      -7.086790815325508E-10   5.150377598977622E-4     -0.038763700028092714
0.0013161275168819167     -0.03921398482899956     0.08                     -6.158668540131954E-10   0.0013161275168819167    -0.03921398482899956
0.001435212969006131      -0.03964127097319581     0.08                     -6.391168379536976E-10   0.0014352129690061307    -0.03964127097319581
-0.0017932983114493182    -0.04006106449871735     0.08                     -5.230122675502767E-10   -0.0017932983114493182   -0.04006106449871735
-0.0016658955303028087    -0.04073336793725132     0.08                     -5.160740771922341E-10   -0.0016658955303028087   -0.04073336793725132
7.071543387979084E-4      -0.04175576544819385     0.08                     -4.948422246147862E-10   7.071543387979084E-4     -0.04175576544819385
0.0017086304498964123     -0.04078778081045995     0.08                     -4.986819991793876E-10   0.0017086304498964123    -0.04078778081045995
0.0017550187057801057     -0.0399368836665174      0.08000000000000002      -5.358155010742481E-10   0.0017550187057801057    -0.0399368836665174
0.0016893389802366554     -0.039247519654201896    0.08                     -5.065805436099145E-10   0.0016893389802366554    -0.039247519654201896
-4.515897799196054E-4     0.04061408373235831      0.08000000000000002      -1.3057523766055422E-9   -4.515897799196054E-4    0.04061408373235831
-2.2022503031070772E-4    0.04087349883234033      0.08                     -1.0920966544125296E-9   -2.202250303107077E-4    0.04087349883234032
-6.496382638636318E-4     0.04088935915178306      0.08                     -8.723343463873572E-10   -6.496382638636317E-4    0.04088935915178305
4.02780305165868E-6       0.04132149708368341      0.08                     -7.185965327877133E-10   4.02780305165868E-6      0.04132149708368341
1.5680021648180765E-4     0.04084390342521204      0.08                     -1.148773419708626E-9    1.5680021648180765E-4    0.04084390342521204
5.333802698531871E-4      0.041243060327559755     0.08                     -7.017225000700055E-10   5.333802698531871E-4     0.041243060327559755
-8.122819495573093E-4     0.041192955630893584     0.08000000000000002      -6.559038826951671E-10   -8.122819495573093E-4    0.041192955630893584
-0.0011167380847006976    0.040915480868639345     0.08                     -6.565038961847122E-10   -0.0011167380847006976   0.04091548086863934
-7.827548458846768E-4     0.040547772033439344     0.08                     -1.0144661846954993E-9   -7.827548458846767E-4    0.040547772033439344
-4.8453240515139776E-4    0.04027763089014152      0.08                     -1.9160732390775724E-9   -4.845324051513978E-4    0.04027763089014152
-8.875354704775629E-4     0.04018262940641774      0.08                     -1.0801162480404317E-9   -8.875354704775629E-4    0.04018262940641774
-0.0013132838888803384    0.04050104524642197      0.08000000000000002      -6.759944013911926E-10   -0.0013132838888803384   0.04050104524642197
-7.828794332114073E-5     0.040443713490051304     0.08                     -2.411320263781762E-9    -7.828794332114073E-5    0.040443713490051304
3.170901187188942E-4      0.04048901309997935      0.08                     -1.8396163575996946E-9   3.170901187188942E-4     0.04048901309997935
-9.808363470934743E-4     0.03941232101726112      0.08                     -8.412999833303555E-10   -9.808363470934743E-4    0.039412321017261116
-5.577341411264674E-4     0.03959017222655241      0.08                     -1.4855308257882001E-9   -5.577341411264674E-4    0.039590172226552416
-9.710114801828962E-4     0.039791121598964        0.07999999999999999      -9.806932542972722E-10   -9.710114801828961E-4    0.039791121598964
-1.6511003263731125E-4    0.04004183141880107      0.08                     -4.160525983765165E-9    -1.6511003263731125E-4   0.04004183141880107
2.532983110932599E-4      0.04007359061328712      0.08                     -3.6364905809340232E-9   2.5329831109325993E-4    0.04007359061328713
1.037034646369161E-5      0.03974372397367908      0.08                     -3.6639368281224342E-9   1.037034646369161E-5     0.03974372397367908
-2.798957947041641E-4     0.03976430164081677      0.07999999999999999      -2.9714418534408195E-9   -2.798957947041641E-4    0.03976430164081677
6.096306294366859E-4      0.0403313966692788       0.08                     -1.4835051921650208E-9   6.096306294366859E-4     0.0403313966692788
4.1426906005894814E-4     0.039613855813797644     0.08                     -1.8573623495944474E-9   4.142690600589482E-4     0.039613855813797644
1.2343677767335094E-4     0.03936439900739159      0.08                     -1.6030313502747983E-9   1.2343677767335094E-4    0.03936439900739159
-4.187583989299096E-4     0.04128452572717322      0.08                     -7.03508166181982E-10    -4.1875839892990954E-4   0.04128452572717322
-2.1153654872536638E-4    0.039481068883834534     0.07999999999999999      -1.9136451994368087E-9   -2.1153654872536638E-4   0.039481068883834534
-5.305013428030391E-4     0.03997567854449969      0.08                     -2.0306009249442822E-9   -5.305013428030391E-4    0.03997567854449969
-5.512698559720344E-4     0.03921450675476869      0.08000000000000002      -1.0106711751422212E-9   -5.512698559720345E-4    0.03921450675476868
-2.01375122376636E-4      0.03906150015296701      0.08                     -1.009375136492859E-9    -2.0137512237663598E-4   0.039061500152967006
1.657101603174337E-4      0.03899683502703185      0.07999999999999999      -9.493741485006089E-10   1.657101603174337E-4     0.03899683502703185
5.832359535753861E-4      0.040747087904265386     0.08                     -1.0236690130209604E-9   5.83235953575386E-4      0.04074708790426539
9.879423222424553E-4      0.04012301718708232      0.08                     -9.690545523208052E-10   9.879423222424553E-4     0.040123017187082326
8.993338487566213E-4      0.04058598403347595      0.08                     -8.944463041924381E-10   8.993338487566213E-4     0.04058598403347596
5.47754349225429E-4       0.03916391674587916      0.08                     -9.708878572107825E-10   5.47754349225429E-4      0.03916391674587916
9.749088459660882E-4      0.04105964560676606      0.08                     -6.591633479536455E-10   9.749088459660881E-4     0.04105964560676606
0.0013264891890494546     0.040375922383945044     0.08                     -6.887843630025951E-10   0.0013264891890494548    0.040375922383945044
0.001380328947354079      0.03998395759337413      0.08                     -6.863953215364031E-10   0.001380328947354079     0.039983957593374135
0.0012273425222504076     0.040754702678404114     0.08                     -6.562243457913483E-10   0.0012273425222504076    0.040754702678404114
6.41314176297101E-4       0.039988081708079826     0.08000000000000002      -1.6086168983144512E-9   6.41314176297101E-4      0.039988081708079826
-7.141998952981332E-4     0.04156160918420808      0.07999999999999999      -5.488967761862864E-10   -7.141998952981332E-4    0.04156160918420808
-0.0014352934484050867    0.03961550959544042      0.08000000000000002      -6.363639488350917E-10   -0.0014352934484050865   0.03961550959544042
-0.0013920139554568253    0.04009724907380774      0.08                     -6.812182070602556E-10   -0.0013920139554568255   0.04009724907380774
-0.0013201515834192494    0.03920434761375526      0.08                     -6.125515973299141E-10   -0.0013201515834192494   0.03920434761375526
-9.999728615051997E-4     0.038912630882105954     0.08                     -6.397543426316762E-10   -9.999728615051997E-4    0.038912630882105954
-0.0017974296774152057    0.03994103683086021      0.08                     -5.232421802383363E-10   -0.0017974296774152057   0.03994103683086021
9.723968878404115E-4      0.039614452439277414     0.08                     -9.206211567026947E-10   9.723968878404116E-4     0.039614452439277414
0.0013814760210400906     0.03962744743304598      0.08                     -6.615936924355477E-10   0.0013814760210400906    0.03962744743304598
0.0013928466579890841     0.03929938761654059      0.08                     -6.085057184730288E-10   0.0013928466579890841    0.03929938761654059
-5.596673867552247E-4     0.03871882459886204      0.08000000000000002      -6.76801732939295E-10    -5.596673867552248E-4    0.03871882459886205
5.237328000502583E-4      0.03860455044135409      0.07999999999999999      -6.361410283030245E-10   5.237328000502584E-4     0.03860455044135409
-1.1868875661526321E-4    0.038596086640959155     0.08                     -6.723581211422797E-10   -1.1868875661526321E-4   0.038596086640959155
-0.0016606624927005696    0.03927078901818477      0.07999999999999999      -5.168637569995346E-10   -0.0016606624927005694   0.03927078901818477
9.76663773847172E-4       0.038990391967184276     0.07999999999999999      -6.757363038657099E-10   9.76663773847172E-4      0.03899039196718428
7.228926920013936E-4      0.03820521398624121      0.08                     -4.841248390237976E-10   7.228926920013936E-4     0.03820521398624121
0.0017144407261845498     0.03920913921763871      0.08                     -4.969856407000069E-10   0.0017144407261845498    0.03920913921763871
0.00158009654164545       0.04068814375884264      0.08000000000000002      -5.451724303179987E-10   0.0015800965416454499    0.04068814375884264
3.387174234789113E-5      0.03818694163128039      0.08                     -5.175355571005625E-10   3.387174234789113E-5     0.03818694163128039
