% Model:              pcal_mirror_deformation_3d_2beams.mph
% Version:            COMSOL 5.6.0.401
% Date:               Nov 11 2025, 14:08
% Dimension:          3
% Nodes:              1055
% Expressions:        3
% Description:        Displacement field, Z component, x-coordinate, y-coordinate
% Length unit:        m
% X                       Y                        Z                        w (m)                    x (m)                    y (m)
0.06495177554317576       0.037499966716002406     0.08                     -3.506882827907308E-12   0.06495177554317576      0.037499966716002406
0.06067625057185087       0.04408391809753979      0.07999999999999997      -4.005758323043962E-12   0.060676250571850866     0.04408391809753979
0.05697137711652117       0.03613718402853344      0.08                     -6.661605251674181E-12   0.05697137711652117      0.03613718402853344
0.06851583108803186       0.030505261385574422     0.07999999999999999      -3.0724326991597497E-12  0.06851583108803186      0.030505261385574422
0.060572913993018895      0.030136600892623204     0.08                     -6.0765727059317265E-12  0.060572913993018895     0.030136600892623207
0.05573575828807775       0.050184747272377414     0.08                     -4.570124565948759E-12   0.05573575828807775      0.05018474727237741
0.05018470437959347       0.0557357969065981       0.08000000000000002      -5.170132386204136E-12   0.05018470437959347      0.0557357969065981
0.0480815859368518        0.047146669152698155     0.08                     -7.969193764226578E-12   0.0480815859368518       0.047146669152698155
0.0713292096594843        0.023176311611205702     0.07999999999999997      -2.727147471023477E-12   0.0713292096594843       0.023176311611205702
0.06364312627142758       0.023610734199113526     0.08                     -5.5579953523575125E-12  0.06364312627142758      0.023610734199113526
0.07335999609166174       0.015593239986274841     0.07999999999999997      -2.473704343440627E-12   0.07335999609166174      0.015593239986274841
0.06551954696514871       0.016805004717296096     0.08                     -5.326931476842471E-12   0.06551954696514871      0.016805004717296096
0.04408387140455927       0.06067628449743351      0.08000000000000002      -5.768980037791248E-12   0.04408387140455927      0.06067628449743351
0.04305450027189639       0.05245968564100151      0.08                     -8.46151278706899E-12    0.04305450027189639      0.05245968564100151
0.03749991673258768       0.0649518044021882       0.07999999999999999      -6.361092477646962E-12   0.03749991673258768      0.0649518044021882
0.03713565010827328       0.05652402955424405      0.08                     -9.256933563515998E-12   0.03713565010827328      0.05652402955424405
0.05288406987496233       0.04224660422797577      0.08                     -7.195540718514706E-12   0.052884069874962324     0.04224660422797577
0.030505208658311148      0.0685158545617348       0.08                     -6.897496608055515E-12   0.030505208658311148     0.0685158545617348
0.031034634351357816      0.060421281562504016     0.08                     -9.797019854270297E-12   0.031034634351357813     0.060421281562504016
0.023176256720120806      0.07132922749615196      0.08                     -7.357367834241426E-12   0.023176256720120806     0.07132922749615196
0.024599142535887242      0.06277358177874183      0.08                     -1.0595175181610212E-11  0.024599142535887242     0.06277358177874183
0.07458787050279471       0.007839467289912918     0.07999999999999997      -2.3184270015719587E-12  0.07458787050279471      0.007839467289912918
0.06690307828798851       0.010000519770223308     0.08                     -5.110433196061276E-12   0.06690307828798851      0.010000519770223308
0.075                     0                        0.08                     -2.269255188023922E-12   0.075                    0
0.06764412402425363       0.0027610242540957314    0.08                     -4.9865238939197534E-12  0.06764412402425363      0.0027610242540957314
0.07458908596708065       -0.007839626105999796    0.08                     -2.3179062963572857E-12  0.07458908596708065      -0.007839626105999796
0.06750129107877          -0.004279024573534358    0.08000000000000002      -5.022145675922583E-12   0.06750129107877         -0.004279024573534358
0.07336097335751122       -0.015593346475658632    0.08000000000000002      -2.4756800849348498E-12  0.07336097335751122      -0.015593346475658632
0.0668016186063675        -0.011339606404207482    0.08                     -5.1015971049450714E-12  0.0668016186063675       -0.011339606404207482
0.015593346475658632      0.07336097335751122      0.08000000000000002      -7.714971976390673E-12   0.015593346475658632     0.07336097335751122
0.017987692258192294      0.06552510998407747      0.08                     -1.0846732026351033E-11  0.017987692258192297     0.06552510998407747
0.0025                    0.02                     0.08                     -3.7471501438447743E-10  0.0025                   0.02
0.0023081206767846486     0.019039500108848927     0.08000000000000002      -3.761396862378918E-10   0.0023081206767846486    0.019039500108848927
0.0033029526145573404     0.01935147804701983      0.08                     -2.7788070669751685E-10  0.0033029526145573404    0.019351478047019834
0.0017677657805805329     0.02176776812535143      0.08                     -3.739393122115802E-10   0.0017677657805805329    0.02176776812535143
0.0018785144758206446     0.022789854198495316     0.08                     -2.7661221252475056E-10  0.0018785144758206446    0.022789854198495316
9.598360749590255E-4      0.02230839679187554      0.08000000000000002      -3.7402714813123865E-10  9.598360749590255E-4     0.022308396791875535
0.0032729382735635602     0.02065014580331892      0.08                     -2.800424194703227E-10   0.0032729382735635602    0.02065014580331892
0.0023083957807063567     0.020959838506921392     0.08                     -3.751838547170881E-10   0.0023083957807063567    0.020959838506921392
0.0027843750366907706     0.021850722533333283     0.08                     -2.7860060044090405E-10  0.0027843750366907706    0.021850722533333283
6.620058927629194E-4      0.02331636732058011      0.08                     -2.749898061657626E-10   6.620058927629194E-4     0.02331636732058011
0                         0.0225                   0.08                     -3.741212803559922E-10   0                        0.022500000000000003
-6.565443851303462E-4     0.02329666294639321      0.08                     -2.7631227064139603E-10  -6.565443851303462E-4    0.02329666294639321
-9.605026585923443E-4     0.022308119525196016     0.07999999999999999      -3.7423804614179273E-10  -9.605026585923444E-4    0.022308119525196016
0.007839626105999796      0.07458908596708065      0.08                     -7.936655143770476E-12   0.007839626105999796     0.07458908596708065
0.010849230449763068      0.06670984835924193      0.08                     -1.1372026064255442E-11  0.010849230449763068     0.06670984835924193
0.07132922749615196       -0.023176256720120806    0.08                     -2.7290298147821348E-12  0.07132922749615196      -0.023176256720120806
0.06503862298141977       -0.01833684731250683     0.08                     -5.41537675769367E-12    0.06503862298141977      -0.01833684731250683
0.06335162973571808       -0.023965247890603676    0.08                     -5.636704551444556E-12   0.06335162973571808      -0.023965247890603673
0.0685158545617348        -0.030505208658311148    0.08                     -3.0733941051093925E-12  0.0685158545617348       -0.030505208658311148
0                         0.075                    0.08                     -8.011831957295033E-12   0                        0.075
0.003841451527304661      0.06796820583646557      0.08                     -1.1320697854987804E-11  0.003841451527304661     0.06796820583646557
-0.007839467289912918     0.07458787050279471      0.07999999999999997      -7.935682220146744E-12   -0.007839467289912918    0.07458787050279471
-0.0030903493282267366    0.06756216824784747      0.08                     -1.1543012844269022E-11  -0.0030903493282267366   0.06756216824784746
0.060595507936479456      -0.030686955387485712    0.07999999999999999      -6.008500401352435E-12   0.06059550793647945      -0.030686955387485716
0.0649518044021882        -0.03749991673258768     0.07999999999999999      -3.5105448777959764E-12  0.0649518044021882       -0.03749991673258768
9.578465732130513E-4      0.017690777012126777     0.07999999999999999      -3.770561120420968E-10   9.578465732130513E-4     0.017690777012126777
0.0018649680291599018     0.017208627444716816     0.08                     -2.799730547218798E-10   0.0018649680291599018    0.01720862744471682
0.0017667510916791562     0.01823121777049966      0.07999999999999999      -3.7667400889179473E-10  0.0017667510916791562    0.01823121777049966
0.0028012617441822395     0.018121771792544428     0.08                     -2.781943285691053E-10   0.0028012617441822395    0.018121771792544428
-0.002309224412948959     0.02095784313741116      0.08000000000000002      -3.746216252376115E-10   -0.002309224412948959    0.02095784313741116
-0.0017687850859464868    0.021766748231937083     0.08000000000000002      -3.7446138066339044E-10  -0.0017687850859464868   0.021766748231937083
-0.002788913811585206     0.021848493284594574     0.08                     -2.787010815548644E-10   -0.002788913811585206    0.02184849328459457
-0.0018749784808415743    0.02279852060566393      0.08                     -2.7671418283450056E-10  -0.0018749784808415743   0.022798520605663928
0                         0.0175                   0.08                     -3.7657960268301086E-10  0                        0.0175
6.580228234427006E-4      0.016702644070690664     0.08                     -2.7954512029431883E-10  6.580228234427006E-4     0.016702644070690664
-0.0032675613081389852    0.0206516503121303       0.08                     -2.8000395036332206E-10  -0.0032675613081389852   0.0206516503121303
-0.0025                   0.02                     0.08                     -3.7515505094278303E-10  -0.0025                  0.02
-9.585085482963579E-4     0.01769105169280112      0.07999999999999999      -3.7602951791609063E-10  -9.585085482963579E-4    0.01769105169280112
-6.55309568623634E-4      0.01669879407438453      0.08                     -2.792884751244719E-10   -6.55309568623634E-4     0.01669879407438453
-0.0032898372865168522    0.019359549298726658     0.08                     -2.79071646456012E-10    -0.0032898372865168522   0.019359549298726658
-0.0023089478618787073    0.019041490378925413     0.07999999999999999      -3.762480157406813E-10   -0.0023089478618787073   0.019041490378925413
-0.0028170780198007485    0.01812710763218066      0.08                     -2.7700482531078883E-10  -0.0028170780198007485   0.01812710763218066
-0.0017677663003772938    0.018232232394444794     0.07999999999999999      -3.7661702380548835E-10  -0.0017677663003772938   0.018232232394444794
-0.0018670217270876678    0.017197623794878228     0.08                     -2.790653265181876E-10   -0.0018670217270876678   0.017197623794878228
0.06067628449743351       -0.04408387140455927     0.08000000000000002      -4.009218768770743E-12   0.06067628449743351      -0.04408387140455927
0.056469579914625076      -0.03688656715346339     0.08                     -6.741233681422972E-12   0.05646957991462508      -0.03688656715346339
-0.015593239986274841     0.07335999609166174      0.07999999999999997      -7.716281717727155E-12   -0.015593239986274841    0.07335999609166174
-0.010255801278621492     0.06738952075797164      0.08                     -1.1121328107049553E-11  -0.010255801278621494    0.06738952075797165
-0.0231763116112057       0.07132920965948432      0.07999999999999999      -7.361551030424295E-12   -0.0231763116112057      0.07132920965948432
-0.017177496314025247     0.06550787391044892      0.07999999999999999      -1.0995067753294816E-11  -0.017177496314025247    0.06550787391044892
0.0025                    -0.02                    0.08                     -3.755853630951136E-10   0.0025                   -0.02
0.003297558499483353      -0.019343225932095094    0.08                     -2.7800958881574055E-10  0.003297558499483353     -0.01934322593209509
0.0023092229880458037     -0.019042153427203033    0.07999999999999999      -3.758857444892299E-10   0.0023092229880458037    -0.019042153427203033
0.002309223993234828      -0.02095784414932702     0.08                     -3.7517875442520184E-10  0.002309223993234828     -0.020957844149327016
0.0033021559109802697     -0.020657381103031204    0.08                     -2.7761640750365577E-10  0.00330215591098027      -0.0206573811030312
0.002803320823028449      -0.01812704916149046     0.08                     -2.7822054165758974E-10  0.002803320823028449     -0.018127049161490463
0.0017687822295359417     -0.018233248908356484    0.08                     -3.7623778682760484E-10  0.0017687822295359417    -0.018233248908356484
0.0557357969065981        -0.05018470437959347     0.08000000000000002      -4.569174046397511E-12   0.0557357969065981       -0.05018470437959347
0.05190456739399961       -0.042898805956439384    0.07999999999999999      -7.43719285852972E-12    0.051904567393999616     -0.042898805956439384
0.050184747272377414      -0.05573575828807775     0.08                     -5.167852230623795E-12   0.05018474727237741      -0.05573575828807775
0.047947406752034974      -0.04807600661531847     0.08                     -7.81383811764082E-12    0.04794740675203497      -0.04807600661531847
0.001768784569833606      -0.02176674874864617     0.08                     -3.7471949068927965E-10  0.001768784569833606     -0.021766748748646165
0.0027975323219901205     -0.021869044742535954    0.08                     -2.7673330950721294E-10  0.0027975323219901205    -0.021869044742535954
0.001865775425146701      -0.01721509313549796     0.08                     -2.8083377626209736E-10  0.001865775425146701     -0.01721509313549796
9.604998910652596E-4      -0.01769187932317964     0.08                     -3.771241307575725E-10   9.604998910652595E-4     -0.01769187932317964
6.627910683562419E-4      -0.01671481201168789     0.08                     -2.8042553159414684E-10  6.627910683562419E-4     -0.016714812011687893
0                         -0.0175                  0.08                     -3.7748899983812897E-10  0                        -0.0175
-0.030505261385574422     0.06851583108803186      0.07999999999999999      -6.899858983554987E-12   -0.030505261385574422    0.06851583108803186
-0.024082565435388455     0.06362132116955038      0.08000000000000002      -1.0379075037607555E-11  -0.02408256543538845     0.06362132116955038
-0.037499966716002406     0.06495177554317576      0.08                     -6.358962850688723E-12   -0.037499966716002406    0.06495177554317576
-0.03015740598639781      0.06044648131578774      0.08000000000000002      -1.0037782405057367E-11  -0.030157405986397812    0.06044648131578773
0.04408391809753979       -0.06067625057185087     0.07999999999999997      -5.7735764829322135E-12  0.04408391809753979      -0.060676250571850866
0.04211534069670345       -0.05325606036326817     0.08                     -8.569477929645691E-12   0.04211534069670345      -0.05325606036326818
9.605023214162132E-4      -0.022308119665502075    0.07999999999999999      -3.743459656476263E-10   9.605023214162132E-4     -0.022308119665502075
0.0018688078845558974     -0.022792269147773936    0.07999999999999999      -2.765705545872265E-10   0.0018688078845558974    -0.022792269147773936
0                         -0.0225                  0.08                     -3.7412268885677703E-10  0                        -0.022500000000000003
6.600395244387037E-4      -0.02330403293931614     0.08                     -2.753434500836651E-10   6.600395244387037E-4     -0.02330403293931614
-6.52949122406439E-4      -0.01669304542302496     0.08                     -2.789336540056446E-10   -6.52949122406439E-4     -0.016693045423024962
-9.598385069175853E-4     -0.01769160421929206     0.07999999999999999      -3.7709632092736993E-10  -9.598385069175853E-4    -0.01769160421929206
-0.0017677681253618854    -0.01823223421942993     0.08000000000000002      -3.7614037530749263E-10  -0.0017677681253618854   -0.01823223421942993
-0.0018800512014682247    -0.01719708943833427     0.08                     -2.785379622180804E-10   -0.0018800512014682247   -0.01719708943833427
-9.598360749590255E-4     -0.02230839679187554     0.08000000000000002      -3.7442972012286684E-10  -9.598360749590255E-4    -0.022308396791875535
-6.584551806693931E-4     -0.023290406358370472    0.08000000000000002      -2.773763177524008E-10   -6.584551806693931E-4    -0.023290406358370472
-0.002308396791886583     -0.019040163925067532    0.08                     -3.7534897184355373E-10  -0.002308396791886583    -0.019040163925067532
-0.0027888735369543498    -0.018147622584167224    0.08                     -2.8002146164948843E-10  -0.0027888735369543498   -0.01814762258416722
-0.04408391809753979      0.06067625057185087      0.07999999999999997      -5.7721026197330005E-12  -0.04408391809753979     0.060676250571850866
-0.03660341445789643      0.057324709310686915     0.08                     -9.17623541773519E-12    -0.03660341445789644     0.057324709310686915
0.037499966716002406      -0.06495177554317576     0.08                     -6.357656014903576E-12   0.037499966716002406     -0.06495177554317576
0.03681566432182851       -0.0573727489635759      0.08000000000000002      -9.095058354705823E-12   0.03681566432182851      -0.05737274896357591
-0.050184747272377414     0.05573575828807775      0.08                     -5.169148881875987E-12   -0.05018474727237741     0.05573575828807775
-0.04224826999853816      0.05284120176523621      0.08                     -8.634658012649594E-12   -0.04224826999853815     0.05284120176523621
-0.0023083957807063567    -0.020959838506921392    0.08                     -3.7544123973096353E-10  -0.0023083957807063567   -0.020959838506921392
-0.0027924993912374785    -0.02185885707246918     0.07999999999999999      -2.7749273125403223E-10  -0.0027924993912374785   -0.02185885707246918
-0.0017677657805805329    -0.02176776812535143     0.08                     -3.7479054716325163E-10  -0.0017677657805805329   -0.02176776812535143
-0.0025                   -0.02                    0.08                     -3.756476284218131E-10   -0.0025                  -0.02
-0.0032837081123475546    -0.019345877071982612    0.08000000000000002      -2.7927736498855434E-10  -0.0032837081123475546   -0.019345877071982612
-0.003278711439667282     -0.020653849516039893    0.08                     -2.7901134439229067E-10  -0.003278711439667282    -0.020653849516039893
-0.0018677377126421115    -0.022791178850766425    0.08                     -2.7659864088013925E-10  -0.0018677377126421115   -0.022791178850766425
0.023176311611205702      -0.0713292096594843      0.07999999999999997      -7.360953191201354E-12   0.023176311611205702     -0.0713292096594843
0.030505261385574422      -0.06851583108803186     0.07999999999999999      -6.904644280237209E-12   0.030505261385574422     -0.06851583108803186
0.024059725046221312      -0.0637111963375878      0.07999999999999999      -1.0351854774936484E-11  0.024059725046221312     -0.0637111963375878
0.030054640280022044      -0.060844023745557786    0.08                     -9.920417677542182E-12   0.030054640280022044     -0.060844023745557786
-0.0557357969065981       0.05018470437959347      0.08000000000000002      -4.569718612723938E-12   -0.0557357969065981      0.05018470437959347
-0.047863442140784286     0.04837749906142724      0.08                     -7.776410025099938E-12   -0.047863442140784286    0.04837749906142724
0.015593239986274841      -0.07335999609166174     0.07999999999999997      -7.717502857119487E-12   0.015593239986274841     -0.07335999609166174
0.016913938355995934      -0.06603703520896126     0.08                     -1.0810763387676863E-11  0.016913938355995934     -0.06603703520896126
0.007839467289912918      -0.07458787050279471     0.07999999999999997      -7.939526008624666E-12   0.007839467289912918     -0.07458787050279471
0.010037465841190418      -0.06769108233833986     0.08                     -1.1000641654252033E-11  0.010037465841190418     -0.06769108233833986
-0.06067628449743351      0.04408387140455927      0.08000000000000002      -4.013554596696783E-12   -0.06067628449743351     0.04408387140455927
-0.05256237554588809      0.04316639145889759      0.08                     -7.143895176620224E-12   -0.0525623755458881      0.04316639145889759
0                         -0.075                   0.08                     -8.014454778504265E-12   0                        -0.075
0.0027366767092473843     -0.06811464283862562     0.08                     -1.1289858354355078E-11  0.002736676709247384     -0.06811464283862562
-0.05712088081582242      0.037335616625253476     0.07999999999999999      -6.434544499382109E-12   -0.05712088081582243     0.037335616625253476
-0.0649518044021882       0.03749991673258768      0.07999999999999999      -3.510292742956971E-12   -0.0649518044021882      0.03749991673258768
-0.0685158545617348       0.030505208658311148     0.08                     -3.0782232476905994E-12  -0.0685158545617348      0.030505208658311148
-0.060407671158182165     0.03116969220868858      0.07999999999999999      -6.023777918858162E-12   -0.060407671158182165    0.031169692208688583
-0.07132922749615196      0.023176256720120806     0.08                     -2.729777135340253E-12   -0.07132922749615196     0.023176256720120806
-0.0635552651403754       0.02453272570817991      0.08000000000000002      -5.514925321306335E-12   -0.0635552651403754      0.02453272570817991
-0.007839626105999796     -0.07458908596708065     0.08                     -7.938728289373198E-12   -0.007839626105999796    -0.07458908596708065
-0.004138214472562281     -0.06825621823425114     0.08                     -1.116907771387302E-11   -0.004138214472562281    -0.06825621823425114
-0.07336097335751122      0.015593346475658632     0.08000000000000002      -2.476039836870429E-12   -0.07336097335751122     0.015593346475658632
-0.06556671277931114      0.017775849289017855     0.08                     -5.254740898633621E-12   -0.06556671277931114     0.01777584928901785
-0.06732872128557543      0.010763454780041926     0.08                     -4.9296004628458005E-12  -0.06732872128557543     0.010763454780041926
-0.07458908596708065      0.007839626105999796     0.08                     -2.3211858849284047E-12  -0.07458908596708065     0.007839626105999796
-0.015593346475658632     -0.07336097335751122     0.08000000000000002      -7.72247803018563E-12    -0.015593346475658632    -0.07336097335751122
-0.011750705942551749     -0.06756922433839598     0.08                     -1.086391896483965E-11   -0.011750705942551747    -0.06756922433839598
-0.075                    0                        0.08                     -2.2711678828224095E-12  -0.075                   0
-0.06779604280912914      0.003911477012304619     0.07999999999999999      -4.918978855561395E-12   -0.06779604280912914     0.003911477012304619
-0.018213876685491747     -0.06608626304423394     0.08                     -1.0557806607274196E-11  -0.018213876685491747    -0.06608626304423394
-0.023176256720120806     -0.07132922749615196     0.08                     -7.363060266702363E-12   -0.023176256720120806    -0.07132922749615196
-0.030505208658311148     -0.0685158545617348      0.08                     -6.900478804364531E-12   -0.030505208658311148    -0.0685158545617348
-0.025056409223940312     -0.0631971422588602      0.08                     -1.0318427353487684E-11  -0.025056409223940312    -0.0631971422588602
-0.03749991673258768      -0.0649518044021882      0.07999999999999999      -6.3578764838046445E-12  -0.03749991673258768     -0.0649518044021882
-0.03158250313625993      -0.06073524488506439     0.08                     -9.534160616310466E-12   -0.03158250313625993     -0.060735244885064384
-0.04408387140455927      -0.06067628449743351     0.08000000000000002      -5.771091426770646E-12   -0.04408387140455927     -0.06067628449743351
-0.037671497752303024     -0.056489800185219534    0.08                     -9.097164754554062E-12   -0.037671497752303024    -0.056489800185219534
-0.04320661014355455      -0.052907631427181655    0.08                     -8.292223901338957E-12   -0.04320661014355454     -0.052907631427181655
-0.05018470437959347      -0.0557357969065981      0.08000000000000002      -5.164605419042698E-12   -0.05018470437959347     -0.0557357969065981
-0.06815069269852246      -0.0034003662518991076   0.08                     -4.796347801879971E-12   -0.06815069269852246     -0.0034003662518991076
-0.07458787050279471      -0.007839467289912918    0.07999999999999997      -2.320217260359164E-12   -0.07458787050279471     -0.007839467289912918
-0.05573575828807775      -0.050184747272377414    0.08                     -4.571769077425582E-12   -0.05573575828807775     -0.05018474727237741
-0.048330963391882135     -0.047633145722129636    0.08                     -7.774194736195329E-12   -0.048330963391882135    -0.04763314572212963
-0.07335999609166174      -0.015593239986274841    0.07999999999999997      -2.4751777432050686E-12  -0.07335999609166174     -0.015593239986274841
-0.06728563568964015      -0.010489465569228258    0.08                     -4.957100395080503E-12   -0.06728563568964015     -0.010489465569228258
-0.06599628719221784      -0.017725039222216292    0.07999999999999999      -5.099663994521873E-12   -0.06599628719221784     -0.017725039222216295
-0.0713292096594843       -0.023176311611205702    0.07999999999999997      -2.728329914917698E-12   -0.0713292096594843      -0.023176311611205702
-0.06851583108803186      -0.030505261385574422    0.07999999999999999      -3.0762641020026176E-12  -0.06851583108803186     -0.030505261385574422
-0.06350587122556016      -0.024169148578373295    0.08                     -5.564354906385237E-12   -0.06350587122556016     -0.024169148578373295
-0.0530928284763528       -0.04296886689397093     0.08                     -6.990244655020933E-12   -0.05309282847635279     -0.04296886689397094
-0.06067625057185087      -0.04408391809753979     0.07999999999999997      -4.012575746608447E-12   -0.060676250571850866    -0.04408391809753979
-0.06110424671075532      -0.031112546670225234    0.08                     -5.7723460071152794E-12  -0.06110424671075532     -0.03111254667022523
-0.06495177554317576      -0.037499966716002406    0.08                     -3.5071135877656312E-12  -0.06495177554317576     -0.037499966716002406
-0.057180384163778415     -0.03683709128851563     0.08                     -6.487653835937768E-12   -0.057180384163778415    -0.03683709128851564
0.001647320267704538      -0.018869093550268275    0.08                     -4.727896690379592E-10   0.001647320267704538     -0.018869093550268275
0.0019433011957561528     -0.01956165986408371     0.08                     -4.739292274915407E-10   0.0019433011957561525    -0.019561659864083706
0.0019359367284631185     -0.020386681004918118    0.07999999999999999      -4.782330776957879E-10   0.0019359367284631187    -0.020386681004918115
0.0010871853394758477     -0.01832765099373812     0.08                     -4.741371610600581E-10   0.0010871853394758477    -0.01832765099373812
0.001661691911258986      -0.021139197071241633    0.08                     -4.682105966765677E-10   0.0016616919112589863    -0.021139197071241633
0.0011303515421702858     -0.021657254300733       0.08000000000000002      -4.700097410311222E-10   0.0011303515421702858    -0.021657254300733002
3.44925539278604E-4       -0.01803751944457777     0.08000000000000002      -4.74831233009312E-10    3.44925539278604E-4      -0.01803751944457777
-4.4205238288432945E-4    -0.01804560037440732     0.08                     -4.719917601519358E-10   -4.420523828843294E-4    -0.01804560037440732
3.864828656854471E-4      -0.021962039455353324    0.08000000000000002      -4.714509363574484E-10   3.8648286568544705E-4    -0.021962039455353324
-0.001177511247244817     -0.018371556150655277    0.08                     -4.706612961832259E-10   -0.0011775112472448173   -0.018371556150655277
-0.0017040644275043925    -0.018930891973211898    0.07999999999999999      -4.697374688465489E-10   -0.0017040644275043927   -0.0189308919732119
-0.001981091562102979     -0.019660962467499425    0.08                     -4.694800546916808E-10   -0.001981091562102979    -0.01966096246749943
-0.001966376700389187     -0.020415592465374006    0.08                     -4.694262899608586E-10   -0.001966376700389187    -0.020415592465374003
-0.0016602918233124065    -0.021139865203826505    0.08                     -4.680716975085561E-10   -0.0016602918233124063   -0.021139865203826505
-0.001072773411140668     -0.02169779950150946     0.08                     -4.688457495333266E-10   -0.0010727734111406677   -0.02169779950150946
-3.510167215586145E-4     -0.021982168176256818    0.08                     -4.684148880373558E-10   -3.510167215586145E-4    -0.021982168176256815
3.766945209545344E-4      0.021955127163093904     0.08                     -4.728760295121021E-10   3.766945209545344E-4     0.021955127163093904
0.0019452792373105326     0.020435451591919576     0.08                     -4.732431654598221E-10   0.0019452792373105328    0.020435451591919576
0.0019516234525232198     0.019619051274445295     0.08                     -4.748331311851858E-10   0.0019516234525232198    0.019619051274445295
0.0016400770286655224     0.018842048292470957     0.08                     -4.706286386074453E-10   0.0016400770286655222    0.01884204829247096
0.0016417149048240656     0.021124583108867494     0.08000000000000002      -4.733832407107973E-10   0.0016417149048240656    0.021124583108867497
0.0010935158807375768     0.021658732880975713     0.08                     -4.742676215595894E-10   0.0010935158807375766    0.021658732880975713
-4.424349645960656E-4     0.02195406497787534      0.08                     -4.697346350767032E-10   -4.424349645960656E-4    0.021954064977875335
-0.0011780940734376633    0.02162770168333833      0.08                     -4.685925860564127E-10   -0.0011780940734376633   0.02162770168333833
0.0011276566356858907     0.01835484257525928      0.08                     -4.738030505336076E-10   0.0011276566356858907    0.018354842575259284
-0.001703940305709576     0.021067838769292208     0.07999999999999999      -4.686582151984696E-10   -0.001703940305709576    0.021067838769292208
3.861961314314652E-4      0.018034866295503833     0.08                     -4.723683682311764E-10   3.861961314314652E-4     0.01803486629550383
-0.001981930380171397     0.02033833878580161      0.08                     -4.690843737053253E-10   -0.001981930380171397    0.020338338785801605
-0.001959161519486208     0.019596246743848023     0.08                     -4.719345927518919E-10   -0.001959161519486208    0.019596246743848023
-0.0016592966434606465    0.01885902251140626      0.07999999999999999      -4.691885921837137E-10   -0.0016592966434606467   0.018859022511406257
-0.0010720498335964027    0.018302486051477992     0.07999999999999999      -4.706557458335327E-10   -0.0010720498335964025   0.018302486051477992
-3.5059031581792256E-4    0.018017503998536504     0.08                     -4.697213618576269E-10   -3.5059031581792256E-4   0.018017503998536504
0.042250622123949165      0.045927945966845        0.08                     -1.0401717655769193E-11  0.042250622123949165     0.045927945966845
0.05075475189212682       0.03598917627543963      0.08                     -9.03945600907211E-12    0.05075475189212682      0.03598917627543963
0.05307399957935903       0.029947968287256405     0.08                     -8.952613268885307E-12   0.05307399957935904      0.029947968287256405
0.057580436021417866      0.02489386326163484      0.08                     -7.71980180092217E-12    0.057580436021417866     0.02489386326163484
0.04520903895141276       0.04063204552711387      0.08                     -1.0425607557935054E-11  0.04520903895141276      0.040632045527113865
0.06264349911824847       -9.148517064635139E-4    0.08                     -6.830930299058888E-12   0.06264349911824847      -9.148517064635139E-4
0.0581110066947301        0.018627016070454888     0.08                     -7.98920797781058E-12    0.05811100669473011      0.018627016070454888
0.061524724678667916      0.012297558773103803     0.08                     -7.014661311425915E-12   0.061524724678667916     0.012297558773103803
0.03583546235188473       0.04922231377971749      0.08000000000000002      -1.1963788983305272E-11  0.03583546235188473      0.04922231377971748
0.03174787859079673       0.054269577093811625     0.07999999999999999      -1.1764775740435969E-11  0.03174787859079673      0.054269577093811625
0.03674193188930375       0.03959163261780191      0.08                     -1.4515546472980754E-11  0.03674193188930375      0.03959163261780191
0.04414078377752974       0.03108786532008896      0.08                     -1.2725936648266901E-11  0.04414078377752973      0.031087865320088955
0.024896309300548793      0.05550317703911173      0.08000000000000002      -1.3517462002040515E-11  0.02489630930054879      0.05550317703911173
0.01996642089159406       0.059514003969357875     0.07999999999999999      -1.3107858538444972E-11  0.01996642089159406      0.059514003969357875
0.049656348763873676      0.021169413975433884     0.08                     -1.1349989188776129E-11  0.04965634876387367      0.021169413975433888
0.06082109014767963       0.006110292878994901     0.08                     -7.459220868552726E-12   0.06082109014767962      0.006110292878994901
0.05315162122243104       0.01036975076851257      0.08                     -1.043524487988203E-11   0.05315162122243105      0.01036975076851257
0.003223673366036739      0.023168009908649118     0.08                     -2.0411128957142668E-10  0.003223673366036739     0.023168009908649118
0.0017643318871010429     0.024202660010304217     0.08000000000000002      -2.0253025286902216E-10  0.0017643318871010429    0.024202660010304217
0.060711347741655736      -0.007152146699995372    0.08                     -7.47602743695285E-12    0.06071134774165574      -0.007152146699995372
0.0610439610172231        -0.013634909774044933    0.08000000000000002      -7.14152355756081E-12    0.061043961017223106     -0.013634909774044935
0.05412600831285311       -9.007254749272067E-4    0.08                     -1.0195003994189563E-11  0.054126008312853094     -9.007254749272067E-4
0.004092234658803026      0.021680622170886038     0.08                     -2.0944585100730972E-10  0.004092234658803026     0.021680622170886038
0.004478245264367443      0.020019428255497837     0.08                     -2.075081191323319E-10   0.004478245264367443     0.020019428255497837
0.003444463711518679      0.02500753667197185      0.08                     -1.4994222623949097E-10  0.003444463711518679     0.025007536671971854
0.005828231306980923      0.02113978910759945      0.08000000000000002      -1.552532751820021E-10   0.005828231306980923     0.02113978910759945
0.004943035270344658      0.023301639103295982     0.08                     -1.543570362921068E-10   0.004943035270344658     0.023301639103295982
0.007288493897366584      0.023018185945346492     0.08                     -1.1528551025652878E-10  0.007288493897366584     0.023018185945346492
0.02735190089340824       0.04621635101022159      0.07999999999999999      -1.677705930120298E-11   0.027351900893408245     0.04621635101022159
0.005605150514959641      0.025547928620547646     0.08                     -1.1460124154034578E-10  0.005605150514959641     0.025547928620547642
0.02774721052467338       0.03574241558270222      0.08                     -2.1890705337778406E-11  0.02774721052467338      0.03574241558270222
0.034831667740811825      0.029438009042256866     0.08000000000000002      -1.8751115116410062E-11  0.03483166774081182      0.029438009042256862
0.03990189927765828       0.02154265442657286      0.08                     -1.673912612892923E-11   0.03990189927765828      0.021542654426572858
0.017336499073178642      0.05111755696258599      0.08                     -1.8433323737891707E-11  0.01733649907317864      0.051117556962586005
0.012904354494133755      0.05960830375062046      0.08                     -1.458640299360051E-11   0.012904354494133755     0.05960830375062046
0.006950334235816175      0.06258281615966037      0.08                     -1.3819109721371097E-11  0.006950334235816175     0.06258281615966037
0.043648396403392416      0.012542986648401734     0.08                     -1.522028576984541E-11   0.043648396403392416     0.012542986648401732
0.04548776898294657       0.0031596205697042024    0.08                     -1.4463660817784392E-11  0.04548776898294657      0.0031596205697042024
0.004232229304896827      0.018270372902237278     0.08                     -2.0429338332234023E-10  0.004232229304896827     0.018270372902237278
7.671420781160676E-6      0.02457794353521045      0.08                     -2.0135259398690345E-10  7.671420781160676E-6     0.02457794353521045
0.0012947074634267336     0.02611359961240002      0.08                     -1.4603751217930477E-10  0.0012947074634267336    0.026113599612400017
-0.0017542792543504548    0.024181428692926762     0.08                     -2.0345920991977833E-10  -0.0017542792543504548   0.024181428692926762
0.057717921121789084      -0.018735949376901803    0.07999999999999999      -8.13406583548141E-12    0.057717921121789084     -0.018735949376901803
0.057471901855710376      -0.025398345700094485    0.07999999999999999      -7.715355982607981E-12   0.05747190185571037      -0.02539834570009448
0.003350367877306526      0.027545284979584653     0.08000000000000002      -1.08681607108049E-10    0.003350367877306526     0.02754528497958465
0.0058218445324662894     0.02903350620514339      0.08                     -8.185534618539506E-11   0.0058218445324662894    0.02903350620514339
0.03526334494796694       0.014074235848457288     0.08                     -2.126373174555687E-11   0.03526334494796695      0.01407423584845729
0.05308404900818113       -0.030231113830617606    0.08000000000000002      -8.918986726629278E-12   0.05308404900818114      -0.030231113830617606
0.045893509067806496      -0.005737086830873088    0.08                     -1.4181407864786433E-11  0.04589350906780649      -0.005737086830873088
0.053158624457111905      -0.011650027908951477    0.08                     -1.0385847337610537E-11  0.0531586244571119       -0.011650027908951477
0.006023409058901103      0.018801531450799963     0.08                     -1.5125487081952968E-10  0.006023409058901103     0.018801531450799963
0.008104796176220154      0.01996669262388888      0.08                     -1.1333281794837877E-10  0.008104796176220154     0.01996669262388888
0.010577156413312711      0.02207657261811853      0.08                     -8.349017459231074E-11   0.01057715641331271      0.02207657261811853
0.0027083324397437526     0.030030820230293798     0.08                     -8.457059939709794E-11   0.0027083324397437526    0.030030820230293798
0.004207325418454824      0.03263215798103669      0.08                     -6.434721038849982E-11   0.004207325418454824     0.03263215798103669
0.008691448213285383      0.02593579598802495      0.08                     -8.427618900224256E-11   0.008691448213285382     0.02593579598802495
0.010893050752137909      0.044340008120502275     0.07999999999999999      -2.743707476226902E-11   0.010893050752137909     0.04434000812050227
0.019871021680837195      0.04101479243297107      0.07999999999999999      -2.479905179467465E-11   0.019871021680837195     0.04101479243297107
0.021033901709382342      0.03210232760922686      0.08000000000000002      -3.177893273045969E-11   0.021033901709382342     0.03210232760922687
0.013266666194419952      0.02593703661555248      0.08                     -5.948283912202151E-11   0.01326666619441995      0.025937036615552477
0.019546724987634673      0.024290167650454886     0.08                     -4.159816831751594E-11   0.019546724987634673     0.024290167650454886
0.015697587926987017      0.029872570557143145     0.08                     -4.4365220960743377E-11  0.015697587926987017     0.029872570557143145
0.009848364167905091      0.031746465473172336     0.08                     -5.494858653106049E-11   0.009848364167905091     0.031746465473172336
0.0056605874242814415     0.03842885127399798      0.08                     -4.1476842939832383E-11  0.005660587424281442     0.03842885127399798
0.014323297293928363      0.036130227529404        0.07999999999999999      -3.648231197704447E-11   0.014323297293928365     0.036130227529404
0.028073222291344246      0.014884114147006092     0.08                     -2.90118249562207E-11    0.028073222291344246     0.014884114147006092
0.032023852693253294      0.021048716371381074     0.08                     -2.3393676296138374E-11  0.0320238526932533       0.021048716371381074
0.02731598665974434       0.027014051963559563     0.08                     -2.6822312962120354E-11  0.02731598665974434      0.02701405196355956
0.025867770087560964      0.02063033617050484      0.07999999999999999      -3.1190437590881495E-11  0.025867770087560964     0.02063033617050484
0.0059677088825447824     0.05340423514644915      0.08000000000000002      -1.981441276352529E-11   0.0059677088825447824    0.05340423514644915
6.711710283380246E-8      0.06102297145750274      0.08                     -1.4999539964172458E-11  6.711710283380246E-8     0.06102297145750274
-0.006072292270782816     0.06259670650880142      0.08                     -1.3882391473038789E-11  -0.006072292270782816    0.06259670650880142
0.04458039102126267       -0.012959886122921517    0.08000000000000002      -1.46409298443352E-11    0.04458039102126267      -0.012959886122921515
0.0378449521912646        0.0061952655082564145    0.07999999999999999      -1.9536573512204605E-11  0.0378449521912646       0.0061952655082564145
0.039246209433506186      -0.0014500461655510208   0.08                     -1.8547954273929133E-11  0.039246209433506186     -0.0014500461655510208
0.038744150641440635      -0.009885973929887722    0.08                     -1.8702904180993946E-11  0.038744150641440635     -0.009885973929887722
0.0017394407923934617     0.01579880310407976      0.08                     -2.068136761051184E-10   0.0017394407923934617    0.01579880310407976
0.0032152556722230864     0.01680256433610372      0.08                     -2.0693862529959744E-10  0.0032152556722230864    0.01680256433610372
0.010916726459687685      0.017764268752352444     0.08                     -8.248489531375379E-11   0.010916726459687685     0.017764268752352444
0.004191526160060672      -0.01826125786292524     0.08000000000000002      -2.0554533014381844E-10  0.004191526160060673     -0.018261257862925238
0.005129281963499644      0.016584310539833724     0.08                     -1.5195989599216797E-10  0.005129281963499644     0.016584310539833724
0.0016424394894796954     0.035248366358334934     0.07999999999999999      -5.4230378713758636E-11  0.0016424394894796954    0.035248366358334934
7.808139380021568E-4      0.03204995520999948      0.08                     -7.158207080393421E-11   7.808139380021568E-4     0.03204995520999948
-0.0041617575252216946    0.021716030340292097     0.08                     -2.055964839253037E-10   -0.0041617575252216946   0.021716030340292097
-0.0032107540302447023    0.023194369113589755     0.08                     -2.0395302346243152E-10  -0.0032107540302447023   0.023194369113589755
2.1177692958161687E-4     0.028715666653633322     0.08                     -1.025456319154922E-10   2.1177692958161687E-4    0.02871566665363332
-0.0012161910443435758    0.026121286612631606     0.08                     -1.4593193409515105E-10  -0.0012161910443435758   0.026121286612631606
-0.0016497465186098986    0.03411365470425856      0.08                     -5.939133877206922E-11   -0.0016497465186098986   0.03411365470425856
-8.947171134452564E-6     0.015446643753848355     0.08                     -2.069280242532538E-10   -8.947171134452564E-6    0.015446643753848355
-0.0045236802100853644    0.02000353793874396      0.08000000000000002      -2.0576528680934366E-10  -0.0045236802100853644   0.02000353793874396
-0.0017773010658499698    0.015763918564044466     0.07999999999999999      -2.0475663695289156E-10  -0.0017773010658499698   0.015763918564044466
-0.004217533300956113     0.018249894234390343     0.08                     -2.043380425311955E-10   -0.004217533300956113    0.018249894234390343
-0.003259702796835167     0.016757971489018808     0.08                     -2.038904934094279E-10   -0.003259702796835167    0.016757971489018808
-0.0034039709527941206    0.025051230297584805     0.08                     -1.4982013807123795E-10  -0.0034039709527941206   0.0250512302975848
-0.0030935105397097568    0.030865394888738795     0.08                     -7.71359476674302E-11    -0.0030935105397097568   0.030865394888738795
-0.0050442486555655995    0.023385191064329472     0.08000000000000002      -1.5107614997134098E-10  -0.0050442486555655995   0.023385191064329472
0.0011638612714271156     0.04586555765065157      0.07999999999999999      -2.8515606541146244E-11  0.0011638612714271156    0.04586555765065157
0.048708051680235315      -0.021863985022713674    0.07999999999999999      -1.1729219596127008E-11  0.048708051680235315     -0.02186398502271367
0.048156872284891225      -0.03589051860130346     0.08                     -1.0104137919884721E-11  0.04815687228489123      -0.03589051860130346
-0.0017370887305467354    0.039845033596032975     0.08                     -3.977925538829418E-11   -0.0017370887305467354   0.039845033596032975
0.030012547864150044      0.007730486867310329     0.08                     -2.6897641340784057E-11  0.03001254786415004      0.007730486867310329
0.03327671721390536       0.0015060965598569231    0.08                     -2.356242877862051E-11   0.03327671721390536      0.0015060965598569231
0.04596561711371659       -0.03056149409399813     0.08                     -1.1930495683408689E-11  0.04596561711371659      -0.03056149409399813
0.007772190643628534      0.016799018026284855     0.08                     -1.1053686302016695E-10  0.007772190643628535     0.01679901802628486
0.023707176331067375      0.008063692551345661     0.08                     -3.525011558072808E-11   0.023707176331067375     0.008063692551345661
0.021127489435216303      0.016101883718585536     0.08                     -4.071847437411263E-11   0.021127489435216303     0.016101883718585536
0.014959354159739344      0.020153574178382205     0.08                     -5.932268456919013E-11   0.014959354159739343     0.020153574178382205
-0.005202360881936277     0.053995439873180284     0.08                     -1.9439855637901022E-11  -0.005202360881936277    0.053995439873180284
-0.01268789809482047      0.05982153476118466      0.08                     -1.4510739679212763E-11  -0.012687898094820472    0.05982153476118466
-0.018968362859305428     0.06000001216629444      0.08000000000000002      -1.3119525647483957E-11  -0.018968362859305428    0.06000001216629445
0.004531510354476917      -0.01999830054615239     0.08                     -2.051604394542964E-10   0.0045315103544769164    -0.019998300546152394
0.004184386868453774      -0.021728398884019402    0.08000000000000002      -2.0450897545161291E-10  0.004184386868453773     -0.0217283988840194
0.005962743069047772      -0.02119738763490383     0.08                     -1.5145872221442878E-10  0.005962743069047773     -0.021197387634903832
0.0393185130889956        -0.018153844655325845    0.07999999999999999      -1.759393605698311E-11   0.039318513088995595     -0.018153844655325848
0.026497773089030577      3.158715862666209E-4     0.08                     -3.099799271924251E-11   0.02649777308903057      3.158715862666209E-4
0.032306947694347485      -0.005092539544477338    0.08000000000000002      -2.4471955429385412E-11  0.03230694769434749      -0.005092539544477338
0.032970774399103585      -0.012829201596934854    0.08                     -2.354162222771517E-11   0.032970774399103585     -0.012829201596934852
0.0032135063608963108     -0.01678617167287748     0.08                     -2.0633408613719035E-10  0.0032135063608963108    -0.01678617167287748
0.0011863228530466785     0.013945406831517633     0.08000000000000002      -1.5368175964717913E-10  0.0011863228530466785    0.013945406831517631
0.003378260522633344      0.014910599478317701     0.08                     -1.5444594847255283E-10  0.003378260522633344     0.014910599478317701
0.014243656796029416      0.014355761063499652     0.08                     -6.05792288891743E-11    0.014243656796029416     0.01435576106349965
0.009571252274990259      0.013631692781309782     0.08000000000000002      -8.228112200671973E-11   0.009571252274990257     0.013631692781309782
0.005133019470764515      -0.016590839456902512    0.08                     -1.51903657150217E-10    0.005133019470764514     -0.016590839456902512
0.0060017173812830175     -0.018837645635392225    0.08                     -1.5150155554358765E-10  0.006001717381283017     -0.018837645635392225
0.0077314234091384396     -0.01685974603996831     0.08                     -1.1167556070660364E-10  0.0077314234091384396    -0.016859746039968312
0.00586807848971856       0.01405141437390911      0.08                     -1.1320648684347075E-10  0.00586807848971856      0.01405141437390911
-0.0059153548654506845    0.021215965359777322     0.08                     -1.525865320435647E-10   -0.0059153548654506845   0.021215965359777322
-0.005981465535658509     0.03470414717603254      0.08                     -5.249018984189969E-11   -0.005981465535658509    0.03470414717603254
-0.0032665866334559007    0.027923509548001685     0.08                     -1.0448437959660373E-10  -0.0032665866334559007   0.027923509548001685
-0.0012398152200637745    0.013935774688348716     0.08                     -1.5306537808522057E-10  -0.0012398152200637745   0.013935774688348718
-0.006147260431305531     0.018903482787259465     0.08                     -1.4826629784775631E-10  -0.006147260431305531    0.018903482787259465
-0.0036195226730864373    0.014663894230268149     0.08                     -1.4650695607060748E-10  -0.0036195226730864373   0.014663894230268149
-0.005342537676135548     0.01655787294767104      0.08                     -1.472044510816312E-10   -0.005342537676135548    0.01655787294767104
-0.005996825382338936     0.025759029910776297     0.07999999999999999      -1.0829790161002257E-10  -0.005996825382338936    0.0257590299107763
-0.006669835770269288     0.029545485578266306     0.07999999999999999      -7.496410808799912E-11   -0.006669835770269289    0.029545485578266306
-0.007477721616005906     0.02304120198061245      0.08                     -1.1244146665425925E-10  -0.007477721616005906    0.02304120198061245
-0.007667642155481727     0.045709262835306165     0.08                     -2.7252376616029185E-11  -0.007667642155481727    0.045709262835306165
0.03280918502250782       -0.02015040441849627     0.08                     -2.2778888956081553E-11  0.03280918502250782      -0.020150404418496273
0.03883681166208783       -0.026155660470462277    0.08                     -1.667907315616417E-11   0.03883681166208782      -0.026155660470462277
0.03051175548869848       -0.026187552510396957    0.08000000000000002      -2.3548709054471953E-11  0.03051175548869848      -0.026187552510396957
0.04066962435886199       -0.03504256561443546     0.08                     -1.369069441401618E-11   0.04066962435886199      -0.035042565614435466
0.04388372468905943       -0.04110434504650277     0.08                     -1.0869703293799677E-11  0.04388372468905943      -0.04110434504650277
0.04129983835577127       -0.047134845584818216    0.08000000000000002      -1.0469823165473418E-11  0.04129983835577127      -0.047134845584818216
0.0266515886871372        -0.007809175055117579    0.08                     -3.1027728316168304E-11  0.0266515886871372       -0.007809175055117579
-0.009480971438800733     0.03866925141915041      0.08                     -3.750045818907606E-11   -0.009480971438800735    0.038669251419150404
0.017454913812051675      0.008514779908800021     0.08                     -4.6867995143124665E-11  0.017454913812051675     0.008514779908800021
0.019034598394764395      0.0021233718187982087    0.08                     -4.190080458035008E-11   0.019034598394764398     0.0021233718187982087
0.021033443373013154      -0.003800582838594496    0.08                     -3.8892516514797656E-11  0.021033443373013154     -0.003800582838594496
0.02585766533101102       -0.014998585580469091    0.08                     -3.214596874763718E-11   0.025857665331011023     -0.014998585580469093
0.025556173641777945      -0.022362443553559375    0.08                     -3.111650532234082E-11   0.025556173641777948     -0.022362443553559375
0.008234946191712783      -0.02008204240320239     0.08                     -1.113511727671153E-10   0.008234946191712783     -0.020082042403202386
0.011061030486159008      -0.018119865029738544    0.07999999999999999      -8.164673136893927E-11   0.011061030486159008     -0.018119865029738544
0.009536043956565071      -0.014067446376274904    0.08000000000000002      -8.404479500670994E-11   0.009536043956565071     -0.014067446376274906
0.014428199370720922      -0.015044799117363415    0.08                     -6.052995986163095E-11   0.014428199370720924     -0.015044799117363417
0.00320842867961915       -0.02320305407423094     0.08                     -2.0372526373055091E-10  0.0032084286796191506    -0.02320305407423094
0.005094662351437828      -0.023401566421489807    0.07999999999999999      -1.4976464340560774E-10  0.005094662351437829     -0.023401566421489804
0.007543812819518813      -0.02322060434608924     0.08000000000000002      -1.1060412656229697E-10  0.007543812819518812     -0.023220604346089243
0.003407469555206044      -0.014975072554630348    0.08000000000000002      -1.552641811757401E-10   0.003407469555206044     -0.014975072554630348
0.0017249360929705096     -0.015850203834792825    0.08000000000000002      -2.0928703651717545E-10  0.0017249360929705096    -0.015850203834792825
-6.015846049055307E-6     -0.015462989203986803    0.08                     -2.0755959203805078E-10  -6.015846049055307E-6    -0.015462989203986805
-0.01614039235773831      0.05164311879891745      0.08000000000000002      -1.8509722612173088E-11  -0.01614039235773831     0.05164311879891746
-0.02479626423185617      0.0556939947678365       0.08                     -1.3465356498129683E-11  -0.02479626423185617     0.05569399476783649
-0.03080537502494242      0.05463519229681422      0.08                     -1.1942200447094972E-11  -0.030805375024942416    0.05463519229681422
0.005890680367574064      -0.014279368425122792    0.08000000000000002      -1.1506026216401147E-10  0.005890680367574064     -0.01427936842512279
0.0032272726241296505     -0.012464626820351633    0.08                     -1.171070668543124E-10   0.0032272726241296505    -0.012464626820351633
0.006393331304978635      -0.01089851336642475     0.08000000000000002      -8.774713374896054E-11   0.006393331304978635     -0.01089851336642475
-1.1857417109585947E-4    0.011524781773649462     0.08                     -1.1428071771497703E-10  -1.1857417109585947E-4   0.011524781773649462
0.003059211170875851      0.012253872726634155     0.08000000000000002      -1.1547404412249179E-10  0.003059211170875851     0.012253872726634155
0.011574945315240715      0.009018059616394056     0.08000000000000002      -6.249473541637436E-11   0.011574945315240713     0.009018059616394056
0.00622980571344638       0.010364763625461848     0.08                     -8.531187770327864E-11   0.00622980571344638      0.010364763625461848
0.012520405330717594      0.00347007224651006      0.07999999999999999      -5.393032708179165E-11   0.012520405330717592     0.00347007224651006
0.006336757470555416      0.004225783056475578     0.07999999999999999      -6.588002543382571E-11   0.006336757470555414     0.004225783056475578
0.018921935287441512      -0.01032222189677054     0.08                     -4.449807529248435E-11   0.018921935287441512     -0.01032222189677054
0.011481805793850879      -0.009870089268981551    0.08                     -6.423732357580763E-11   0.011481805793850879     -0.009870089268981551
-0.008209946936417318     0.020004693467734057     0.07999999999999999      -1.117036299892751E-10   -0.008209946936417316    0.02000469346773406
-0.010819066110305687     0.031622774540690804     0.08000000000000002      -5.271922664240285E-11   -0.010819066110305685    0.0316227745406908
-0.0037724629117312745    0.01182013593405963      0.08                     -1.0697721264072088E-10  -0.0037724629117312745   0.01182013593405963
-0.008096890288159114     0.01695089041270542      0.07999999999999999      -1.0763713646062324E-10  -0.008096890288159115    0.01695089041270542
-0.006946273238972744     0.01338995382574977      0.07999999999999999      -9.945190139415851E-11   -0.0069462732389727454   0.01338995382574977
-0.0032825403220237033    0.008659605984071325     0.08                     -8.545191423762099E-11   -0.0032825403220237033   0.008659605984071325
-0.010138151302976402     0.02613831595342689      0.08                     -7.428113460158698E-11   -0.010138151302976404    0.02613831595342689
-0.013842625123586642     0.028354843786959856     0.08000000000000002      -5.2247120621244705E-11  -0.013842625123586642    0.028354843786959856
-0.010170491772028181     0.021961428157982334     0.08                     -8.715415427374927E-11   -0.010170491772028181    0.021961428157982334
-0.01187384421392908      0.018321570870399873     0.08                     -7.599790616409895E-11   -0.011873844213929079    0.018321570870399873
-0.016130586706104885     0.042938547154337287     0.08000000000000002      -2.5780310214592528E-11  -0.016130586706104885    0.042938547154337287
-0.01691738695004519      0.03383374854406675      0.07999999999999999      -3.5980626068303374E-11  -0.01691738695004519     0.03383374854406674
0.02029489566720677       -0.018069926626258462    0.07999999999999999      -4.2487563869662556E-11  0.02029489566720677      -0.018069926626258462
0.015106892955411087      -0.020845356384976713    0.07999999999999999      -5.833171918653791E-11   0.015106892955411089     -0.020845356384976713
0.03270528538381876       -0.03258016857602085     0.08                     -1.9338983313472035E-11  0.03270528538381876      -0.032580168576020856
0.02490454326651185       -0.030114552063018482    0.08                     -2.813694538046117E-11   0.024904543266511845     -0.030114552063018486
0.01996496388182184       -0.025576207635991       0.08                     -3.967924779199602E-11   0.01996496388182184      -0.025576207635991
0.035062937470433556      -0.041353775791976265    0.08                     -1.4827330460043053E-11  0.03506293747043355      -0.041353775791976265
0.03520688386074367       -0.049651871866128794    0.07999999999999999      -1.2072843419101975E-11  0.03520688386074367      -0.049651871866128794
0.030732054589635696      -0.05463347592895626     0.08                     -1.1970806291431949E-11  0.030732054589635693     -0.05463347592895627
-0.018233812366266613     0.02743026997705726      0.07999999999999999      -4.178135095766059E-11   -0.018233812366266613    0.027430269977057265
0.0064227453621590255     -0.005424671242162643    0.08                     -6.804269032574681E-11   0.0064227453621590255    -0.005424671242162643
0.013669804347383751      -0.003709064186617962    0.08                     -5.186280822314927E-11   0.013669804347383753     -0.003709064186617962
0.008075709329297524      -7.305195314125795E-5    0.08                     -6.016021727573124E-11   0.008075709329297524     -7.305195314125795E-5
0.0017279876371135046     -0.024198600034523877    0.08000000000000002      -2.0309060486665174E-10  0.0017279876371135046    -0.024198600034523874
-1.1236724995519753E-5    -0.0245295608875054      0.08000000000000002      -2.0352638443430294E-10  -1.1236724995519753E-5   -0.024529560887505405
0.010794337410328632      -0.022480855398021166    0.08                     -8.081259838541217E-11   0.010794337410328632     -0.022480855398021166
0.013646297603284787      -0.026490624909190477    0.08                     -5.685868836270006E-11   0.013646297603284787     -0.026490624909190474
0.009029367101355467      -0.02640846415989514     0.08                     -7.980233146815286E-11   0.009029367101355467     -0.026408464159895142
0.003398338124247417      -0.025086179164114805    0.08000000000000002      -1.4925757051056877E-10  0.0033983381242474174    -0.02508617916411481
0.005819357271527669      -0.025877391884677393    0.08                     -1.0890853029905644E-10  0.005819357271527669     -0.02587739188467739
0.00119450608668621       -0.014040880691541177    0.08                     -1.5605625305063677E-10  0.00119450608668621      -0.014040880691541177
-0.0017709035217221732    -0.01579390878118451     0.08000000000000002      -2.056857990842648E-10   -0.0017709035217221732   -0.015793908781184505
-0.0012055169551799666    -0.01396294444412545     0.08                     -1.5402383487117422E-10  -0.0012055169551799666   -0.01396294444412545
0.00229334355745198       -0.00901150351014638     0.08                     -8.931885344462847E-11   0.00229334355745198      -0.00901150351014638
1.550338446680219E-5      -0.011710337052500082    0.08000000000000002      -1.164952663569332E-10   1.550338446680219E-5     -0.011710337052500082
-0.003173168902870423     -0.01683770849915734     0.08                     -2.09099062029566E-10    -0.0031731689028704226   -0.016837708499157337
-0.0033670679855489632    -0.014934554386407964    0.08                     -1.5516852792813723E-10  -0.0033670679855489632   -0.014934554386407964
-0.00172568105731029      -0.02414561323409043     0.08000000000000002      -2.0583603003773888E-10  -0.00172568105731029     -0.024145613234090427
-0.003166958830867435     -0.023176592147600976    0.08                     -2.0603126017949723E-10  -0.003166958830867435    -0.02317659214760098
-0.004148724104234006     -0.01828525066886405     0.08                     -2.0817956412143446E-10  -0.004148724104234006    -0.01828525066886405
-0.0022040980649489575    -0.009005534879514485    0.07999999999999999      -8.944760456798769E-11   -0.0022040980649489575   -0.009005534879514485
-0.026396503239020798     0.04707598907538587      0.08                     -1.684511082072215E-11   -0.026396503239020794    0.04707598907538586
-0.0361590393121641       0.049243401981133195     0.08000000000000002      -1.1840679536151603E-11  -0.0361590393121641      0.049243401981133195
-0.04166553414821636      0.04695150965773551      0.08                     -1.0377656010357936E-11  -0.04166553414821636     0.04695150965773551
0.001711093890244559      0.008224405318405084     0.08                     -8.534460106926716E-11   0.001711093890244559     0.008224405318405084
0.002731303161497004      -6.514050944530572E-4    0.08                     -6.610856214257442E-11   0.002731303161497004     -6.514050944530572E-4
0.0010579496362455969     0.0036123298405810883    0.08                     -7.007529406781916E-11   0.0010579496362455969    0.0036123298405810883
-0.002337509302138722     0.005404433762974552     0.08                     -7.34837362594444E-11    -0.002337509302138722    0.005404433762974552
-3.091278142595272E-4     -0.004662940135138391    0.08                     -7.244456952413221E-11   -3.091278142595272E-4    -0.004662940135138391
-0.006713725985314292     0.009577423425740382     0.07999999999999999      -8.017667081517618E-11   -0.006713725985314292    0.009577423425740382
-0.010779794340483932     0.013836326002907379     0.08                     -7.576974624085129E-11   -0.01077979434048393     0.013836326002907379
-0.00930907571701416      0.010930236866954539     0.08                     -7.508698638432941E-11   -0.00930907571701416     0.010930236866954539
-0.014373494096189671     0.014438409494137543     0.08                     -6.01407333532714E-11    -0.014373494096189671    0.014438409494137544
-0.006409065305927431     0.004955212191186033     0.08                     -6.708347011688166E-11   -0.0064090653059274295   0.004955212191186033
-0.00366701478481167      -4.751450558022896E-5    0.08                     -6.544239127768532E-11   -0.00366701478481167     -4.751450558022896E-5
-0.010054435960422606     0.007551971684615202     0.08                     -6.401701502449251E-11   -0.010054435960422605    0.007551971684615202
-0.014653113231144054     0.022953261939412266     0.08000000000000002      -5.83864315293041E-11    -0.014653113231144056    0.02295326193941227
-0.01718550555384199      0.017407941430574142     0.08000000000000002      -5.127382136204736E-11   -0.01718550555384199     0.017407941430574142
-0.025216398423746123     0.037965266374078        0.08                     -2.2711820764635934E-11  -0.025216398423746123    0.037965266374077995
-0.02392424982232675      0.02990529746916988      0.08                     -2.9511301935792656E-11  -0.023924249822326746    0.029905297469169877
-0.022347269511830088     0.021946680170012514     0.08000000000000002      -3.688979427482486E-11   -0.022347269511830085    0.021946680170012518
0.025335796409787444      -0.03823347370648744     0.08                     -2.2435869005527E-11     0.025335796409787444     -0.03823347370648744
0.017433637206501887      -0.03354351667185991     0.08000000000000002      -3.5652634875915344E-11  0.017433637206501887     -0.0335435166718599
0.026264591333496474      -0.04731138741523441     0.08                     -1.6781032195870802E-11  0.026264591333496477     -0.047311387415234406
0.024377815812621415      -0.055899534954234       0.07999999999999999      -1.3514191680796729E-11  0.024377815812621415     -0.055899534954234
0.018743659498710503      -0.059914425818173606    0.08                     -1.3209328420355353E-11  0.018743659498710503     -0.05991442581817361
-0.0012494417250538611    -0.026015177187118224    0.08                     -1.4874241015590225E-10  -0.0012494417250538611   -0.02601517718711822
0.0011900547815858146     -0.02603362636779935     0.08                     -1.482735812949533E-10   0.0011900547815858146    -0.02603362636779935
0.010137096282026728      -0.031246378270483724    0.08                     -5.581560679672139E-11   0.010137096282026728     -0.03124637827048372
0.00604016076931658       -0.029386416460224433    0.08                     -7.837522525478492E-11   0.006040160769316579     -0.029386416460224437
0.0031275811968206925     -0.027677575726057967    0.07999999999999999      -1.0804799645599251E-10  0.0031275811968206925    -0.02767757572605797
-0.00413280010932561      -0.021729717396633118    0.08                     -2.0688005607771085E-10  -0.00413280010932561     -0.02172971739663312
-0.004482282789907163     -0.020004437832213222    0.08                     -2.0745719807642994E-10  -0.004482282789907164    -0.020004437832213225
-0.0031565366724999495    -0.012392239651012493    0.07999999999999999      -1.1649375214896463E-10  -0.0031565366724999495   -0.012392239651012493
-0.004985357312777586     -0.016685486707878068    0.08                     -1.5629674334738135E-10  -0.004985357312777585    -0.016685486707878065
-0.005710718885430208     -0.014303337649785086    0.08                     -1.1725994762386235E-10  -0.005710718885430208    -0.014303337649785086
-0.003247497711273228     -0.02490174775763908     0.07999999999999999      -1.5559972207174473E-10  -0.0032474977112732285   -0.02490174775763908
-0.0049407709694356105    -0.023378184405519496    0.08                     -1.5345058337558428E-10  -0.004940770969435611    -0.0233781844055195
-0.005935545355209961     -0.01883459710631573     0.08000000000000002      -1.5350526451172138E-10  -0.00593554535520996     -0.01883459710631573
-0.005413086653442138     -0.006697883757894943    0.08000000000000002      -7.300928514659677E-11   -0.005413086653442138    -0.006697883757894943
-0.005919226179771642     -0.010989173155128422    0.08000000000000002      -9.05099872233715E-11    -0.005919226179771642    -0.010989173155128422
-0.0027022510839354915    -0.027692851366310195    0.08                     -1.1014890419622345E-10  -0.0027022510839354915   -0.027692851366310195
-0.035887171713716776     0.04080385726027612      0.07999999999999999      -1.457321265234418E-11   -0.03588717171371677     0.040803857260276126
-0.04560009312574597      0.04078316059221221      0.08                     -1.0242271025113235E-11  -0.04560009312574597     0.04078316059221221
-0.050672559708561785     0.03730209474985559      0.08                     -8.871528863928551E-12   -0.050672559708561785    0.03730209474985559
-0.014134573857427786     0.01025390647034926      0.07999999999999999      -5.642672085380064E-11   -0.014134573857427783    0.010253906470349258
-0.01842109291788088      0.012142403484847977     0.08                     -4.641890234106713E-11   -0.01842109291788088     0.012142403484847977
-0.011022817545956052     0.003895668548391379     0.08                     -5.713309348669037E-11   -0.011022817545956052    0.003895668548391379
-0.009518139340625988     6.119914164683313E-4     0.07999999999999999      -5.803478720782561E-11   -0.009518139340625988    6.119914164683313E-4
-0.014109050547344022     0.005595264725939533     0.08                     -5.2255626243131696E-11  -0.01410905054734402     0.005595264725939533
-0.009394699698980179     -0.004346081315339298    0.08                     -6.086162792288286E-11   -0.009394699698980179    -0.004346081315339298
-0.021826919767560852     0.01546922051264056      0.08                     -3.9241890429198355E-11  -0.021826919767560852    0.01546922051264056
-0.03261885324263447      0.03169868633398713      0.08000000000000002      -1.9718852486748257E-11  -0.03261885324263447     0.03169868633398714
-0.02998784829193338      0.02325113329814997      0.08                     -2.5038268896341258E-11  -0.02998784829193338     0.02325113329814997
-0.02730956769601862      0.016473389088089818     0.07999999999999999      -2.989626042487574E-11   -0.02730956769601862     0.016473389088089818
0.015655381791616102      -0.043294257197497424    0.08                     -2.571038239967009E-11   0.015655381791616102     -0.04329425719749742
0.009674646850872274      -0.03866690248564919     0.08                     -3.734997498023035E-11   0.009674646850872272     -0.03866690248564919
0.015789009520939663      -0.05166088057767601     0.08                     -1.860856974961997E-11   0.015789009520939663     -0.051660880577676024
0.011865439223852935      -0.060123547790300116    0.07999999999999999      -1.4492243085493683E-11  0.011865439223852935     -0.06012354779030011
0.005598493648374277      -0.06278465123871635     0.08                     -1.3821247276389787E-11  0.005598493648374277     -0.06278465123871635
-5.7649657501967697E-5    -0.028424384505305628    0.08                     -1.0625484498546859E-10  -5.7649657501967697E-5   -0.028424384505305628
0.005108215989242328      -0.03449865734462157     0.08                     -5.443336566947928E-11   0.005108215989242327     -0.03449865734462157
0.002049681533007471      -0.031171636749581705    0.08000000000000002      -7.669652297814259E-11   0.002049681533007471     -0.031171636749581705
-0.005883433274375792     -0.02120620116041369     0.08                     -1.533746552540212E-10   -0.0058834332743757925   -0.02120620116041369
-0.007498984033297575     -0.0169675882735787      0.08                     -1.1502907580472812E-10  -0.007498984033297574    -0.016967588273578697
-0.008959946032573817     -0.013942168070869267    0.07999999999999999      -8.725733720974413E-11   -0.008959946032573817    -0.013942168070869265
-0.009738161348284546     -0.00984810753937962     0.07999999999999999      -7.015574014861536E-11   -0.009738161348284547    -0.00984810753937962
-0.005481886831656568     -0.02581076012005014     0.08                     -1.130619169686606E-10   -0.005481886831656568    -0.025810760120050135
-0.005053104430894274     -0.028532696893313524    0.08                     -8.915659438968672E-11   -0.005053104430894274    -0.028532696893313524
-0.007355022122612092     -0.0232108247054717      0.07999999999999999      -1.1324894232632909E-10  -0.007355022122612091    -0.0232108247054717
-0.00818838732292928      -0.0200861470667208      0.08                     -1.1210594595081806E-10  -0.00818838732292928     -0.020086147066720798
-0.0026029439337972565    -0.03165872719872684     0.08                     -7.223828699523258E-11   -0.002602943933797256    -0.03165872719872684
2.025866804201623E-4      -0.03469071225309604     0.08                     -5.7334756602025336E-11  2.025866804201623E-4     -0.03469071225309604
-0.0064648480896159835    -0.030806814383816834    0.08                     -6.856844586914226E-11   -0.0064648480896159835   -0.030806814383816834
0.006747825659697879      -0.04638979184101848     0.08                     -2.6750071715200918E-11  0.006747825659697879     -0.046389791841018484
0.0015029325779341938     -0.0402291693276201      0.08                     -3.892240381729774E-11   0.0015029325779341938    -0.0402291693276201
-0.04349427272305524      0.03238115009388309      0.08                     -1.2817421048066575E-11  -0.043494272723055234    0.03238115009388309
-0.053039557112784866     0.030503247106646085     0.08                     -8.904105851619715E-12   -0.05303955711278486     0.03050324710664609
-0.014795305552918851     -0.008783301096764083    0.07999999999999999      -5.32723117038466E-11    -0.014795305552918853    -0.008783301096764083
-6.891569988525122E-4     -0.06134089156338994     0.08                     -1.4815758737621093E-11  -6.891569988525122E-4    -0.06134089156338995
-0.024644230189087138     0.009555391113758381     0.07999999999999999      -3.399119461373348E-11   -0.02464423018908714     0.00955539111375838
-0.031041035262176175     0.011749934681937614     0.08                     -2.5644860037862754E-11  -0.031041035262176175    0.011749934681937614
-0.018656959687807884     0.005935324761780082     0.08                     -4.337072823014615E-11   -0.018656959687807884    0.005935324761780082
-0.015448053287170603     -4.076351932297412E-4    0.08                     -4.781264378315843E-11   -0.015448053287170607    -4.076351932297412E-4
-0.02522722507828809      -4.487130031395614E-5    0.07999999999999999      -3.263938097124151E-11   -0.02522722507828809     -4.487130031395614E-5
-0.03883636980762878      0.023793531757300215     0.08                     -1.711389996498301E-11   -0.03883636980762878     0.023793531757300215
-0.03457547817334859      0.017027113711210663     0.08                     -2.159913070744088E-11   -0.0345754781733486      0.01702711371121066
-0.05736088472022087      0.02586785625508923      0.08                     -7.717117402430239E-12   -0.05736088472022087     0.02586785625508923
0.004454229098748557      -0.054395287118344376    0.07999999999999999      -1.9212632521005294E-11  0.004454229098748556     -0.05439528711834439
-0.007381243426718344     -0.06254145844525415     0.08                     -1.3791099125907408E-11  -0.007381243426718344    -0.06254145844525415
-0.006738969272688644     -0.054134022102134485    0.08                     -1.911361617255028E-11   -0.006738969272688645    -0.05413402210213448
-0.009202078949577542     -0.02752579829923915     0.08                     -7.367259564961159E-11   -0.009202078949577542    -0.02752579829923915
-0.011183371243663559     -0.0320912623328708      0.08                     -5.0526722171361767E-11  -0.011183371243663559    -0.0320912623328708
-0.010846567585201361     -0.01789979168826062     0.08                     -8.325392436435038E-11   -0.010846567585201361    -0.017899791688260617
-0.013503283147318988     -0.014013172761371755    0.08                     -6.323318172232278E-11   -0.01350328314731899     -0.014013172761371756
-0.010881599564149708     -0.02241189360644716     0.07999999999999999      -8.035300821094719E-11   -0.010881599564149707    -0.02241189360644716
-0.01768796281664438      -0.013979115711473027    0.08                     -4.904852309729163E-11   -0.01768796281664438     -0.013979115711473028
-0.013843809841419048     -0.026661490107808848    0.07999999999999999      -5.5714847435114606E-11  -0.013843809841419046    -0.02666149010780885
-0.016009600655610627     -0.031048966266764552    0.08                     -4.184481062286612E-11   -0.016009600655610627    -0.031048966266764556
-0.005926368040082267     -0.03703818048755997     0.08                     -4.499190956530473E-11   -0.005926368040082266    -0.03703818048755997
-0.003132262061686223     -0.046933974144349674    0.08                     -2.6889744657605415E-11  -0.0031322620616862228   -0.04693397414434968
-0.04920888514604525      0.0224023287926721       0.08                     -1.144096482617815E-11   -0.04920888514604526     0.022402328792672097
-0.0581105263404106       0.018935100156544503     0.08                     -7.972610370918561E-12   -0.05811052634041059     0.018935100156544506
-0.061639500414199175     0.013385335923490373     0.08                     -6.929568036847846E-12   -0.061639500414199175    0.013385335923490371
-0.03133867690162016      0.0054096384742960135    0.07999999999999999      -2.5474162094116047E-11  -0.03133867690162017     0.0054096384742960135
-0.03743554681631955      0.009956313282411346     0.08                     -1.9724900852809148E-11  -0.03743554681631955     0.009956313282411346
-0.02208500668576458      -0.008324865113582366    0.08                     -3.7889318043912885E-11  -0.022085006685764578    -0.008324865113582366
-0.01182292482893044      -0.04524229161828489     0.08                     -2.5957631650843567E-11  -0.011822924828930438    -0.04524229161828489
-0.030404859411149933     -0.007183974374155619    0.08                     -2.6463186321718017E-11  -0.03040485941114993     -0.007183974374155619
-0.029600549246412547     -0.014089540845231056    0.08                     -2.714812860453748E-11   -0.029600549246412543    -0.014089540845231058
-0.033174044508305744     -0.0012253657067224227   0.08                     -2.3655835738933087E-11  -0.033174044508305744    -0.0012253657067224227
-0.04320561525088301      0.015421126585497477     0.07999999999999999      -1.529203554416803E-11   -0.04320561525088301     0.015421126585497477
-0.01329692576403127      -0.05985904483542545     0.07999999999999999      -1.4374728391073944E-11  -0.01329692576403127     -0.05985904483542546
-0.01781779236291423      -0.05148638599299868     0.08                     -1.8041847685122152E-11  -0.01781779236291423     -0.05148638599299869
-0.01502418550834202      -0.03791406879176538     0.08                     -3.2762087128898277E-11  -0.015024185508342018    -0.03791406879176538
-0.020344065147891048     -0.04235280390586166     0.08000000000000002      -2.331498647302472E-11   -0.02034406514789105     -0.04235280390586166
-0.015659707837214765     -0.02013134831001144     0.08                     -5.6278476504922114E-11  -0.015659707837214765    -0.020131348310011437
-0.024237059749426977     -0.017672379137706994    0.08000000000000002      -3.445237115412211E-11   -0.024237059749426974    -0.017672379137706997
-0.019787934946295098     -0.026450304734293495    0.08                     -3.935217356848454E-11   -0.0197879349462951      -0.026450304734293495
-0.021321017706438315     -0.03337227663121932     0.08                     -3.02891772815313E-11    -0.02132101770643832     -0.033372276631219326
-0.03567692353647267      -0.013384937126227063    0.08                     -2.0971776930165575E-11  -0.03567692353647267     -0.013384937126227065
-0.05312530448943931      0.011916493889273343     0.08000000000000002      -1.0384407695988464E-11  -0.05312530448943931     0.011916493889273341
-0.06078614787191979      0.006395624836942546     0.08                     -7.46615500422207E-12    -0.06078614787191979     0.006395624836942546
-0.04525081744278127      0.006270297126429063     0.08                     -1.454258620354767E-11   -0.04525081744278126     0.006270297126429063
-0.03834189500854816      0.0019530214012464242    0.08                     -1.9226668217180393E-11  -0.03834189500854817     0.0019530214012464242
-0.028060596189820743     -0.046578283308631355    0.08                     -1.6263580046423514E-11  -0.02806059618982074     -0.04657828330863135
-0.02709251392743301      -0.0270918973108688      0.08                     -2.7000065655192805E-11  -0.027092513927433007    -0.027091897310868803
-0.02855712957991627      -0.03672295183829608     0.07999999999999999      -2.076811624048023E-11   -0.02855712957991627     -0.03672295183829608
-0.03209276494821423      -0.020733444252727627    0.08                     -2.340674712554339E-11   -0.03209276494821423     -0.02073344425272763
-0.034884203745461764     -0.029623090697371464    0.08                     -1.8652094966205923E-11  -0.03488420374546176     -0.02962309069737146
-0.0201840470524468       -0.059493318933071755    0.08                     -1.3071523040513922E-11  -0.0201840470524468      -0.05949331893307176
-0.03206694817450649      -0.05395169131865863     0.08                     -1.177039161358973E-11   -0.03206694817450649     -0.05395169131865864
-0.024970166918810544     -0.05596809310031628     0.08000000000000002      -1.3296507930416976E-11  -0.024970166918810544    -0.05596809310031627
-0.06303477759048695      3.4086482322603223E-4    0.08                     -6.68774113136703E-12    -0.06303477759048695     3.4086482322603223E-4
-0.038344267132594145     -0.00577526769674927     0.08                     -1.9165202421102233E-11  -0.038344267132594145    -0.00577526769674927
-0.04401763746363405      -0.012548165094770684    0.07999999999999999      -1.5006463557245243E-11  -0.04401763746363405     -0.012548165094770686
-0.05379355695613028      6.502696366831526E-4     0.08                     -1.0347033227956454E-11  -0.05379355695613029     6.502696366831526E-4
-0.03588996417592494      -0.04936453918359962     0.08                     -1.1901988904489445E-11  -0.03588996417592494     -0.04936453918359962
-0.036940991118680565     -0.039973451392296085    0.08                     -1.4300794820491708E-11  -0.036940991118680565    -0.039973451392296085
-0.042512827762566194     -0.046422380586348004    0.07999999999999999      -1.0186510134595353E-11  -0.042512827762566194    -0.046422380586348004
-0.04014602873122415      -0.021497252955343202    0.08                     -1.6588598383242994E-11  -0.040146028731224144    -0.021497252955343202
-0.04546719172475581      -0.003241285745196068    0.07999999999999999      -1.447626059317893E-11   -0.04546719172475581     -0.003241285745196068
-0.04395476087284064      -0.03156566244670122     0.08                     -1.2737789773159782E-11  -0.043954760872840636    -0.03156566244670122
-0.060782230683619126     -0.006293351612038964    0.07999999999999999      -7.471895761354493E-12   -0.06078223068361912     -0.006293351612038964
-0.04950970885152655      -0.021813512762590352    0.08                     -1.1353890815931848E-11  -0.04950970885152655     -0.021813512762590356
-0.052841108030850445     -0.01102288494026711     0.08                     -1.0549241249943984E-11  -0.05284110803085045     -0.01102288494026711
-0.045410935510831966     -0.04084746182291973     0.08                     -1.0306809536457975E-11  -0.045410935510831966    -0.04084746182291973
-0.052958338148630574     -0.030607829424149843    0.08                     -8.92254372745078E-12    -0.05295833814863058     -0.030607829424149847
-0.05120877063189464      -0.03693486662338823     0.08                     -8.723900484159845E-12   -0.05120877063189464     -0.03693486662338823
-0.057866643375638925     -0.025461552333981077    0.08                     -7.563982867407426E-12   -0.057866643375638925    -0.025461552333981074
-0.06179982480968114      -0.012934510328502326    0.07999999999999999      -6.888528768375978E-12   -0.06179982480968114     -0.012934510328502324
-0.05825663868488833      -0.01871461094275638     0.08                     -7.92991473980756E-12    -0.05825663868488833     -0.01871461094275638
0.001222513595949996      -0.020259965102825454    0.08                     -7.675293420363496E-10   0.0012225135959499959    -0.020259965102825458
0.0013859675611809907     -0.020401325287482872    0.08                     -6.608705951269253E-10   0.0013859675611809907    -0.020401325287482872
0.0014406145636751536     -0.020169344777321557    0.08                     -6.572680240080127E-10   0.0014406145636751534    -0.020169344777321557
0.0015777892307870752     -0.020310711946617557    0.08                     -5.905517348553475E-10   0.0015777892307870752    -0.020310711946617557
0.001151217165149807      -0.02047011230413564     0.07999999999999999      -7.716995442867523E-10   0.0011512171651498068    -0.020470112304135642
0.0013489882024231904     -0.020619327246674923    0.08000000000000002      -6.420679874831995E-10   0.0013489882024231902    -0.020619327246674923
0.0011585840033003856     -0.020675682681586576    0.08                     -7.134342558711637E-10   0.0011585840033003856    -0.020675682681586576
0.0012607672784376565     -0.020842977952521147    0.08000000000000002      -6.280068471531112E-10   0.0012607672784376563    -0.020842977952521147
0.0010195967882468278     -0.02062160005775735     0.08                     -8.05705425707512E-10    0.0010195967882468278    -0.02062160005775735
9.217368808087324E-4      -0.02047248068923437     0.08                     -9.37085227529594E-10    9.217368808087325E-4     -0.02047248068923437
5.725400737185144E-4      -0.020617603550910232    0.07999999999999999      -1.1787408987714764E-9   5.725400737185145E-4     -0.020617603550910232
3.720167200708199E-4      -0.020769192219341863    0.08                     -1.1587856181016284E-9   3.7201672007081994E-4    -0.020769192219341866
6.213636739275392E-4      -0.020847195929357576    0.08                     -9.231718468216996E-10   6.213636739275393E-4     -0.020847195929357576
1.7392292866204935E-4     -0.02084662511557521     0.08                     -1.1441588852943148E-9   1.7392292866204935E-4    -0.02084662511557521
2.928045787878394E-4      -0.021007773826089905    0.08                     -9.234894680884202E-10   2.9280457878783946E-4    -0.021007773826089902
4.0697201339418894E-4     -0.021382620181000376    0.08000000000000002      -6.617943307238111E-10   4.0697201339418894E-4    -0.021382620181000376
6.166472382489177E-4      -0.02137706897937351     0.08                     -6.312127691273948E-10   6.166472382489177E-4     -0.02137706897937351
4.4995025248751393E-4     -0.021189056553810506    0.08                     -7.542927922938791E-10   4.499502524875139E-4     -0.021189056553810506
0.0010218703454738698     -0.02082006398997587     0.08                     -7.308729294173893E-10   0.0010218703454738696    -0.02082006398997587
6.646525670236821E-4      -0.021089660541253455    0.07999999999999999      -7.512501280218469E-10   6.646525670236822E-4     -0.021089660541253455
8.458759667420825E-4      -0.020959966388244978    0.08                     -7.496560781491122E-10   8.458759667420825E-4     -0.020959966388244978
4.795775080986541E-4      -0.020986527972252342    0.08                     -8.810784874843551E-10   4.795775080986541E-4     -0.020986527972252342
0.001086382674259939      -0.02103806293506786     0.08                     -6.341553485122746E-10   0.001086382674259939     -0.021038062935067856
8.747065397932373E-4      -0.02124099872976046     0.08                     -6.273493168668928E-10   8.747065397932373E-4     -0.02124099872976046
2.622640610955232E-4      -0.021491624982818702    0.08                     -6.286031749702725E-10   2.622640610955232E-4     -0.021491624982818702
1.9047812108672642E-4     -0.02125960761060654     0.08                     -7.528669373306609E-10   1.904781210867264E-4     -0.021259607610606544
-0.0010672233030895864    -0.020274231537848204    0.08                     -8.775135045396927E-10   -0.0010672233030895864   -0.020274231537848204
-0.0012711953362875559    -0.02019793665371747     0.08000000000000002      -7.450763881867102E-10   -0.0012711953362875559   -0.02019793665371747
-0.001194130656203689     -0.020447970309555173    0.07999999999999999      -7.517419391528013E-10   -0.001194130656203689    -0.020447970309555173
-9.556640479208916E-4     -0.020435018945121966    0.08                     -9.234218383444732E-10   -9.556640479208915E-4    -0.02043501894512197
-0.0011060477217191313    -0.02066382572469833     0.08                     -7.428930607419388E-10   -0.0011060477217191313   -0.02066382572469833
-5.639864352476539E-4     -0.020947796466936057    0.08                     -8.765069277183487E-10   -5.639864352476539E-4    -0.020947796466936057
-7.759956833639837E-4     -0.02104989272900926     0.08                     -7.333862951345209E-10   -7.759956833639838E-4    -0.02104989272900926
-5.43978648946657E-4      -0.02116144597364626     0.08                     -7.474100626385994E-10   -5.43978648946657E-4     -0.02116144597364626
-7.568781428932515E-4     -0.020339680471962922    0.08000000000000002      -1.1993953912735795E-9   -7.568781428932515E-4    -0.020339680471962922
-7.266524148270177E-4     -0.02052356450750612     0.08                     -1.1007814771667314E-9   -7.266524148270177E-4    -0.020523564507506118
-9.41919163649358E-4      -0.020865053753074677    0.07999999999999999      -7.494126475662052E-10   -9.419191636493581E-4    -0.020865053753074677
-7.173730168470729E-4     -0.020767566477636456    0.08                     -9.227480668976588E-10   -7.173730168470728E-4    -0.020767566477636456
-8.8458518625916E-4       -0.020658286675450874    0.07999999999999999      -8.766751631609897E-10   -8.8458518625916E-4      -0.020658286675450874
-0.001271100477940159     -0.01994590613160877     0.08                     -7.537452592752608E-10   -0.0012711004779401589   -0.01994590613160877
-0.0010506428017612924    -0.020040558165798084    0.08                     -9.230697244298165E-10   -0.0010506428017612922   -0.020040558165798084
-0.001093357410686714     -0.01984881374570117     0.07999999999999999      -8.765866907657808E-10   -0.001093357410686714    -0.01984881374570117
-0.001271508586642948     -0.019680559276937126    0.08                     -7.308512655129362E-10   -0.0012715085866429482   -0.019680559276937126
0.0012738823872845049     -0.01917592113856398     0.08                     -6.276229422791637E-10   0.0012738823872845049    -0.01917592113856398
0.0013343360353400434     -0.019369344938444607    0.08                     -6.455826954202185E-10   0.0013343360353400434    -0.019369344938444607
0.0014875370040188553     -0.019159666471613008    0.08                     -5.552200836735078E-10   0.0014875370040188553    -0.019159666471613008
0.0013042290642481164     -0.018916794323999626    0.08                     -5.598605756149813E-10   0.0013042290642481162    -0.018916794323999623
0.001096270061328647      -0.01932902146534119     0.08                     -7.453251911125984E-10   0.001096270061328647     -0.019329021465341188
0.0011772556433672606     -0.01956681644409083     0.08                     -7.643156379258932E-10   0.0011772556433672606    -0.01956681644409083
9.473091103887605E-4      -0.019555290709357395    0.08                     -9.25784055002929E-10    9.473091103887608E-4     -0.019555290709357392
0.0011135239556427762     -0.019095820298061183    0.08                     -6.649923155261854E-10   0.0011135239556427762    -0.019095820298061183
9.288222328447946E-4      -0.019142197621663037    0.08                     -7.585091725723818E-10   9.288222328447947E-4     -0.019142197621663037
7.341077294124275E-4      -0.020488425755276422    0.08                     -1.116724604828185E-9    7.341077294124275E-4     -0.020488425755276422
5.762307442544086E-4      -0.020383688000945498    0.08                     -1.4793913951621569E-9   5.762307442544086E-4     -0.0203836880009455
0.0010200253717972192     -0.020305258899985915    0.08                     -9.093959513267996E-10   0.001020025371797219     -0.020305258899985915
0.0010619647520826087     -0.019719934783874245    0.08                     -8.795393746916996E-10   0.0010619647520826087    -0.019719934783874245
0.001271166070640829      -0.01979923765690679     0.08                     -7.442655334490055E-10   0.001271166070640829     -0.019799237656906794
8.734990280893973E-4      -0.019788966678473272    0.08                     -1.095584131081371E-9    8.734990280893973E-4     -0.019788966678473272
0.0010383964751621987     -0.019941999187983825    0.08                     -9.332501297740976E-10   0.0010383964751621985    -0.01994199918798382
0.0010847084776568394     -0.02014577291908998     0.08000000000000002      -8.823328789528923E-10   0.0010847084776568394    -0.02014577291908998
0.0012565782694518492     -0.020041736226085384    0.08000000000000002      -7.628081609843083E-10   0.0012565782694518492    -0.02004173622608538
8.962421751327912E-4      -0.020132760224203537    0.08000000000000002      -1.0859994794601833E-9   8.962421751327912E-4     -0.02013276022420354
7.837080560805808E-4      -0.02031280286854905     0.08                     -1.1754375646596804E-9   7.837080560805808E-4     -0.020312802868549053
8.204871470853691E-4      -0.01997479176700572     0.08                     -1.2122808325044982E-9   8.204871470853692E-4     -0.01997479176700572
6.434311031295204E-4      -0.019869936631289116    0.08                     -1.5824525934992333E-9   6.434311031295204E-4     -0.019869936631289112
0.0010075906231074739     -0.01891460719107517     0.08                     -6.436008526165055E-10   0.0010075906231074739    -0.01891460719107517
7.581799296913972E-4      -0.018962883569751527    0.08                     -7.459294152811173E-10   7.581799296913972E-4     -0.018962883569751527
8.687813648169285E-4      -0.018762526309634923    0.08                     -6.300253277598492E-10   8.687813648169285E-4     -0.018762526309634923
-6.019749499157087E-4     -0.019447831171546005    0.08000000000000002      -1.2214059330960927E-9   -6.019749499157087E-4    -0.019447831171546005
-7.782640922720924E-4     -0.01929258824611753     0.08                     -9.220104066799539E-10   -7.782640922720925E-4    -0.019292588246117532
-7.643965914839973E-4     -0.019530222600143348    0.08                     -1.0979324472437026E-9   -7.643965914839973E-4    -0.019530222600143348
-8.662488430933581E-4     -0.01907085249147939     0.08                     -7.550812108538662E-10   -8.662488430933581E-4    -0.019070852491479388
-0.0010516418534873644    -0.019231163801227184    0.08                     -7.355104698050747E-10   -0.0010516418534873646   -0.019231163801227188
-6.622701490320706E-4     -0.019120319285480324    0.08                     -8.77730439014481E-10    -6.622701490320706E-4    -0.019120319285480324
-8.321079615554435E-4     -0.018723928091225337    0.08                     -6.251274267699224E-10   -8.321079615554435E-4    -0.018723928091225337
-6.658617430595216E-4     -0.018905546361642864    0.08                     -7.480840642706453E-10   -6.658617430595215E-4    -0.01890554636164286
-6.305581202504825E-4     -0.018660048556562676    0.08                     -6.435311786407099E-10   -6.305581202504825E-4    -0.018660048556562673
-9.154389146197985E-4     -0.01888934638953916     0.07999999999999999      -6.628135397687445E-10   -9.154389146197985E-4    -0.01888934638953916
3.285144577618881E-4      -0.01851593977075794     0.08                     -6.266862981807136E-10   3.285144577618881E-4     -0.01851593977075794
2.9675847958513717E-4     -0.01875518403930615     0.08                     -7.488415680587266E-10   2.967584795851371E-4     -0.01875518403930615
5.126161703713227E-4      -0.018615460992342264    0.08                     -6.456367069170472E-10   5.126161703713227E-4     -0.018615460992342264
1.4787862022397347E-4     -0.01858203507668875     0.08                     -6.694375524891745E-10   1.4787862022397347E-4    -0.01858203507668875
-4.463371713739698E-4     -0.019056289985992174    0.08                     -9.28797114362222E-10    -4.4633717137396986E-4   -0.019056289985992177
-4.6692992966277215E-5    -0.018514936936548078    0.08                     -6.415008312376375E-10   -4.6692992966277215E-5   -0.018514936936548074
4.3304176931175525E-5     -0.018740147207628247    0.08                     -7.608260026080899E-10   4.3304176931175525E-5    -0.018740147207628247
-2.821001032512642E-4     -0.01893602309565217     0.08                     -8.779547214587556E-10   -2.821001032512642E-4    -0.01893602309565217
-2.1343083538485083E-4    -0.019129566193630234    0.08                     -1.0989772724751747E-9   -2.1343083538485083E-4   -0.019129566193630234
-5.32114320067068E-4      -0.01927889381598327     0.08                     -1.0982143579871683E-9   -5.32114320067068E-4     -0.01927889381598327
-3.386807195944251E-4     -0.01925975678904359     0.08                     -1.2254079639447807E-9   -3.386807195944251E-4    -0.01925975678904359
-3.7805724424402074E-4    -0.019466777265976003    0.08                     -1.592166168535671E-9    -3.780572442440207E-4    -0.019466777265976006
8.789150069406034E-4      -0.01933531506044456     0.08                     -8.765197970048923E-10   8.789150069406033E-4     -0.01933531506044456
7.111457037584934E-4      -0.019229160534441736    0.08                     -9.242845067021152E-10   7.111457037584933E-4     -0.019229160534441736
5.626313435316303E-4      -0.0190514009593587      0.08000000000000002      -8.758935303769866E-10   5.626313435316303E-4     -0.0190514009593587
7.449830102896348E-4      -0.01966388497072504     0.08                     -1.2177890234833436E-9   7.449830102896348E-4     -0.01966388497072504
7.291305051900407E-4      -0.019469821604172648    0.08                     -1.0917186215274526E-9   7.291305051900407E-4     -0.01946982160417265
5.509092520907121E-4      -0.01962786353736004     0.08                     -1.5581769636368526E-9   5.509092520907121E-4     -0.01962786353736004
-5.12007299467421E-5      -0.018962417463732457    0.08                     -9.335701817140368E-10   -5.12007299467421E-5     -0.018962417463732454
-2.6774353282859264E-5    -0.019189590171421838    0.08                     -1.230651003765417E-9    -2.6774353282859264E-5   -0.019189590171421838
4.754795281775205E-4      -0.01924314872878293     0.08                     -1.1010767222405003E-9   4.7547952817752044E-4    -0.019243148728782935
3.657969213994419E-4      -0.01901958044003651     0.08000000000000002      -9.257310636972023E-10   3.6579692139944187E-4    -0.019019580440036512
1.511104142845331E-4      -0.018909919606291854    0.08                     -8.778326152510051E-10   1.511104142845331E-4     -0.018909919606291854
2.9633433149640713E-4     -0.019252602144063297    0.08                     -1.2409775712939486E-9   2.9633433149640713E-4    -0.019252602144063297
1.4356147390553596E-4     -0.019116269535214187    0.08                     -1.1000774868342044E-9   1.4356147390553596E-4    -0.019116269535214187
1.2588005659314617E-4     -0.019366552409390503    0.08                     -1.61324952313166E-9     1.2588005659314617E-4    -0.019366552409390503
3.727508351319339E-4      -0.020504207883656412    0.08000000000000002      -1.6776960644510586E-9   3.727508351319339E-4     -0.020504207883656412
2.0419756969175095E-6     -0.020413521195095177    0.08                     -2.6539849904736143E-9   2.0419756969175095E-6    -0.020413521195095177
-1.7116097526165296E-4    -0.020376458748741735    0.07999999999999999      -2.652975086356325E-9    -1.7116097526165296E-4   -0.020376458748741735
-1.238561057907802E-4     -0.02062149928665752     0.08                     -1.646998409906662E-9    -1.238561057907802E-4    -0.02062149928665752
-1.385179171108855E-4     -0.01936005930338022     0.08                     -1.583196220491621E-9    -1.385179171108855E-4    -0.01936005930338022
4.568843139571548E-8      -0.019539948084437042    0.08                     -2.3911253309440553E-9   4.568843139571548E-8     -0.019539948084437042
4.0880593532335234E-4     -0.020247866506772978    0.07999999999999999      -2.294584077604768E-9    4.088059353233524E-4     -0.020247866506772978
2.0138607222228676E-4     -0.020352897943487477    0.07999999999999999      -2.694923997787131E-9    2.0138607222228676E-4    -0.020352897943487477
4.3790205600192217E-4     -0.01980291880371781     0.08                     -2.2798252577992756E-9   4.3790205600192217E-4    -0.01980291880371781
4.2499906854625777E-4     -0.0200056866895167      0.08                     -2.5790115664422953E-9   4.2499906854625777E-4    -0.0200056866895167
-6.2975990651071E-5       -0.020272943115449547    0.08000000000000002      -3.5182453638411827E-9   -6.2975990651071E-5      -0.020272943115449547
4.6027437819445545E-5     -0.020263602468619173    0.08000000000000002      -3.601212944567596E-9    4.6027437819445545E-5    -0.020263602468619173
1.7379579325906686E-4     -0.020129733857876038    0.08                     -3.938862247666258E-9    1.7379579325906683E-4    -0.020129733857876034
2.2174463704494095E-4     -0.019845123353306935    0.08                     -3.5882063777168247E-9   2.2174463704494095E-4    -0.019845123353306935
-2.56328310743332E-5      -0.020137210934010406    0.08                     -4.350371759045889E-9    -2.56328310743332E-5     -0.02013721093401041
-8.776345006113925E-4     -0.020211224648623072    0.08                     -1.0893673683539877E-9   -8.776345006113925E-4    -0.020211224648623072
-8.184867660677006E-4     -0.02002953444650827     0.08000000000000002      -1.216692845500692E-9    -8.184867660677006E-4    -0.02002953444650827
-6.484738896014975E-4     -0.020140580312507827    0.08000000000000002      -1.561535621105363E-9    -6.484738896014975E-4    -0.020140580312507827
-5.505777717332446E-5     -0.021266590569910954    0.08                     -7.563749750491022E-10   -5.505777717332446E-5    -0.021266590569910954
3.5614980905845917E-5     -0.021023996893433216    0.08                     -9.470929225148142E-10   3.5614980905845917E-5    -0.021023996893433212
-1.6209715599433804E-4    -0.021073198615351833    0.08                     -8.909135607738263E-10   -1.6209715599433804E-4   -0.021073198615351833
-3.1973291329623886E-4    -0.02126867021947456     0.08                     -7.317132402187215E-10   -3.197329132962389E-4    -0.021268670219474563
1.4705319670188087E-4     -0.020624454272941073    0.08000000000000002      -1.624107483368643E-9    1.470531967018809E-4     -0.020624454272941073
1.9632600524747826E-5     -0.020797998133484135    0.07999999999999999      -1.2525052789262845E-9   1.9632600524747826E-5    -0.020797998133484135
-3.408265594269435E-4     -0.019681523956609555    0.08                     -2.351140068018206E-9    -3.408265594269435E-4    -0.019681523956609555
-4.311788514297785E-4     -0.01984413291150799     0.08                     -2.3928867417596302E-9   -4.3117885142977857E-4   -0.01984413291150799
-1.903918963942205E-4     -0.01983907361131244     0.08                     -3.731848956655788E-9    -1.9039189639422053E-4   -0.01983907361131244
-6.43837119351002E-4      -0.01988310793494162     0.08                     -1.587792073000533E-9    -6.43837119351002E-4     -0.019883107934941618
-4.7996584261333366E-4    -0.019999796881550208    0.08                     -2.2852751400946217E-9   -4.799658426133337E-4    -0.019999796881550208
-5.63271808630725E-4      -0.01965412960833119     0.08                     -1.568267120829394E-9    -5.632718086307249E-4    -0.019654129608331187
-1.71344516618879E-4      -0.020209380252653272    0.08                     -3.5781834877518267E-9   -1.71344516618879E-4     -0.020209380252653272
-3.2085297482749027E-4    -0.020295722143538766    0.08                     -2.519916476790076E-9    -3.208529748274903E-4    -0.020295722143538766
-3.304369456501655E-4     -0.02000261080589481     0.08                     -3.179473536688917E-9    -3.304369456501655E-4    -0.02000261080589481
-4.294617590445809E-4     -0.020150499121542875    0.08                     -2.414499716315889E-9    -4.2946175904458095E-4   -0.020150499121542875
-1.6077066693731198E-4    -0.020049496378749185    0.08000000000000002      -4.209046781293837E-9    -1.6077066693731198E-4   -0.020049496378749185
-2.8389460556042833E-4    -0.020145151397681686    0.08                     -3.2544930456654203E-9   -2.8389460556042833E-4   -0.020145151397681686
0.0013703899263808501     -0.01958899069906604     0.08                     -6.665323619031141E-10   0.0013703899263808501    -0.01958899069906604
0.0016145563471120215     -0.019495889730432252    0.08                     -5.607671493873257E-10   0.0016145563471120213    -0.019495889730432255
0.001482027905309019      -0.01993373690545167     0.08                     -6.420206607434908E-10   0.001482027905309019     -0.01993373690545167
0.0014881569342941965     -0.01972408098936883     0.08                     -6.288828033641277E-10   0.0014881569342941965    -0.01972408098936883
0.0016780932924634127     -0.019772526000957306    0.08                     -5.599240776091105E-10   0.001678093292463413     -0.019772526000957306
0.0015978073412942716     -0.020567350029354555    0.07999999999999999      -5.592372232584723E-10   0.0015978073412942718    -0.020567350029354555
0.0016859814849505693     -0.02009267933699489     0.08                     -5.616286944294206E-10   0.001685981484950569     -0.02009267933699489
0.0010614631715520685     -0.01866303605345925     0.08                     -5.559030045403115E-10   0.0010614631715520682    -0.01866303605345925
7.925903896354944E-4      -0.018493265226858728    0.08                     -5.576157403835032E-10   7.925903896354943E-4     -0.01849326522685873
0.001746969681258239      -0.01926145459257661     0.08000000000000002      -4.985165417543254E-10   0.001746969681258239     -0.01926145459257661
0.0014696265874472648     -0.020845080038593245    0.08                     -5.595437553434212E-10   0.0014696265874472646    -0.020845080038593245
0.001334598682109347      -0.02109043854104515     0.08                     -5.502062087091388E-10   0.0013345986821093473    -0.021090438541045146
0.0017795391086501233     -0.020754315487985064    0.08                     -4.887969567150839E-10   0.0017795391086501233    -0.020754315487985064
-0.0011111490760019717    -0.019011600022931133    0.08                     -6.411021302468277E-10   -0.0011111490760019717   -0.019011600022931133
-0.0012792272858771427    -0.019313548786117993    0.08000000000000002      -6.573432999491182E-10   -0.0012792272858771427   -0.019313548786117993
-0.001159131474333953     -0.01946661330829957     0.08                     -7.515444549922062E-10   -0.001159131474333953    -0.01946661330829957
-0.0012670222823386813    -0.019136082967138774    0.08                     -6.211479681051393E-10   -0.0012670222823386813   -0.019136082967138774
-0.0014482783882916578    -0.019844962010569983    0.08                     -6.547366932562963E-10   -0.0014482783882916578   -0.019844962010569983
-0.001405153925917574     -0.019490343467783566    0.08                     -6.376601201413681E-10   -0.0014051539259175743   -0.019490343467783566
-0.0015088232588712028    -0.01968374914826435     0.08                     -6.175567369782585E-10   -0.0015088232588712028   -0.01968374914826435
-0.0014918666009236786    -0.02005007437059399     0.08                     -6.381029067324254E-10   -0.0014918666009236786   -0.02005007437059399
-0.0015045215670071944    -0.020265454246939582    0.08                     -6.229414940547376E-10   -0.0015045215670071944   -0.020265454246939582
-0.001387337137782223     -0.02041048695883496     0.08                     -6.590370855405874E-10   -0.001387337137782223    -0.02041048695883496
0.0013437401963585015     -0.018651509640299928    0.08                     -4.972028560863755E-10   0.0013437401963585015    -0.018651509640299928
4.586836542173501E-4      -0.018365375289344267    0.08                     -5.591739138118718E-10   4.586836542173501E-4     -0.018365375289344264
1.6414810849096624E-4     -0.01830353227220482     0.07999999999999999      -5.570775007448512E-10   1.6414810849096624E-4    -0.018303532272204822
-0.0011320327202298764    -0.020910721790064857    0.08                     -6.560144944200229E-10   -0.0011320327202298764   -0.020910721790064857
-6.978328597628805E-4     -0.02127542516800983     0.08                     -6.554818756417539E-10   -6.978328597628805E-4    -0.02127542516800983
-5.259396311277196E-4     -0.021407457645872045    0.08                     -6.337589625750108E-10   -5.259396311277196E-4    -0.021407457645872045
4.689421265720848E-5      -0.021498971244131842    0.08                     -6.351857546404495E-10   4.689421265720848E-5     -0.021498971244131842
-1.5884296495370626E-4    -0.02144157585371588     0.08                     -6.573834456927803E-10   -1.5884296495370626E-4   -0.02144157585371588
-3.2926459315726247E-4    -0.02149485008503378     0.08000000000000002      -6.215833875756997E-10   -3.2926459315726247E-4   -0.02149485008503378
-1.8804736215920323E-4    -0.01831201128680488     0.07999999999999999      -5.589371549697608E-10   -1.8804736215920323E-4   -0.018312011286804878
-2.6781407001368973E-4    -0.018513447216350135    0.08000000000000002      -6.304335925005012E-10   -2.6781407001368973E-4   -0.018513447216350135
-4.075155753131254E-4     -0.0186199894793486      0.08                     -6.631270131380799E-10   -4.075155753131254E-4    -0.0186199894793486
-4.92841878610152E-4      -0.0183644083834965      0.08                     -5.555556588983215E-10   -4.92841878610152E-4     -0.0183644083834965
-0.0013694082560739638    -0.02062225908684453     0.08                     -6.329027821840939E-10   -0.0013694082560739638   -0.020622259086844532
-0.0012921881298536674    -0.020824706976964914    0.08                     -6.205373586739765E-10   -0.0012921881298536674   -0.020824706976964914
4.887556959355366E-4      -0.021643039788863106    0.07999999999999999      -5.528319713091548E-10   4.887556959355366E-4     -0.02164303978886311
1.7638438948416565E-4     -0.021706126982633918    0.08000000000000002      -5.526301822543406E-10   1.7638438948416565E-4    -0.021706126982633914
-8.474136085577949E-4     -0.018512507649163342    0.07999999999999999      -5.542815583604535E-10   -8.474136085577947E-4    -0.018512507649163342
-0.0011036226722965989    -0.0186919058677901      0.08                     -5.545857438144801E-10   -0.0011036226722965989   -0.0186919058677901
0.0019113854625629843     -0.01999393872558317     0.08                     -4.944459315431373E-10   0.0019113854625629843    -0.01999393872558317
8.119287363964724E-4      -0.020682004010199248    0.08000000000000002      -9.131290343075222E-10   8.119287363964724E-4     -0.020682004010199245
7.893947146227274E-4      -0.021557142800596882    0.07999999999999999      -5.424892030147135E-10   7.893947146227275E-4     -0.021557142800596882
9.911729766258531E-4      -0.021437428616769005    0.08                     -5.425924853945716E-10   9.911729766258531E-4     -0.021437428616769005
0.0011590761034310669     -0.02133519750924613     0.08                     -5.357186717672593E-10   0.0011590761034310669    -0.02133519750924613
-8.744757829199592E-4     -0.021256052153296907    0.08                     -6.213986205345482E-10   -8.744757829199591E-4    -0.021256052153296907
-0.0010211341831653552    -0.021097840765564445    0.08                     -6.348138480431954E-10   -0.0010211341831653552   -0.02109784076556445
-5.415750526372204E-4     -0.020365015408123632    0.08000000000000002      -1.5913875463299976E-9   -5.415750526372204E-4    -0.020365015408123632
-3.5053179335345895E-4    -0.020534640962510186    0.08                     -1.6322326271719954E-9   -3.50531793353459E-4     -0.020534640962510186
-5.660491846382821E-4     -0.020597041677186203    0.08000000000000002      -1.2095989627621841E-9   -5.660491846382821E-4    -0.020597041677186203
-4.6981025972917515E-4    -0.020750741531541085    0.08000000000000002      -1.1147679877573506E-9   -4.6981025972917515E-4   -0.02075074153154108
-3.719934779071272E-4     -0.020981587839480675    0.07999999999999999      -9.235117496633585E-10   -3.719934779071272E-4    -0.020981587839480675
-1.447602796606918E-4     -0.020864456110645916    0.07999999999999999      -1.1255981709227527E-9   -1.447602796606918E-4    -0.020864456110645916
-2.9093271555397587E-4    -0.02075559390767069     0.08000000000000002      -1.2314429327470694E-9   -2.9093271555397587E-4   -0.02075559390767069
-9.86723879011703E-4      -0.0196408216533933      0.08                     -9.233595590730005E-10   -9.86723879011703E-4     -0.019640821653393297
-8.865088902836812E-4     -0.01986125635842903     0.08000000000000002      -1.0976648235456513E-9   -8.865088902836812E-4    -0.01986125635842903
-7.636751532055503E-4     -0.019713071829709897    0.08                     -1.2226183173677027E-9   -7.636751532055503E-4    -0.019713071829709897
-1.9836981535309342E-4    -0.01872991017886524     0.08                     -7.453463340443565E-10   -1.9836981535309347E-4   -0.01872991017886524
-4.38321183200496E-4      -0.018812967170979324    0.08000000000000002      -7.578930794824065E-10   -4.3832118320049593E-4   -0.018812967170979324
6.536255814676504E-4      -0.020136989072608788    0.07999999999999999      -1.5487946863695746E-9   6.536255814676505E-4     -0.020136989072608785
5.301777445944154E-4      -0.018859335433029093    0.08                     -7.62500372232247E-10    5.301777445944154E-4     -0.018859335433029093
6.80869290537006E-4       -0.01874842114541006     0.08                     -6.697812129739196E-10   6.80869290537006E-4      -0.01874842114541006
-9.520065097550104E-4     -0.019442993493742785    0.07999999999999999      -8.767790122927027E-10   -9.520065097550105E-4    -0.019442993493742785
-1.715368662044928E-4     -0.01959644267735069     0.08                     -2.5018426015246156E-9   -1.715368662044928E-4    -0.01959644267735069
-2.1076910906727515E-6    -0.019729983077077084    0.08                     -3.5864121057265036E-9   -2.1076910906727515E-6   -0.019729983077077084
5.63957784233606E-4       -0.019405701919915162    0.08                     -1.2143584342928264E-9   5.63957784233606E-4      -0.019405701919915162
3.657791164306029E-4      -0.019452258807792895    0.08                     -1.5757235144026884E-9   3.6577911643060284E-4    -0.01945225880779289
1.8304515037731895E-4     -0.019604059609004545    0.08                     -2.5174521455173806E-9   1.8304515037731895E-4    -0.019604059609004545
3.556458028460299E-4      -0.019669790205093483    0.08000000000000002      -2.257158123776499E-9    3.556458028460299E-4     -0.019669790205093483
1.3968120106257675E-5     -0.019956645435982658    0.07999999999999999      -4.6841751044550355E-9   1.3968120106257675E-5    -0.019956645435982658
7.191112853732714E-4      -0.01823797854296294     0.08                     -4.97342844283192E-10    7.191112853732714E-4     -0.01823797854296294
0.00137774206002987       -0.021371989208515452    0.08                     -4.858921382347868E-10   0.00137774206002987      -0.021371989208515452
7.476118699017142E-4      -0.021788060668965867    0.07999999999999999      -4.867070221510408E-10   7.476118699017142E-4     -0.021788060668965867
-0.0013706553038150908    -0.018963760382259644    0.08                     -5.522990442469603E-10   -0.001370655303815091    -0.01896376038225964
-0.0015273175195907758    -0.019207207364012505    0.08                     -5.515146753381316E-10   -0.0015273175195907756   -0.019207207364012508
-0.001709051285327851     -0.019845938927591514    0.08                     -5.524618106182473E-10   -0.001709051285327851    -0.019845938927591514
-0.0016727666474227495    -0.01956458621528686     0.08                     -5.486196355142267E-10   -0.0016727666474227498   -0.019564586215286863
-0.0017041419580622371    -0.020196033925560655    0.08000000000000002      -5.524795678132377E-10   -0.0017041419580622371   -0.020196033925560655
-0.0016525453145024085    -0.02050113612566537     0.08                     -5.487626954656839E-10   -0.0016525453145024085   -0.02050113612566537
-1.825026696485369E-5     -0.01808899918464671     0.07999999999999999      -4.95768536254039E-10    -1.825026696485369E-5    -0.01808899918464671
-0.0013278868935386336    -0.0210954679485755      0.08                     -5.500684906312527E-10   -0.0013278868935386338   -0.0210954679485755
-0.001076682406935104     -0.021350984771836976    0.08                     -5.47818755146855E-10    -0.0010766824069351041   -0.021350984771836976
-8.114566335532137E-4     -0.021517175383271706    0.07999999999999999      -5.503377884369055E-10   -8.114566335532137E-4    -0.02151717538327171
-4.8392187429827864E-4    -0.021668009584358803    0.08000000000000002      -5.451048632497148E-10   -4.839218742982787E-4    -0.021668009584358803
-1.6415566226119318E-4    -0.021707419208314854    0.08000000000000002      -5.526445781410344E-10   -1.6415566226119318E-4   -0.02170741920831485
-7.550354353836621E-4     -0.01821895871715467     0.08                     -4.893953685948626E-10   -7.550354353836621E-4    -0.01821895871715467
-0.0015198809813757059    -0.020841657777161276    0.08                     -5.450281367997108E-10   -0.0015198809813757059   -0.020841657777161276
-1.970515903705481E-6     -0.021906755621988495    0.07999999999999999      -4.95659253347407E-10    -1.970515903705481E-6    -0.021906755621988495
-0.001367983537930979     -0.01865655544585842     0.08                     -4.937580280958136E-10   -0.001367983537930979    -0.01865655544585842
-0.0017909750861534813    -0.019267424977511598    0.08                     -4.886926281107185E-10   -0.001790975086153481    -0.019267424977511598
-0.0019191573327720186    -0.020010986430183005    0.08000000000000002      -4.923771428021614E-10   -0.0019191573327720188   -0.020010986430183005
-0.0018076283570972326    -0.020765696631204627    0.08                     -4.809085777835978E-10   -0.0018076283570972328   -0.020765696631204627
-0.0014113619054820937    -0.021412897071825296    0.08                     -4.719919494582303E-10   -0.0014113619054820937   -0.021412897071825296
-7.543405988104767E-4     -0.021837794568974056    0.08                     -4.746298491819193E-10   -7.543405988104767E-4    -0.021837794568974056
4.3344100064862483E-4     0.020202775830126085     0.08                     -2.2921032416902856E-9   4.3344100064862483E-4    0.020202775830126085
4.202830612851273E-4      0.020000215565115782     0.08                     -2.6123207074579416E-9   4.2028306128512723E-4    0.02000021556511578
6.425553393582422E-4      0.02013276846623569      0.08000000000000002      -1.585396284586541E-9    6.425553393582423E-4     0.020132768466235688
0.0010823033239522927     0.01985637433733917      0.08                     -8.865825016014735E-10   0.0010823033239522927    0.01985637433733917
8.897466587164126E-4      0.019863632414758584     0.08                     -1.0957743287152711E-9   8.897466587164125E-4     0.019863632414758584
0.00101934582666227       0.019694535185745717     0.08                     -9.119594954316502E-10   0.0010193458266622697    0.019694535185745713
0.00122409437935429       0.01974085143870114      0.08                     -7.674357718018743E-10   0.0012240943793542897    0.019740851438701138
0.0011546289255037665     0.019524609197265883     0.08                     -7.697783911286932E-10   0.0011546289255037667    0.01952460919726588
9.234092971778079E-4      0.01952829238456153      0.08                     -9.37157427840911E-10    9.234092971778079E-4     0.019528292384561528
0.0012512813504250175     0.019965438853702187     0.08                     -7.667835812226179E-10   0.0012512813504250173    0.01996543885370219
0.0012599967070891641     0.020186244269052668     0.08000000000000002      -7.52620925683939E-10    0.0012599967070891641    0.020186244269052665
0.001032750532251162      0.020050543351714547     0.08000000000000002      -9.399014381802461E-10   0.001032750532251162     0.020050543351714547
8.177879219548132E-4      0.020026189973586794     0.08                     -1.2192140320577608E-9   8.177879219548132E-4     0.020026189973586794
8.716232985874627E-4      0.020211013470615456     0.08                     -1.096928223628381E-9    8.716232985874626E-4     0.02021101347061546
0.0010580326041314172     0.02027015602813588      0.08                     -8.853853147281093E-10   0.0010580326041314172    0.02027015602813588
0.001179171719311125      0.020413002208609733     0.08                     -7.674523777508241E-10   0.001179171719311125     0.02041300220860973
7.437038787910809E-4      0.020337802410044407     0.08                     -1.2200033840110251E-9   7.437038787910809E-4     0.020337802410044407
8.795218400167323E-4      0.020659503447774327     0.08                     -8.784011017524531E-10   8.795218400167324E-4     0.020659503447774327
7.159589611776307E-4      0.020765954819258296     0.08                     -9.244124649739749E-10   7.159589611776307E-4     0.0207659548192583
7.268673432073309E-4      0.020524510076480068     0.08                     -1.0984740649025559E-9   7.268673432073309E-4     0.020524510076480068
5.609361089818693E-4      0.02094593177397827      0.08000000000000002      -8.77372941113775E-10    5.609361089818693E-4     0.02094593177397827
7.516297394712657E-4      0.021033593738591424     0.08                     -7.491733408069705E-10   7.516297394712657E-4     0.021033593738591424
5.245504258498276E-4      0.021145116941333177     0.08                     -7.602429927672949E-10   5.245504258498276E-4     0.021145116941333173
5.470339317129866E-4      0.02037338131637734      0.08                     -1.5650581558300854E-9   5.470339317129868E-4     0.02037338131637734
4.7490230546520665E-4     0.020757141277468305     0.08                     -1.1010208670394099E-9   4.7490230546520665E-4    0.020757141277468305
5.631077522835136E-4      0.0205896241739991       0.08                     -1.2223562946603893E-9   5.631077522835136E-4     0.0205896241739991
3.655882986841831E-4      0.020545839994778416     0.08000000000000002      -1.5807693173278673E-9   3.6558829868418304E-4    0.020545839994778412
2.9480938361072754E-4     0.020751188831586262     0.08                     -1.236338330207857E-9    2.9480938361072754E-4    0.020751188831586262
1.2371842821474294E-4     0.020635968759689233     0.08                     -1.61196314529951E-9     1.2371842821474294E-4    0.020635968759689233
1.8134490999463613E-4     0.020398069320254703     0.08                     -2.5119176679143686E-9   1.8134490999463613E-4    0.020398069320254703
-2.2397814338824627E-6    0.02045957319115227      0.08                     -2.3927607141988358E-9   -2.2397814338824627E-6   0.02045957319115227
-3.386518854459461E-4     0.020740007393330873     0.08000000000000002      -1.2255309802409778E-9   -3.386518854459461E-4    0.020740007393330873
-2.107343525150242E-4     0.02087311191572902      0.08                     -1.094620225207234E-9    -2.1073435251502422E-4   0.02087311191572902
-4.491122604686524E-4     0.020943594536487226     0.08                     -9.265260377099175E-10   -4.4911226046865244E-4   0.020943594536487226
-2.8035019392262683E-4    0.021064943277612797     0.08                     -8.759319565975807E-10   -2.8035019392262683E-4   0.021064943277612797
1.4400322678806475E-4     0.020883506610808948     0.08                     -1.0999714320031482E-9   1.4400322678806475E-4    0.02088350661080895
3.6392567874900597E-4     0.020977107616645757     0.08                     -9.294005315775634E-10   3.6392567874900597E-4    0.020977107616645757
1.527648182497222E-4      0.021089159004016075     0.08                     -8.772851351446259E-10   1.527648182497222E-4     0.021089159004016075
3.063801326866996E-4      0.021246915416435322     0.08                     -7.448671703385429E-10   3.0638013268669955E-4    0.021246915416435325
5.786640685829288E-5      0.0212568209626832       0.08                     -7.606803428364504E-10   5.786640685829288E-5     0.021256820962683196
1.7585797962865225E-4     0.01915079203670543      0.08                     -1.1352697240665787E-9   1.7585797962865225E-4    0.01915079203670543
2.9251904926470655E-4     0.018988413610960733     0.08                     -9.211155131898441E-10   2.925190492647066E-4     0.018988413610960733
3.77479476935646E-4       0.019227523782792293     0.07999999999999999      -1.1525548186904266E-9   3.77479476935646E-4      0.019227523782792296
0.0010247695407464804     0.019374864600141165     0.08                     -8.023484091715813E-10   0.0010247695407464804    0.019374864600141165
0.0010228495259916946     0.01918200902084691      0.08                     -7.321386499535356E-10   0.0010228495259916946    0.01918200902084691
0.0011607362536466847     0.019324193099430502     0.08                     -7.132197420273674E-10   0.0011607362536466847    0.019324193099430502
7.301892615052617E-4      0.01950884513954806      0.07999999999999999      -1.122823148393884E-9    7.301892615052617E-4     0.01950884513954806
5.720094381095555E-4      0.019613703690609163     0.08000000000000002      -1.4912093538245368E-9   5.720094381095555E-4     0.019613703690609163
5.765820082349919E-4      0.019382869247700118     0.08                     -1.1748860303363572E-9   5.765820082349918E-4     0.019382869247700118
8.107622117078446E-4      0.019313020077769676     0.08                     -9.131900745930549E-10   8.107622117078445E-4     0.019313020077769676
4.8059037508430664E-4     0.01901886579346857      0.08000000000000002      -8.863160651391343E-10   4.805903750843067E-4     0.01901886579346857
6.232041010667702E-4      0.019152803180268275     0.08000000000000002      -9.233201652359305E-10   6.232041010667701E-4     0.019152803180268272
3.7564239180447247E-4     0.019495275514609764     0.08                     -1.665379945729635E-9    3.756423918044724E-4     0.019495275514609764
3.9455461747273785E-4     0.019757074616396756     0.08                     -2.380255984595479E-9    3.945546174727379E-4     0.019757074616396756
1.9905057426393977E-4     0.019658792797239685     0.08                     -2.765098241133631E-9    1.990505742639398E-4     0.019658792797239685
4.603101596123459E-5      0.019745453502054353     0.08                     -3.657037575457658E-9    4.603101596123459E-5     0.019745453502054353
3.682938124412757E-6      0.019595310403664523     0.08                     -2.7054302943923825E-9   3.682938124412757E-6     0.019595310403664523
1.7304597610414145E-4     0.01988022081596625      0.07999999999999999      -3.994310855701848E-9    1.7304597610414145E-4    0.019880220815966246
2.2786801164585062E-4     0.02016274440877966      0.08                     -3.5424632623329676E-9   2.2786801164585056E-4    0.02016274440877966
1.4416960956188272E-5     0.0200471638728962       0.08000000000000002      -4.6620403868888724E-9   1.4416960956188272E-5    0.020047163872896203
-1.5520170780833472E-6    0.02027210287422586      0.08000000000000002      -3.579708030960997E-9    -1.5520170780833472E-6   0.02027210287422586
-1.72818183810597E-4      0.020401325594052784     0.08                     -2.5110152728813237E-9   -1.72818183810597E-4     0.02040132559405278
3.5439356365565746E-4     0.02033202697954382      0.08000000000000002      -2.256226679349573E-9    3.5439356365565746E-4    0.02033202697954382
3.1759436957638873E-5     0.018969752414724234     0.08                     -9.4170338268326E-10     3.1759436957638873E-5    0.018969752414724234
1.8379037877113834E-5     0.01920181431244887      0.08                     -1.2525730440632245E-9   1.8379037877113834E-5    0.01920181431244887
1.5309395584657234E-4     0.019380641771260892     0.08                     -1.6343121056523027E-9   1.530939558465723E-4     0.019380641771260892
-1.616994683472403E-4     0.018927688376366998     0.08000000000000002      -8.917445761855907E-10   -1.616994683472403E-4    0.018927688376366998
-1.430616323238345E-4     0.01913701057694328      0.08                     -1.1268200393310555E-9   -1.4306163232383448E-4   0.01913701057694328
-2.888234564659696E-4     0.019245623379112575     0.08000000000000002      -1.2349109817097973E-9   -2.888234564659696E-4    0.019245623379112575
-1.2237053486291005E-4    0.019376605693718477     0.08                     -1.6474389702414038E-9   -1.2237053486291005E-4   0.01937660569371848
-3.664844625792887E-4     0.019020321064912908     0.07999999999999999      -9.262680241525007E-10   -3.6648446257928877E-4   0.01902032106491291
-5.624472435075537E-4     0.019054269422003126     0.07999999999999999      -8.773810010131926E-10   -5.624472435075537E-4    0.019054269422003126
-4.674280317676409E-4     0.019247466001610286     0.07999999999999999      -1.112249472428692E-9    -4.6742803176764086E-4   0.019247466001610286
4.5528895284898703E-4     0.018807346751896305     0.08                     -7.520350613942296E-10   4.5528895284898703E-4    0.0188073467518963
1.901530233905241E-4      0.018729574989394482     0.07999999999999999      -7.470545110683782E-10   1.901530233905241E-4     0.018729574989394482
-5.462973393330123E-5     0.018723628420633007     0.08                     -7.505721835980588E-10   -5.462973393330123E-5    0.018723628420633007
-7.760292242939413E-4     0.01894957520245484      0.08000000000000002      -7.327069862637436E-10   -7.760292242939413E-4    0.018949575202454844
-5.417458423077903E-4     0.018840694399204258     0.08                     -7.485263932925147E-10   -5.417458423077902E-4    0.018840694399204258
-3.1753697866524253E-4    0.01873555686653287      0.08                     -7.347495118213044E-10   -3.1753697866524253E-4   0.01873555686653287
1.554533871551589E-4      0.02141794264274624      0.08                     -6.673674076365144E-10   1.554533871551589E-4     0.02141794264274624
3.286544551185562E-4      0.02147824894252244      0.08                     -6.269490333637438E-10   3.286544551185562E-4     0.02147824894252244
0.001373853220790866      0.02038932037761075      0.08                     -6.676884714246097E-10   0.001373853220790866     0.02038932037761075
0.00148465203158021       0.02026474732636057      0.08000000000000002      -6.308950021061579E-10   0.00148465203158021      0.02026474732636057
0.001482848351548184      0.020063823202883857     0.08                     -6.415459284589636E-10   0.001482848351548184     0.020063823202883857
0.0014405292580705392     0.01982822886282369      0.08                     -6.573307194261067E-10   0.0014405292580705392    0.01982822886282369
0.0013885017507186321     0.01960075663266538      0.08                     -6.60421963790469E-10    0.001388501750718632     0.01960075663266538
0.0013503466305172336     0.019378706147208886     0.08                     -6.414300471819613E-10   0.0013503466305172336    0.019378706147208883
0.0012608990140864811     0.019156604104478656     0.08                     -6.282730163059843E-10   0.0012608990140864811    0.019156604104478656
7.809889388084779E-4      0.019685622833011174     0.08                     -1.1805809424253402E-9   7.809889388084779E-4     0.019685622833011174
6.466223442455222E-4      0.019867744754525185     0.07999999999999999      -1.5717110803916851E-9   6.466223442455222E-4     0.019867744754525185
0.0013282586671156675     0.020619087391177342     0.08                     -6.497887814267592E-10   0.0013282586671156673    0.020619087391177345
0.0010997075386132153     0.020666171606197523     0.08                     -7.446775373052007E-10   0.0010997075386132151    0.020666171606197523
5.207735579096094E-4      0.02138735922289718      0.08                     -6.416638833884338E-10   5.207735579096094E-4     0.02138735922289718
6.792866747627911E-4      0.021253029101562945     0.08                     -6.680619114599994E-10   6.792866747627911E-4     0.021253029101562945
8.684728901110671E-4      0.021242947135711628     0.08                     -6.268129692214833E-10   8.684728901110671E-4     0.021242947135711628
0.0012719954860942575     0.02081296876894992      0.08                     -6.299451425656272E-10   0.0012719954860942575    0.02081296876894992
-5.287198688205218E-4     0.02072137676588281      0.08                     -1.100747164375993E-9    -5.287198688205219E-4    0.02072137676588281
-6.590210591535706E-4     0.020880528136627143     0.08                     -8.773459297872099E-10   -6.590210591535706E-4    0.020880528136627143
-1.99000433806912E-4      0.021272014561800577     0.08                     -7.426026925053212E-10   -1.99000433806912E-4     0.02127201456180058
-4.853896012098715E-5     0.021039966931805043     0.08                     -9.298180849619025E-10   -4.853896012098715E-5    0.021039966931805043
-4.4279832979892547E-4    0.02119208103558911      0.08000000000000002      -7.523671129794426E-10   -4.4279832979892547E-4   0.021192081035589113
-6.65525081619618E-4      0.021092594938264392     0.08                     -7.47779524383145E-10    -6.655250816196181E-4    0.021092594938264396
-8.663660791956839E-4     0.02092917226186665      0.08                     -7.536666507158758E-10   -8.663660791956839E-4    0.02092917226186665
9.26295020757258E-4       0.0208469780447465       0.08                     -7.635927564894945E-10   9.262950207572579E-4     0.0208469780447465
9.99318519499077E-4       0.021082137460958633     0.08                     -6.461228850681291E-10   9.993185194990767E-4     0.021082137460958633
0.0011109017580431938     0.020899286734606143     0.07999999999999999      -6.666325846873247E-10   0.0011109017580431938    0.020899286734606143
9.476078827827042E-4      0.0204422072676365       0.08                     -9.272538867193916E-10   9.476078827827042E-4     0.020442207267636497
-3.4060729759979196E-4    0.02031872208352347      0.08000000000000002      -2.3548677742312736E-9   -3.4060729759979196E-4   0.02031872208352347
-1.9872345495377023E-4    0.020168899360122866     0.08                     -3.637819642923908E-9    -1.9872345495377023E-4   0.020168899360122866
-0.0010523641574118245    0.020766342144710313     0.08                     -7.354573340370355E-10   -0.0010523641574118248   0.020766342144710317
-7.795358920512291E-4     0.02071021925435152      0.08                     -9.188099737270436E-10   -7.795358920512293E-4    0.020710219254351517
-9.481991833486871E-4     0.02055815750404008      0.07999999999999999      -8.790548677553693E-10   -9.48199183348687E-4     0.02055815750404008
-5.961554922370276E-4     0.020551421532227707     0.08                     -1.230352957337358E-9    -5.961554922370276E-4    0.020551421532227707
-7.596207027203558E-4     0.020467640127753844     0.08000000000000002      -1.1055865047414911E-9   -7.596207027203558E-4    0.020467640127753844
-5.569100494969462E-4     0.020346501744588        0.08                     -1.5879869377153696E-9   -5.569100494969462E-4    0.020346501744587995
-4.3393266259407134E-4    0.020152754438526224     0.08000000000000002      -2.3845975549334787E-9   -4.3393266259407134E-4   0.020152754438526224
-7.611456529763954E-4     0.02028609875877525      0.08                     -1.2276002436412249E-9   -7.611456529763954E-4    0.02028609875877525
-6.451373418071919E-4     0.020112137200183802     0.08                     -1.5906649835788532E-9   -6.451373418071919E-4    0.020112137200183806
-8.207174810823464E-4     0.019971474651405627     0.08                     -1.213843122077637E-9    -8.207174810823464E-4    0.019971474651405627
-6.492342465320085E-4     0.019856176201133724     0.08                     -1.5562509665190123E-9   -6.492342465320085E-4    0.019856176201133724
-1.5670725612321765E-4    0.019954130379179293     0.08                     -4.221206550786005E-9    -1.5670725612321765E-4   0.01995413037917929
-1.70912565659992E-4      0.01962356666147184      0.07999999999999999      -2.6577093182118533E-9   -1.70912565659992E-4     0.01962356666147184
-5.641197169112781E-4     0.0194033091043776       0.08                     -1.2111567196898617E-9   -5.641197169112781E-4    0.0194033091043776
-3.518838357243584E-4     0.019464809336451346     0.07999999999999999      -1.6287685403390957E-9   -3.5188383572435847E-4   0.019464809336451342
-3.205501089060403E-4     0.019703349245653735     0.08                     -2.518647781821188E-9    -3.2055010890604023E-4   0.019703349245653732
-5.439033035854758E-4     0.01963335388789432      0.08                     -1.5841819282321565E-9   -5.439033035854758E-4    0.019633353887894316
-4.817541876523172E-4     0.019997484198698158     0.07999999999999999      -2.2778387641196845E-9   -4.817541876523172E-4    0.019997484198698158
-3.302553317070378E-4     0.01999398936596656      0.08                     -3.1834612523184074E-9   -3.3025533170703787E-4   0.019993989365966556
-4.266113624660316E-4     0.019847448229851586     0.08000000000000002      -2.4292541873107973E-9   -4.2661136246603155E-4   0.019847448229851586
-2.8305887290075817E-4    0.01985440484087784      0.08                     -3.260249479436864E-9    -2.8305887290075817E-4   0.01985440484087784
-0.001159325981545718     0.020530527980222923     0.08                     -7.52317723933688E-10    -0.001159325981545718    0.020530527980222923
-0.001262773079952289     0.020318084327218117     0.07999999999999999      -7.364692712279525E-10   -0.001262773079952289    0.020318084327218117
-9.827408258317413E-4     0.020365173098846154     0.08                     -9.261251974561737E-10   -9.82740825831741E-4     0.02036517309884615
-8.848090567173172E-4     0.020139987640155045     0.08                     -1.100682477422206E-9    -8.848090567173172E-4    0.02013998764015504
-0.0010936423891839144    0.020154198973560855     0.08                     -8.766727610427779E-10   -0.0010936423891839144   0.020154198973560855
-7.157819557931752E-4     0.019230908713417677     0.08                     -9.219630935432512E-10   -7.157819557931752E-4    0.019230908713417677
-9.409650592306485E-4     0.019135417181175778     0.08                     -7.492758019802747E-10   -9.409650592306485E-4    0.01913541718117578
-0.0010514186583835772    0.01996319344755635      0.07999999999999999      -9.23095080699835E-10    -0.0010514186583835772   0.019963193447556347
-7.265129366957425E-4     0.019475818974864938     0.08                     -1.0986277258456708E-9   -7.265129366957425E-4    0.01947581897486494
-8.822506013489522E-4     0.01978758012696898      0.08                     -1.0830674132258864E-9   -8.822506013489523E-4    0.01978758012696898
-7.591914335038055E-4     0.019656910634846578     0.07999999999999999      -1.1919622392088333E-9   -7.591914335038055E-4    0.019656910634846578
-8.848482976022999E-4     0.01933699478133548      0.07999999999999999      -8.732399078330222E-10   -8.848482976022999E-4    0.01933699478133548
-9.55976440847549E-4      0.019560407138015087     0.07999999999999999      -9.208504178942352E-10   -9.559764408475491E-4    0.019560407138015084
-0.0010688375078146061    0.019726187796976356     0.07999999999999999      -8.765176699414775E-10   -0.0010688375078146061   0.019726187796976356
-0.0012662394722344412    0.020055148128557465     0.08                     -7.577603379672829E-10   -0.0012662394722344412   0.020055148128557465
-0.001274017185167921     0.01980429661417093      0.08                     -7.442148471989198E-10   -0.0012740171851679213   0.019804296614170932
-0.0011953630859752517    0.01955481889686273      0.08                     -7.51595681417429E-10    -0.0011953630859752517   0.019554818896862728
-0.0011099537463245552    0.01933191246780441      0.08                     -7.389122818857325E-10   -0.0011099537463245552   0.01933191246780441
-2.6263008264031497E-5    0.020811281231459658     0.07999999999999999      -1.228271925268893E-9    -2.6263008264031497E-5   0.020811281231459658
-1.4264489078458242E-4    0.020638838160856418     0.08                     -1.5890163334153396E-9   -1.4264489078458245E-4   0.020638838160856415
-3.747044721782966E-4     0.020533350344588627     0.08                     -1.5967835331873003E-9   -3.747044721782965E-4    0.020533350344588624
-9.147837032795006E-4     0.02111152100582534      0.08                     -6.612060524373824E-10   -9.147837032795006E-4    0.02111152100582534
-8.243304661829889E-4     0.021280912050680167     0.08                     -6.234266524039976E-10   -8.24330466182989E-4     0.021280912050680167
-6.317483980460482E-4     0.021338491790515137     0.08                     -6.420293685202061E-10   -6.317483980460482E-4    0.021338491790515137
-4.027312366027193E-4     0.02138977023180436      0.07999999999999999      -6.572450110576969E-10   -4.0273123660271927E-4   0.02138977023180436
-2.7056902510566485E-4    0.021495836043504225     0.08                     -6.24586440420181E-10    -2.7056902510566485E-4   0.021495836043504225
-6.700135281447481E-5     0.02146918080156352      0.08                     -6.463477537938461E-10   -6.700135281447481E-5    0.021469180801563518
0.0010843345570539056     0.018954815136961192     0.08                     -6.330355482694313E-10   0.0010843345570539056    0.018954815136961192
6.692111353202444E-4      0.01890538915899389      0.08                     -7.483072114014033E-10   6.692111353202444E-4     0.018905389158993893
8.471508145800866E-4      0.019034339726192527     0.08000000000000002      -7.474296159636593E-10   8.471508145800867E-4     0.01903433972619253
8.770607604154159E-4      0.018759156460961865     0.08                     -6.27131140084782E-10    8.77060760415416E-4      0.01875915646096186
-1.7158737014625648E-4    0.01978941060681081      0.08                     -3.572432818365806E-9    -1.7158737014625648E-4   0.019789410606810807
-2.4821841623915374E-5    0.01987091572428816      0.08000000000000002      -4.3859391732032955E-9   -2.4821841623915374E-5   0.01987091572428816
-6.478997751545507E-5     0.01972508142726306      0.08000000000000002      -3.499896627104501E-9    -6.478997751545507E-5    0.01972508142726306
-0.0011109274994315754    0.020988440456779875     0.08000000000000002      -6.398112180536925E-10   -0.0011109274994315754   0.020988440456779875
6.105983942890809E-4      0.018613212414507245     0.07999999999999999      -6.291189885240772E-10   6.105983942890809E-4     0.01861321241450725
4.106645827280509E-4      0.018611662912985986     0.07999999999999999      -6.596269535837622E-10   4.1066458272805086E-4    0.018611662912985986
2.5503054570351845E-4     0.01850262844084649      0.08                     -6.276527697698296E-10   2.5503054570351845E-4    0.01850262844084649
-0.0014055386455252249    0.020512782479211893     0.08000000000000002      -6.369564434256972E-10   -0.0014055386455252249   0.020512782479211896
-0.0014366062871116803    0.020147995924401516     0.08000000000000002      -6.610519644301739E-10   -0.0014366062871116803   0.020147995924401516
-0.0015048231108641314    0.020327403349394774     0.08                     -6.184393975532298E-10   -0.0015048231108641314   0.020327403349394774
-0.0011340052220173518    0.019088500926346827     0.08                     -6.549419557492938E-10   -0.0011340052220173518   0.019088500926346827
-0.0012930706621415778    0.01917335746502219      0.08                     -6.198326593732248E-10   -0.0012930706621415778   0.01917335746502219
-0.0010271352437274748    0.01890762316225527      0.08000000000000002      -6.348663459727916E-10   -0.0010271352437274748   0.018907623162255274
4.744944329455853E-5      0.01849490113199096      0.08                     -6.331887089914608E-10   4.744944329455853E-5     0.018494901131990957
-1.563774397856509E-4     0.018557885666057393     0.07999999999999999      -6.577773351095957E-10   -1.563774397856509E-4    0.018557885666057393
-8.738379953509704E-4     0.018744903770773085     0.08                     -6.219365056610649E-10   -8.738379953509704E-4    0.018744903770773085
-6.974753546344127E-4     0.018725151415175927     0.07999999999999999      -6.55913397790055E-10    -6.974753546344127E-4    0.018725151415175927
-5.222416733781919E-4     0.018591195839578828     0.08                     -6.339628982902869E-10   -5.222416733781919E-4    0.018591195839578828
-3.277081024913992E-4     0.018507467149495208     0.08000000000000002      -6.232963142777516E-10   -3.277081024913992E-4    0.018507467149495208
4.6511856773181494E-4     0.021638049731684        0.08000000000000002      -5.554909227338673E-10   4.65118567731815E-4      0.021638049731684
1.6090927323724716E-4     0.021690961602737605     0.07999999999999999      -5.568324188655883E-10   1.6090927323724716E-4    0.021690961602737608
0.0015904921167332739     0.020478523890353165     0.08                     -5.707876858201398E-10   0.0015904921167332743    0.020478523890353168
0.001676972895408575      0.020223581846955035     0.08                     -5.601010451461184E-10   0.0016769728954085753    0.020223581846955035
0.0016841836023937253     0.01990218057504653      0.08                     -5.620251832623318E-10   0.0016841836023937255    0.01990218057504653
0.0015961450193984375     0.01942970687118359      0.08                     -5.598944340156742E-10   0.0015961450193984377    0.01942970687118359
0.0015741394615797644     0.01969219427665122      0.08                     -5.923397230256434E-10   0.0015741394615797644    0.01969219427665122
0.001457512251995968      0.01914909111708791      0.08                     -5.625404271691313E-10   0.001457512251995968     0.019149091117087905
0.0013234364660807255     0.018910517855851697     0.08000000000000002      -5.537120769016816E-10   0.0013234364660807253    0.018910517855851697
0.0015009435198622438     0.020833862212348016     0.08                     -5.513593836394117E-10   0.0015009435198622438    0.020833862212348012
7.924691167931607E-4      0.021506456024420112     0.08                     -5.560312869953897E-10   7.924691167931607E-4     0.021506456024420112
0.001059526520449863      0.021345268411350413     0.08000000000000002      -5.527756989904976E-10   0.001059526520449863     0.021345268411350413
0.0012944864506652708     0.02107421941510451      0.08                     -5.630900857853273E-10   0.001294486450665271     0.02107421941510451
0.001755934592889817      0.020737711898695145     0.08                     -4.954558696248578E-10   0.0017559345928898171    0.020737711898695145
-0.0012818547210428504    0.020691226024357787     0.08                     -6.546736284926042E-10   -0.0012818547210428504   0.020691226024357787
-0.0012712109248140396    0.020863864472203234     0.07999999999999999      -6.188162297174716E-10   -0.0012712109248140396   0.020863864472203234
-0.001388269542194751     0.019589680428401722     0.08                     -6.589740593960409E-10   -0.001388269542194751    0.019589680428401722
-0.0015034945364761786    0.019731718523833517     0.07999999999999999      -6.237028110607401E-10   -0.0015034945364761786   0.019731718523833517
-0.0014869185958536128    0.019942162635214596     0.08                     -6.407249619976613E-10   -0.001486918595853613    0.019942162635214592
-0.001368266377529459     0.019380575906879603     0.08                     -6.340185793909346E-10   -0.001368266377529459    0.019380575906879607
-0.0011045332394548325    0.021307735976136437     0.08                     -5.527287517505313E-10   -0.0011045332394548325   0.02130773597613644
-8.476129667562477E-4     0.021485966494078718     0.08                     -5.527069325960749E-10   -8.476129667562476E-4    0.021485966494078718
-4.982496416376951E-4     0.021636848162991874     0.08                     -5.525593619194794E-10   -4.982496416376952E-4    0.021636848162991877
-2.0911900948988253E-4    0.021677282775606495     0.08000000000000002      -5.594230624524168E-10   -2.0911900948988255E-4   0.02167728277560649
7.175867309739087E-4      0.021751045495033698     0.08                     -4.985173706289458E-10   7.175867309739087E-4     0.021751045495033698
9.930851368783516E-4      0.01856559596923227      0.08                     -5.436312889772858E-10   9.930851368783516E-4     0.01856559596923227
0.0011544362229232081     0.01866413790667282      0.08000000000000002      -5.369663453910524E-10   0.001154436222923208     0.01866413790667282
7.852864996517405E-4      0.018439625582631885     0.08000000000000002      -5.42941533779356E-10    7.852864996517405E-4     0.018439625582631885
-0.0013706482718309568    0.021036723461054174     0.08                     -5.509676207860539E-10   -0.0013706482718309568   0.021036723461054174
-0.0015235028074394514    0.020792828212737143     0.08                     -5.518528085549616E-10   -0.0015235028074394514   0.020792828212737143
4.902872754907952E-4      0.018356299901674283     0.08000000000000002      -5.535348444843562E-10   4.902872754907951E-4     0.018356299901674283
1.7171086358676378E-4     0.018275158043481367     0.07999999999999999      -5.476121097286489E-10   1.7171086358676378E-4    0.018275158043481367
-0.0016654366058704339    0.02044224312301727      0.08                     -5.501715928264432E-10   -0.0016654366058704336   0.020442243123017265
-0.001712534122564636     0.020139688421595883     0.08                     -5.519055553132577E-10   -0.0017125341225646359   0.020139688421595883
-0.0016530833367242115    0.019498405808397862     0.08                     -5.48865620592269E-10    -0.001653083336724211    0.019498405808397862
-0.0013268728672379305    0.01890433469837998      0.08                     -5.510692345627533E-10   -0.0013268728672379305   0.018904334698379984
-0.001514359146486921     0.019156410710768224     0.08                     -5.468764010086567E-10   -0.0015143591464869212   0.019156410710768224
-0.0010771650038326433    0.0186498195289037       0.08000000000000002      -5.488109069242121E-10   -0.0010771650038326433   0.0186498195289037
-1.7115684507049362E-4    0.01829409673666322      0.08000000000000002      -5.537270370196375E-10   -1.7115684507049362E-4   0.018294096736663216
-8.111512836693208E-4     0.018484406941363014     0.07999999999999999      -5.518076929817823E-10   -8.111512836693209E-4    0.018484406941363014
-4.8631731641859933E-4    0.01833461080312126      0.08                     -5.468943835016066E-10   -4.863173164185993E-4    0.01833461080312126
-1.3191542197311858E-5    0.021900334586996376     0.08                     -4.961999513960726E-10   -1.3191542197311858E-5   0.021900334586996376
0.0018968226892026353     0.020005704268325066     0.08                     -4.983492324561478E-10   0.0018968226892026353    0.020005704268325066
0.0017733181168385647     0.019246020398472726     0.08                     -4.907603576644034E-10   0.0017733181168385647    0.019246020398472726
0.0013666334268205836     0.018634346989333996     0.08                     -4.893763170437727E-10   0.0013666334268205836    0.018634346989333996
0.001339897964976126      0.021344469966006523     0.08                     -4.970662352128403E-10   0.001339897964976126     0.021344469966006523
-0.0016958631394879847    0.019799623803308384     0.08                     -5.553496425040127E-10   -0.0016958631394879845   0.019799623803308384
-0.0013683030376739382    0.02134256671118035      0.07999999999999999      -4.921945538340652E-10   -0.0013683030376739382   0.02134256671118035
-7.554815720539898E-4     0.021780668314947002     0.08000000000000002      -4.871692227834925E-10   -7.554815720539898E-4    0.021780668314947002
7.421365963631095E-4      0.018202387469105085     0.08                     -4.866929445065276E-10   7.421365963631095E-4     0.018202387469105085
-0.0017913975150058116    0.02073033271913522      0.08000000000000002      -4.880628137754713E-10   -0.0017913975150058118   0.02073033271913522
-4.98254839068963E-7      0.018053508851166963     0.08                     -4.866047398980072E-10   -4.98254839068963E-7     0.018053508851166963
-0.0019045844795695657    0.01999036160994244      0.07999999999999999      -4.962459918298395E-10   -0.0019045844795695659   0.01999036160994244
-0.0017993329143236973    0.019238714510963442     0.08                     -4.839092781228062E-10   -0.0017993329143236973   0.019238714510963442
-0.0014110058798317317    0.018587452100175764     0.08                     -4.736425275438386E-10   -0.0014110058798317317   0.018587452100175764
-7.52710745874533E-4      0.018162299527559784     0.07999999999999999      -4.761845682174223E-10   -7.52710745874533E-4     0.018162299527559784
