% Model:              pcal_mirror_deformation_3d_2beams.mph
% Version:            COMSOL 5.6.0.401
% Date:               Nov 11 2025, 14:12
% Dimension:          3
% Nodes:              1031
% Expressions:        3
% Description:        Displacement field, Z component, x-coordinate, y-coordinate
% Length unit:        m
% X                       Y                        Z                        w (m)                    x (m)                    y (m)
-0.03749991673258768      -0.0649518044021882      0.07999999999999999      -3.4149602673519955E-12  -0.03749991673258768     -0.0649518044021882
-0.030505208658311148     -0.0685158545617348      0.08                     -3.443449917899799E-12   -0.030505208658311148    -0.0685158545617348
-0.03154725363906519      -0.06061677110336079     0.07999999999999999      -6.139030554427264E-12   -0.03154725363906519     -0.060616771103360785
-0.023176256720120806     -0.07132922749615196     0.08                     -3.4695387471442016E-12  -0.023176256720120806    -0.07132922749615196
-0.025060863957122818     -0.06322653110663848     0.07999999999999999      -6.295967571244687E-12   -0.025060863957122818    -0.06322653110663846
-0.04408387140455927      -0.06067628449743351     0.08000000000000002      -3.3837148059325812E-12  -0.04408387140455927     -0.06067628449743351
-0.03752098104317226      -0.05642142610580951     0.08                     -6.335202822781407E-12   -0.03752098104317226     -0.05642142610580952
-0.05018470437959347      -0.0557357969065981      0.08000000000000002      -3.3489335953387028E-12  -0.05018470437959347     -0.0557357969065981
-0.043181807870897745     -0.052831234437453516    0.08                     -6.1080822620088216E-12  -0.04318180787089775     -0.052831234437453516
-0.05573575828807775      -0.050184747272377414    0.08                     -3.310042997208556E-12   -0.05573575828807775     -0.05018474727237741
-0.0485822971959604       -0.04765706048845874     0.08                     -6.137427614028692E-12   -0.048582297195960404    -0.04765706048845874
-0.053026168480072425     -0.04283372397753847     0.08                     -6.055940749953957E-12   -0.05302616848007242     -0.04283372397753848
-0.06067625057185087      -0.04408391809753979     0.07999999999999997      -3.2769503889815244E-12  -0.060676250571850866    -0.04408391809753979
-0.06495177554317576      -0.037499966716002406    0.08                     -3.2459276997233327E-12  -0.06495177554317576     -0.037499966716002406
-0.057399955327677755     -0.03677545710026006     0.08                     -6.015189873803853E-12   -0.057399955327677755    -0.03677545710026006
-0.060913807649305284     -0.03120634924537946     0.08                     -5.874409536524856E-12   -0.060913807649305284    -0.03120634924537946
-0.06851583108803186      -0.030505261385574422    0.07999999999999999      -3.218771656694914E-12   -0.06851583108803186     -0.030505261385574422
-0.0638602180430547       -0.024207654201229868    0.08000000000000002      -5.901575021883534E-12   -0.0638602180430547      -0.024207654201229865
-0.07132920965948432      -0.0231763116112057      0.07999999999999999      -3.196850389707898E-12   -0.07132920965948432     -0.0231763116112057
-0.06610654831758116      -0.017934291700695305    0.08000000000000002      -5.802228519053713E-12   -0.06610654831758116     -0.017934291700695302
-0.07335999609166174      -0.015593239986274838    0.07999999999999997      -3.1798376444561056E-12  -0.07335999609166174     -0.01559323998627484
-0.07458787050279471      -0.007839467289912918    0.07999999999999997      -3.166987522279869E-12   -0.07458787050279471     -0.007839467289912918
-0.06725264981409064      -0.010499272903904115    0.08                     -5.95778588654298E-12    -0.06725264981409064     -0.010499272903904115
-0.06820708183435661      -0.003386820628879121    0.08                     -5.859344306554114E-12   -0.06820708183435663     -0.003386820628879121
-0.075                    0                        0.08                     -3.164902941218311E-12   -0.075                   0
-0.01813527709108868      -0.06608714769231737     0.08000000000000002      -6.110905763903572E-12   -0.01813527709108868     -0.06608714769231737
-0.015593346475658632     -0.07336097335751122     0.08000000000000002      -3.483653475342002E-12   -0.015593346475658632    -0.07336097335751122
-0.007839626105999796     -0.07458908596708065     0.08                     -3.4924630277849333E-12  -0.007839626105999796    -0.07458908596708065
-0.011763067793403        -0.0676084873949977      0.08                     -6.0896162160648305E-12  -0.011763067793403       -0.0676084873949977
0                         -0.075                   0.08                     -3.499723592141255E-12   0                        -0.075
-0.004123549296785032     -0.06830976569667059     0.08                     -6.179124583366417E-12   -0.004123549296785032    -0.06830976569667059
0.007839467289912918      -0.07458787050279471     0.07999999999999997      -3.4959474708140893E-12  0.007839467289912918     -0.07458787050279471
0.002664252080924875      -0.0684630330260481      0.08000000000000002      -6.1478195553368175E-12  0.002664252080924875     -0.0684630330260481
-0.07458908596708065      0.007839626105999796     0.08                     -3.1684007421192905E-12  -0.07458908596708065     0.007839626105999796
-0.06776670222889676      0.003991669462413354     0.07999999999999999      -6.023547250653903E-12   -0.06776670222889676     0.003991669462413354
-0.07336097335751122      0.015593346475658632     0.08000000000000002      -3.1788541581322E-12     -0.07336097335751122     0.015593346475658632
-0.06730083307107715      0.010857481086416057     0.08000000000000002      -5.9164354800143975E-12  -0.06730083307107715     0.010857481086416057
-0.0649518044021882       0.03749991673258768      0.07999999999999999      -3.2479350406452763E-12  -0.0649518044021882      0.03749991673258768
-0.0685158545617348       0.030505208658311148     0.08                     -3.2213830250661036E-12  -0.0685158545617348      0.030505208658311148
-0.06048228906631721      0.031126484581673178     0.08                     -6.044709115569876E-12   -0.0604822890663172      0.031126484581673174
-0.057106829153977426     0.03735607212331308      0.08                     -5.9909572608546834E-12  -0.05710682915397742     0.03735607212331308
-0.06067628449743351      0.04408387140455927      0.08000000000000002      -3.279660383544676E-12   -0.06067628449743351     0.04408387140455927
-0.07132922749615196      0.023176256720120806     0.08                     -3.194130565822515E-12   -0.07132922749615196     0.023176256720120806
-0.06348012840018971      0.024473189116471922     0.08                     -6.008688457483125E-12   -0.0634801284001897      0.024473189116471922
-0.0653477356884976       0.018043808449642998     0.08                     -6.082184093281825E-12   -0.0653477356884976      0.018043808449642998
-0.0557357969065981       0.05018470437959347      0.08000000000000002      -3.3140052861397694E-12  -0.0557357969065981      0.05018470437959347
-0.05245189285590873      0.0430239043081532       0.08000000000000002      -6.190933041936E-12      -0.05245189285590873     0.0430239043081532
-0.050184747272377414     0.05573575828807775      0.08                     -3.34880009434376E-12    -0.05018474727237741     0.05573575828807775
-0.0477788316582659       0.04849522820225887      0.08                     -6.13505805763564E-12    -0.0477788316582659      0.04849522820225887
-0.04408391809753979      0.06067625057185087      0.07999999999999997      -3.378998581126244E-12   -0.04408391809753979     0.060676250571850866
-0.042086654144645665     0.05287374402836278      0.07999999999999999      -6.374436447182645E-12   -0.042086654144645665    0.05287374402836278
-0.037499966716002406     0.06495177554317576      0.08                     -3.4133446183554947E-12  -0.037499966716002406    0.06495177554317576
-0.03655441469126559      0.05724711345369138      0.08                     -6.275130984779595E-12   -0.03655441469126559     0.05724711345369138
0.015593239986274841      -0.07335999609166174     0.07999999999999997      -3.48570915459272E-12    0.015593239986274841     -0.07335999609166174
0.010304614309118514      -0.06750020534501026     0.08000000000000002      -6.2332291903150685E-12  0.010304614309118514     -0.06750020534501026
0.023176311611205702      -0.0713292096594843      0.07999999999999997      -3.4631436353207965E-12  0.023176311611205702     -0.0713292096594843
0.016933165588651853      -0.06602944891411676     0.08                     -6.2655020512873066E-12  0.016933165588651853     -0.06602944891411676
0.030505261385574422      -0.06851583108803186     0.07999999999999999      -3.442461246264845E-12   0.030505261385574422     -0.06851583108803186
0.037499966716002406      -0.06495177554317576     0.08                     -3.411899351385022E-12   0.037499966716002406     -0.06495177554317576
0.03021317522769563       -0.06088612269206729     0.08000000000000002      -6.291054163858869E-12   0.03021317522769563      -0.060886122692067286
0.024079809414251918      -0.0639051526063346      0.08                     -6.190248343490209E-12   0.024079809414251918     -0.0639051526063346
0.04408391809753979       -0.06067625057185087     0.07999999999999997      -3.379903341495433E-12   0.04408391809753979      -0.060676250571850866
0.036809331911200116      -0.057299410716720546    0.08000000000000002      -6.200259595952037E-12   0.036809331911200116     -0.057299410716720546
0.050184747272377414      -0.05573575828807775     0.08                     -3.3453977249756076E-12  0.05018474727237741      -0.05573575828807775
0.04215699583147834       -0.05323358293537579     0.08                     -6.244052288403524E-12   0.04215699583147834      -0.053233582935375785
0.0557357969065981        -0.05018470437959347     0.08000000000000002      -3.3100638322211845E-12  0.0557357969065981       -0.05018470437959347
0.06067628449743351       -0.04408387140455927     0.08000000000000002      -3.27885837703069E-12    0.06067628449743351      -0.04408387140455927
0.051746970306400186      -0.04312439090380478     0.08                     -6.3850292891133345E-12  0.051746970306400186     -0.04312439090380477
0.04795626129713285       -0.04803518637669342     0.08                     -6.21246991376662E-12    0.04795626129713285      -0.04803518637669341
-0.030505261385574422     0.06851583108803186      0.07999999999999999      -3.440536281535559E-12   -0.030505261385574422    0.06851583108803186
-0.030207657257808333     0.060456665572587776     0.08                     -6.446654221387547E-12   -0.030207657257808333    0.060456665572587776
-0.023176311611205702     0.0713292096594843       0.07999999999999997      -3.4633508121003702E-12  -0.023176311611205702    0.0713292096594843
-0.02396367887997563      0.06365836263280561      0.07999999999999999      -6.301720284621172E-12   -0.023963678879975633    0.06365836263280561
-0.007839467289912918     0.07458787050279471      0.07999999999999997      -3.4933386156616076E-12  -0.007839467289912918    0.07458787050279471
-0.015593239986274841     0.07335999609166174      0.07999999999999997      -3.48601562811067E-12    -0.015593239986274841    0.07335999609166174
-0.010244840116482943     0.06728783158027947      0.08000000000000002      -6.323164917709035E-12   -0.010244840116482941    0.06728783158027947
-0.016976786334599103     0.06540364664436639      0.08                     -6.505236818954876E-12   -0.016976786334599103    0.06540364664436639
0                         0.075                    0.08                     -3.5007513868577266E-12  0                        0.075
-0.0029819313952631696    0.06746999686482813      0.08                     -6.54358752707455E-12    -0.0029819313952631696   0.06746999686482813
0.007839626105999796      0.07458908596708065      0.08                     -3.493989250553068E-12   0.007839626105999796     0.07458908596708065
0.003772558723587373      0.0679090388951942       0.07999999999999999      -6.34979071409325E-12    0.003772558723587373     0.06790903889519419
0.023176256720120806      0.07132922749615196      0.08                     -3.46448109300159E-12    0.023176256720120806     0.07132922749615196
0.015593346475658632      0.07336097335751122      0.08000000000000002      -3.4824000072005024E-12  0.015593346475658632     0.07336097335751122
0.017927883061586117      0.06556154200009684      0.07999999999999999      -6.342941963035812E-12   0.017927883061586117     0.06556154200009684
0.010965737993029148      0.06676975332360742      0.07999999999999999      -6.483078037316155E-12   0.010965737993029148     0.06676975332360742
0.030505208658311148      0.0685158545617348       0.08                     -3.4455208232232077E-12  0.030505208658311148     0.0685158545617348
0.024475787718804244      0.06282483269340342      0.08                     -6.539583695133677E-12   0.02447578771880424      0.06282483269340343
0.03749991673258768       0.0649518044021882       0.07999999999999999      -3.4135334925066358E-12  0.03749991673258768      0.0649518044021882
0.031355531247970685      0.060182684403156196     0.08                     -6.3310700141054615E-12  0.031355531247970685     0.060182684403156196
0.04408387140455927       0.06067628449743351      0.08000000000000002      -3.3788862101389925E-12  0.04408387140455927      0.06067628449743351
0.03718417487026602       0.056217069078630034     0.08                     -6.479321880624666E-12   0.03718417487026602      0.056217069078630034
0.05018470437959347       0.0557357969065981       0.08000000000000002      -3.3439926628883477E-12  0.05018470437959347      0.0557357969065981
0.042987177688235984      0.05244760048801529      0.08                     -6.277313097410468E-12   0.042987177688235984     0.052447600488015285
0.0649518044021882        -0.03749991673258768     0.07999999999999999      -3.2465930009834256E-12  0.0649518044021882       -0.03749991673258768
0.056732666541888584      -0.03681726374338032     0.08                     -6.232469992106879E-12   0.056732666541888584     -0.03681726374338032
0.0685158545617348        -0.030505208658311148    0.08                     -3.217241315023917E-12   0.0685158545617348       -0.030505208658311148
0.060336778865548564      -0.030780849427787485    0.07999999999999999      -6.1582932776290545E-12  0.060336778865548564     -0.03078084942778748
0.07132922749615196       -0.023176256720120806    0.08                     -3.1938803417596505E-12  0.07132922749615196      -0.023176256720120806
0.06321731882002855       -0.024101961581798927    0.08000000000000002      -6.157951972220694E-12   0.06321731882002855      -0.024101961581798923
0.07336097335751122       -0.015593346475658632    0.08000000000000002      -3.179656086808158E-12   0.07336097335751122      -0.015593346475658632
0.06515930353885732       -0.018171521335998406    0.08000000000000002      -6.1416271971408316E-12  0.06515930353885734      -0.018171521335998406
0.07458908596708065       -0.007839626105999796    0.08                     -3.1664286132033005E-12  0.07458908596708065      -0.007839626105999796
0.06705551987065583       -0.011037640429678669    0.08                     -6.00267359515438E-12    0.06705551987065583      -0.011037640429678669
0.075                     0                        0.08                     -3.1617521602469753E-12  0.075                    0
0.06754081206922848       -0.004312547921349823    0.08                     -6.101650052106766E-12   0.06754081206922848      -0.004312547921349823
0.07458787050279471       0.007839467289912918     0.07999999999999997      -3.1660394362034935E-12  0.07458787050279471      0.007839467289912918
0.0675513216198141        0.0026628743232607957    0.08                     -6.1316242593346465E-12  0.0675513216198141       0.0026628743232607957
0.07335999609166174       0.015593239986274841     0.07999999999999997      -3.179556382200777E-12   0.07335999609166174      0.015593239986274841
0.06698070937991575       0.00996269386894634      0.08                     -6.096142262699116E-12   0.06698070937991575      0.00996269386894634
0.0713292096594843        0.023176311611205702     0.07999999999999997      -3.193887379610456E-12   0.0713292096594843       0.023176311611205702
0.06547015681180732       0.0167525027071265       0.08000000000000002      -6.164921171718512E-12   0.06547015681180733      0.0167525027071265
0.06851583108803186       0.030505261385574422     0.07999999999999999      -3.217912479201748E-12   0.06851583108803186      0.030505261385574422
0.06338456560482048       0.023701857597407        0.08                     -6.148575883200303E-12   0.06338456560482048      0.023701857597407002
0.05573575828807775       0.050184747272377414     0.08                     -3.310272940733573E-12   0.05573575828807775      0.05018474727237741
0.04805451150649109       0.04716377802724071      0.08                     -6.428612561995578E-12   0.04805451150649109      0.047163778027240706
0.06067625057185087       0.04408391809753979      0.07999999999999997      -3.2772700809160695E-12  0.060676250571850866     0.04408391809753979
0.05284606944264991       0.04206466401555742      0.08                     -6.304494730176254E-12   0.05284606944264991      0.04206466401555742
0.06495177554317576       0.037499966716002406     0.08                     -3.2479909594423046E-12  0.06495177554317576      0.037499966716002406
0.05696752546478834       0.036151865347211334     0.08                     -6.294749466470808E-12   0.05696752546478834      0.03615186534721133
0.06056425125760535       0.030136496941314275     0.07999999999999999      -6.189022329537897E-12   0.060564251257605346     0.030136496941314272
-0.0017677657806259297    -0.006767768125306028    0.07999999999999999      -4.2902904436472193E-10  -0.0017677657806259297   -0.006767768125306027
-0.0018641262143683363    -0.007767338345396488    0.08000000000000002      -3.2800241264700716E-10  -0.0018641262143683363   -0.007767338345396488
-9.598360748688793E-4     -0.00730839679191302     0.08                     -4.2633095627521713E-10  -9.598360748688793E-4    -0.00730839679191302
-6.725725190084922E-4     -0.008287887138881053    0.08                     -3.2369638449854306E-10  -6.725725190084922E-4    -0.008287887138881053
0                         -0.0075                  0.08                     -4.250914996516752E-10   0                        -0.0075
6.48184189238437E-4       -0.008301391233312097    0.08000000000000002      -3.2297087967896905E-10  6.48184189238437E-4      -0.008301391233312097
9.598385068055441E-4      -0.007308395780754524    0.07999999999999999      -4.2649159255698406E-10  9.598385068055442E-4     -0.007308395780754523
-0.0023083957807854736    -0.005959838506731109    0.07999999999999999      -4.344549755678609E-10   -0.0023083957807854736   -0.005959838506731108
-0.0027688408060879445    -0.0068385582007484055   0.08                     -3.3339752195609916E-10  -0.0027688408060879445   -0.0068385582007484055
0.0018691261316527603     -0.007814973685355608    0.07999999999999999      -3.232471740116065E-10   0.0018691261316527603    -0.007814973685355608
0.0017677681253657127     -0.006767765780566246    0.08                     -4.285278497176544E-10   0.0017677681253657127    -0.006767765780566246
-0.0025                   -0.005                   0.08                     -4.409750746008868E-10   -0.0025                  -0.005
-0.003276191944058794     -0.005652048158297306    0.08000000000000002      -3.3909160707507385E-10  -0.003276191944058794    -0.005652048158297306
0.0028122148014081035     -0.006900822178867692    0.08000000000000002      -3.268522299729816E-10   0.0028122148014081035    -0.006900822178867692
0.0023083967918735232     -0.00595983607496388     0.08000000000000002      -4.3363369241971074E-10  0.0023083967918735232    -0.005959836074963881
-0.0023083967919006686    -0.004040163925101408    0.08000000000000002      -4.500694937828312E-10   -0.0023083967919006686   -0.004040163925101408
-0.0033076252321510985    -0.004353328695137486    0.08                     -3.4697726847127103E-10  -0.0033076252321510985   -0.004353328695137486
0.003332366195098937      -0.005673243814594366    0.08                     -3.3331913187562536E-10  0.003332366195098937     -0.005673243814594366
0.0025                    -0.005                   0.08                     -4.4156477489074805E-10  0.0025                   -0.005
-0.0017677681253338545    -0.003232234219401897    0.08                     -4.610402921194064E-10   -0.0017677681253338545   -0.003232234219401897
-0.002813691018181755     -0.0031402020372322953   0.08                     -3.608121741280809E-10   -0.002813691018181755    -0.0031402020372322953
0.0023083957806118733     -0.004040161492851364    0.08                     -4.51068755613527E-10    0.0023083957806118733    -0.004040161492851364
0.0033466600039234393     -0.004316295799768201    0.08                     -3.4317108464453277E-10  0.0033466600039234393    -0.004316295799768201
-9.598385067928118E-4     -0.0026916042192401813   0.08                     -4.717914516303784E-10   -9.598385067928118E-4    -0.0026916042192401813
-0.0018973874947611179    -0.0021719092513641236   0.08000000000000002      -3.7601310950624956E-10  -0.0018973874947611179   -0.0021719092513641236
-0.002309224412892088     0.005957843137548272     0.07999999999999999      -4.341025694499033E-10   -0.002309224412892088    0.005957843137548272
-0.0017687850858610417    0.00676674823202263      0.07999999999999999      -4.293205844605337E-10   -0.0017687850858610417   0.00676674823202263
-0.0028168697998970406    0.006878317431469064     0.07999999999999999      -3.274988940901659E-10   -0.0028168697998970406   0.006878317431469064
-9.605026586312618E-4     0.0073081195251798224    0.07999999999999999      -4.26717431535194E-10    -9.605026586312618E-4    0.0073081195251798224
-0.0018768837626790928    0.007802222309750695     0.08                     -3.2471134218971317E-10  -0.0018768837626790928   0.007802222309750695
0.0017677657805833637     -0.0032322318746514046   0.07999999999999999      -4.620897264001816E-10   0.0017677657805833637    -0.003232231874651404
0.0027881544390973914     -0.0031219976106461947   0.08000000000000002      -3.6237624045376853E-10  0.0027881544390973914    -0.0031219976106461947
0                         -0.0025                  0.08                     -4.751560541083191E-10   0                        -0.0025
-6.537151791556235E-4     -0.00166853082834751     0.08                     -3.9027583298194465E-10  -6.537151791556235E-4    -0.00166853082834751
-0.0025                   0.005                    0.08                     -4.407842788435196E-10   -0.0025                  0.005
-0.003275177735287658     0.00436293821462181      0.08                     -3.4983286429878836E-10  -0.003275177735287658    0.00436293821462181
-0.002308947861605611     0.004041490378267523     0.07999999999999999      -4.509065021337704E-10   -0.002308947861605611    0.004041490378267523
-0.0032606906792338776    0.0056400293031555054    0.08                     -3.4055401050163567E-10  -0.0032606906792338776   0.0056400293031555054
0                         0.0075                   0.08                     -4.242394301300122E-10   0                        0.0075
-6.559286173031288E-4     0.008324916796995097     0.08                     -3.2053673435681113E-10  -6.559286173031288E-4    0.008324916796995097
9.598360753091432E-4      -0.0026916032082700317   0.08                     -4.707647871790798E-10   9.598360753091433E-4     -0.0026916032082700317
0.0018432494836214917     -0.0022079110357752577   0.07999999999999999      -3.797912201411774E-10   0.0018432494836214917    -0.0022079110357752577
6.50008791205671E-4       -0.0017375665253461167   0.07999999999999999      -3.9500529998645535E-10  6.50008791205671E-4      -0.0017375665253461167
-0.001767766300175769     0.0032322323942432733    0.08000000000000002      -4.6189021875545274E-10  -0.001767766300175769    0.0032322323942432733
-0.0028276962415496494    0.00309878099288928      0.08                     -3.5861739329777756E-10  -0.0028276962415496494   0.00309878099288928
9.605002281445417E-4      0.007308120536555017     0.08                     -4.2631397972232596E-10  9.605002281445415E-4     0.007308120536555017
6.700038652134102E-4      0.008303454587423313     0.08                     -3.2279809782085516E-10  6.700038652134102E-4     0.008303454587423313
-9.585085487054184E-4     0.0026910516929709275    0.08                     -4.717760123810973E-10   -9.585085487054185E-4    0.0026910516929709275
-0.001830286082858311     0.002208539076804801     0.08                     -3.815807630386533E-10   -0.001830286082858311    0.002208539076804801
0.001768782745731187      0.00676675057485334      0.07999999999999999      -4.291265792491148E-10   0.001768782745731187     0.00676675057485334
0.0018773683212083801     0.007802952975872336     0.08000000000000002      -3.2392649355835094E-10  0.0018773683212083801    0.007802952975872336
-6.505016289228872E-4     0.001746945388997001     0.08                     -3.952037838903184E-10   -6.505016289228872E-4    0.001746945388997001
0                         0.0025                   0.08                     -4.762162737057945E-10   0                        0.0025
0.00230922340769618       0.005957845561037811     0.07999999999999999      -4.3388385803764845E-10  0.00230922340769618      0.005957845561037811
0.0028035774668026744     0.006873120825183925     0.07999999999999999      -3.2845998504951524E-10  0.0028035774668026744    0.006873120825183925
6.538590300422427E-4      0.0016840606554298296    0.08                     -3.9087682365166445E-10  6.538590300422427E-4     0.0016840606554298296
9.585109704263613E-4      0.002691052698250531     0.08                     -4.712159783175105E-10   9.585109704263613E-4     0.002691052698250531
0.0025                    0.005                    0.08                     -4.407602774394932E-10   0.0025                   0.005
0.0032937861836035386     0.0056560219749104       0.08                     -3.3719447387101373E-10  0.0032937861836035386    0.0056560219749104
0.0023089488671769187     0.004041492800695175     0.08000000000000002      -4.5063952116095325E-10  0.0023089488671769187    0.004041492800695175
0.0032876762537492783     0.004350805039252233     0.08                     -3.4855814946639464E-10  0.0032876762537492783    0.004350805039252233
0.001767768638533056      0.00323223473260193      0.07999999999999999      -4.6081501293509595E-10  0.001767768638533056     0.0032322347326019297
0.0018747019021082036     0.0022008832938318623    0.08                     -3.7861917255467324E-10  0.0018747019021082036    0.0022008832938318623
0.002797936413218422      0.003141433768550521     0.07999999999999999      -3.617709847148033E-10   0.002797936413218422     0.003141433768550521
-0.001072776075448497     -0.006697797935037004    0.08                     -5.243170519276101E-10   -0.0010727760754484972   -0.006697797935037004
-3.5117522278978815E-4    -0.006982144011537789    0.08                     -5.216989431054181E-10   -3.5117522278978815E-4   -0.006982144011537788
3.862504413769544E-4      -0.006962705065570243    0.08000000000000002      -5.251676871491296E-10   3.862504413769544E-4     -0.006962705065570243
-0.0016602919162807118    -0.006139865129915311    0.07999999999999999      -5.267623484611609E-10   -0.001660291916280712    -0.00613986512991531
0.001127858032630667      -0.0066458116979904655   0.08                     -5.281168570865365E-10   0.0011278580326306669    -0.0066458116979904655
-0.001966376262936105     -0.0054155941364803905   0.08                     -5.334041997853634E-10   -0.0019663762629361053   -0.005415594136480391
0.001640752243036967      -0.006157369254701654    0.08                     -5.281394719418547E-10   0.0016407522430369672    -0.006157369254701654
-0.0019810915581361223    -0.004660962359982704    0.08                     -5.400547946024341E-10   -0.001981091558136122    -0.004660962359982704
0.0019519746111295857     -0.0053807132032505185   0.08                     -5.38688969221701E-10    0.0019519746111295862    -0.005380713203250518
-0.0017040644163980859    -0.003930891958576442    0.08                     -5.474929712526296E-10   -0.0017040644163980859   -0.003930891958576442
0.0019462054844578756     -0.004564340001992326    0.08                     -5.443389721041581E-10   0.0019462054844578758    -0.004564340001992326
-0.0011775172484360082    -0.0033715545475660226   0.08000000000000002      -5.554700797745569E-10   -0.0011775172484360082   -0.0033715545475660226
0.0016417246913828522     -0.0038754310303542434   0.08                     -5.530978804690702E-10   0.0016417246913828524    -0.0038754310303542434
-4.421601810333431E-4     -0.003045622351248913    0.08                     -5.621816714686054E-10   -4.4216018103334314E-4   -0.003045622351248913
0.0010935159825185368     -0.0033412672829149052   0.08                     -5.614859884366501E-10   0.0010935159825185368    -0.0033412672829149052
3.769175609657249E-4      -0.003044823680287188    0.08                     -5.651476180444106E-10   3.769175609657249E-4     -0.003044823680287188
-0.0017039403262385463    0.006067838748878099     0.08000000000000002      -5.277062222795012E-10   -0.001703940326238546    0.006067838748878098
-0.0011780882392646872    0.006627700108895967     0.08                     -5.252676722528558E-10   -0.0011780882392646872   0.006627700108895968
-0.0019819303801336917    0.005338338785773021     0.08000000000000002      -5.32920805038447E-10    -0.0019819303801336917   0.005338338785773021
-0.0019591615220973585    0.004596246768541087     0.07999999999999999      -5.422855470968278E-10   -0.001959161522097359    0.004596246768541087
-4.4230306313507563E-4    0.006954062341585691     0.08000000000000002      -5.243217849338488E-10   -4.423030631350756E-4    0.00695406234158569
-0.0016592965189579016    0.0038590223628372803    0.08                     -5.479034968165379E-10   -0.0016592965189579018   0.0038590223628372808
3.449218031191959E-4      0.006962481579230923     0.08                     -5.267239611749116E-10   3.449218031191959E-4     0.006962481579230922
-0.0010720471340938502    0.003302484464522512     0.07999999999999999      -5.571227347600666E-10   -0.0010720471340938502   0.003302484464522512
0.0010871845444504105     0.006672349972646394     0.08                     -5.282471972428277E-10   0.0010871845444504105    0.006672349972646394
-3.5059637014132265E-4    0.003017505531969659     0.08                     -5.61150415359114E-10    -3.5059637014132265E-4   0.003017505531969659
0.0016476211220711602     0.006130284932945273     0.08                     -5.311202150608759E-10   0.0016476211220711604    0.006130284932945273
3.8698229183313526E-4     0.0030354429849972727    0.08                     -5.63061533487922E-10    3.8698229183313526E-4    0.0030354429849972727
0.0019437533760476799     0.005438891765252536     0.08                     -5.372730489087778E-10   0.00194375337604768      0.005438891765252536
0.001127019933458562      0.003355097820899022     0.08000000000000002      -5.590202667771787E-10   0.001127019933458562     0.003355097820899023
0.0019307070137195492     0.0046159735174987355    0.08                     -5.502885082853777E-10   0.0019307070137195496    0.004615973517498735
0.0016408323552872667     0.0038438168564899518    0.08                     -5.490419041197116E-10   0.0016408323552872667    0.0038438168564899518
-0.0320535854605346       -0.0539898080539955      0.08                     -8.38924659622837E-12    -0.0320535854605346      -0.0539898080539955
-0.024959787209405986     -0.05595885943283829     0.08                     -9.075129018909643E-12   -0.024959787209405986    -0.05595885943283829
-0.020125558952891514     -0.05950296536053115     0.08000000000000002      -8.44650057525224E-12    -0.020125558952891514    -0.059502965360531145
-0.03588844450120384      -0.049358908640748364    0.08                     -9.100117051651375E-12   -0.03588844450120384     -0.04935890864074837
-0.04251124966467043      -0.04640264201594706     0.08                     -8.245992109997486E-12   -0.04251124966467043     -0.04640264201594706
-0.04539268301524045      -0.040838986873912714    0.08                     -8.992223213933363E-12   -0.04539268301524046     -0.040838986873912714
-0.051145923435776314     -0.03686139486766288     0.08000000000000002      -8.105559897605693E-12   -0.05114592343577631     -0.03686139486766288
-0.052867476691390795     -0.030468500306442207    0.08                     -8.921786587440748E-12   -0.052867476691390795    -0.03046850030644221
-0.057835071489570185     -0.02554610904296256     0.08                     -7.965295594372155E-12   -0.05783507148957019     -0.02554610904296256
-0.05812142516501631      -0.018669120144785667    0.07999999999999999      -8.841980616602754E-12   -0.058121425165016304    -0.018669120144785667
-0.06184138151928421      -0.013014563586304387    0.08                     -7.91803478681828E-12    -0.061841381519284214    -0.013014563586304387
-0.0630333147416477       3.388970989817927E-4     0.08                     -7.972336743238118E-12   -0.0630333147416477      3.388970989817927E-4
-0.06077565772811263      -0.006306662883325154    0.08000000000000002      -8.782800708993934E-12   -0.06077565772811263     -0.006306662883325154
-0.0279810109365041       -0.046553532200793       0.07999999999999999      -1.2310863783233663E-11  -0.0279810109365041      -0.046553532200793
-0.013316761938965995     -0.05981148257760132     0.08                     -9.12693077754817E-12    -0.013316761938965997    -0.05981148257760132
-0.007389568179177384     -0.06259457744297361     0.07999999999999999      -8.393193896422096E-12   -0.007389568179177383    -0.06259457744297361
-0.017749536300719803     -0.051460151589443594    0.08000000000000002      -1.2330794283234777E-11  -0.017749536300719803    -0.0514601515894436
-5.061056202199953E-4     -0.06131969826437089     0.08                     -9.12526500889921E-12    -5.061056202199953E-4    -0.06131969826437089
0.005921534190317853      -0.06262005019038704     0.08                     -8.445683935458878E-12   0.005921534190317853     -0.06262005019038704
-0.06055585856519835      0.006598413047732059     0.08                     -8.86378141234354E-12    -0.06055585856519835     0.006598413047732059
-0.061288626363725646     0.013536824083363569     0.08000000000000002      -8.100216581359035E-12   -0.06128862636372565     0.013536824083363569
-0.05752544506970236      0.025886097620722928     0.08                     -8.024015030111081E-12   -0.05752544506970236     0.025886097620722925
-0.05304077372651188      0.03049793478624785      0.08                     -8.855181727285475E-12   -0.053040773726511885    0.03049793478624785
-0.05058190858308084      0.03726831750147609      0.08                     -8.203740528207199E-12   -0.05058190858308085     0.03726831750147609
-0.05797533556694599      0.018974940146533587     0.08000000000000002      -8.866451332064255E-12   -0.057975335566946       0.018974940146533587
-0.03685231564202273      -0.03988904930301726     0.08000000000000002      -1.2206309886041065E-11  -0.03685231564202273     -0.03988904930301725
-0.043856930832669415     -0.03146760170934747     0.07999999999999999      -1.226802712016153E-11   -0.04385693083266941     -0.031467601709347474
-0.0281071869772928       -0.03631343548792643     0.08                     -1.751907019769773E-11   -0.028107186977292805    -0.03631343548792643
-0.0493272164400367       -0.021393604624681997    0.08                     -1.227588014317993E-11   -0.049327216440036695    -0.021393604624682
-0.05273432848943335      -0.010952236607147892    0.08                     -1.216316191167359E-11   -0.052734328489433366    -0.010952236607147892
-0.05378182404417334      6.598911628925494E-4     0.07999999999999999      -1.2182677290017258E-11  -0.053781824044173324    6.598911628925494E-4
-0.04147817853437302      0.04699857326547563      0.08000000000000002      -8.356962515369444E-12   -0.04147817853437302     0.04699857326547563
-0.04565629143282535      0.0407284382985548       0.07999999999999999      -8.936553356548897E-12   -0.04565629143282535     0.0407284382985548
-0.0360731740859001       0.049244006057458795     0.08                     -9.089205330740684E-12   -0.0360731740859001      0.049244006057458795
-0.03084821366947363      0.054683388584634104     0.08                     -8.402224339919752E-12   -0.03084821366947363     0.054683388584634104
-0.02004755728360795      -0.04113268189342971     0.08000000000000002      -1.7796228621503843E-11  -0.02004755728360795     -0.041132681893429716
-0.006441006773643496     -0.054001865248537194    0.08                     -1.2407240002266097E-11  -0.006441006773643496    -0.05400186524853719
-0.011019337396804925     -0.044374198717661344    0.08                     -1.7941254367763106E-11  -0.011019337396804925    -0.044374198717661344
0.012297312520855735      -0.05991982119679997     0.08                     -9.173289067926506E-12   0.012297312520855736     -0.05991982119679997
0.018770371969316777      -0.060139795874802705    0.07999999999999999      -8.373498502633507E-12   0.018770371969316777     -0.060139795874802705
0.004730930409568481      -0.05412373287384234     0.08                     -1.2449179113239403E-11  0.00473093040956848      -0.054123732873842326
0.030873853071108327      -0.05467908996429295     0.08000000000000002      -8.392308228235998E-12   0.030873853071108327     -0.05467908996429295
0.024169959463532762      -0.056097172818830456    0.08                     -9.159743649560856E-12   0.024169959463532762     -0.056097172818830456
0.035311160470060755      -0.049656590809532664    0.08                     -9.142740082359736E-12   0.035311160470060755     -0.049656590809532664
0.041301549722621615      -0.04707972094989953     0.08                     -8.380661117820176E-12   0.041301549722621615     -0.04707972094989953
-0.013944468862432047     -0.03584093413494312     0.07999999999999999      -2.4832427807577048E-11  -0.013944468862432046    -0.03584093413494311
0.04843300975209944       -0.036291727789383214    0.08000000000000002      -9.181153374184762E-12   0.04843300975209944      -0.036291727789383214
0.04392305782690263       -0.04114061465563529     0.08                     -9.379629878036903E-12   0.04392305782690264      -0.04114061465563529
-0.053183164202807776     0.01192550091697727      0.07999999999999999      -1.1836169516236313E-11  -0.053183164202807776    0.011925500916977269
-0.04929836674112204      0.022362424070018663     0.08                     -1.2096188780376046E-11  -0.04929836674112204     0.022362424070018667
-0.04349623619055977      0.03236767020949999      0.08                     -1.2155468735394593E-11  -0.04349623619055976     0.03236767020949999
-0.0348029199784904       -0.029568695953153853    0.08000000000000002      -1.7546300681212522E-11  -0.034802919978490394    -0.029568695953153857
-0.03990510927141486      -0.0214588481433275      0.08                     -1.7662217851006546E-11  -0.03990510927141486     -0.021458848143327495
-0.02080048716727706      -0.03265446723707231     0.07999999999999999      -2.432242800637456E-11   -0.02080048716727706     -0.03265446723707232
-0.026722505635991822     -0.027285828332924207    0.08000000000000002      -2.467025407167151E-11   -0.026722505635991822    -0.027285828332924204
-0.043459312724773734     -0.012765480243261067    0.07999999999999999      -1.7550872290180997E-11  -0.043459312724773734    -0.012765480243261068
-0.045215435185953334     -0.003364157619505294    0.08                     -1.7459359220425676E-11  -0.045215435185953334    -0.003364157619505294
-0.04556964895168215      0.006077531373433545     0.07999999999999999      -1.69921794108323E-11    -0.04556964895168215     0.006077531373433545
-0.024877750447400794     0.055702940867730644     0.08                     -9.189605697403577E-12   -0.02487775044740079     0.055702940867730644
-0.018842147182228843     0.05984791938621986      0.08                     -8.482082495989246E-12   -0.018842147182228843    0.05984791938621986
-0.005972598793428173     0.06237906272160482      0.08                     -8.55272583352219E-12    -0.005972598793428173    0.06237906272160482
-0.012671375376814873     0.05963817825780367      0.08                     -9.262580728023406E-12   -0.012671375376814871    0.05963817825780366
-0.03582096315266229      0.0408276234032034       0.08                     -1.2224968941400086E-11  -0.03582096315266229     0.0408276234032034
-0.026566984042836965     0.047149700840069066     0.08                     -1.242471520415472E-11   -0.02656698404283697     0.04714970084006907
1.1080096803346706E-5     0.060896370527253475     0.08000000000000002      -9.314508048456519E-12   1.1080096803346706E-5    0.060896370527253475
0.00692349878691792       0.06249411757296219      0.08                     -8.45857253801013E-12    0.00692349878691792      0.06249411757296219
0.019893922446419278      0.05947561653184809      0.08000000000000002      -8.490829563725148E-12   0.019893922446419278     0.05947561653184809
0.012720430536707017      0.05953938589097925      0.07999999999999999      -9.30122002481641E-12    0.012720430536707017     0.05953938589097924
0.025336873402969105      0.05546824059901034      0.07999999999999999      -9.196134690113787E-12   0.02533687340296911      0.05546824059901034
0.03197004874789971       0.053965700964401814     0.08                     -8.41070142410414E-12    0.03197004874789971      0.05396570096440181
0.03588647905929169       0.04906636565185055      0.08                     -9.198525612097964E-12   0.03588647905929169      0.04906636565185055
0.04219595193184153       0.045875954737939206     0.07999999999999999      -8.491973496816884E-12   0.04219595193184153      0.045875954737939206
-0.0149076424980206       -0.029535928314757966    0.08                     -3.2230659794643076E-11  -0.0149076424980206      -0.029535928314757966
-0.0018380341352091474    -0.045607090926763516    0.07999999999999999      -1.8047185017352154E-11  -0.0018380341352091476   -0.045607090926763516
-0.00623128497672225      -0.038176760251996886    0.08                     -2.4718901788918516E-11  -0.006231284976722249    -0.03817676025199689
0.01584700249883265       -0.05171729865169516     0.08                     -1.2523108037668408E-11  0.01584700249883265      -0.05171729865169516
0.007795170693588826      -0.04485330096051878     0.07999999999999999      -1.8119050518252134E-11  0.007795170693588827     -0.04485330096051878
0.026268716393234807      -0.04722622679842583     0.08                     -1.2467510575121484E-11  0.026268716393234807     -0.04722622679842582
0.03521480551397543       -0.04125479766985807     0.08                     -1.2264061600383936E-11  0.03521480551397543      -0.04125479766985807
-0.008594896459939966     -0.030675882392094185    0.08                     -3.467268287031747E-11   -0.008594896459939966    -0.03067588239209418
0.052941142364829         -0.03021646663321522     0.08                     -8.945428305289776E-12   0.052941142364829        -0.030216466633215224
0.05723189670315741       -0.0254688658419061      0.07999999999999999      -8.204428403919426E-12   0.05723189670315741      -0.0254688658419061
0.046117206708092565      -0.030438867498822388    0.08                     -1.1596639925762603E-11  0.046117206708092565     -0.030438867498822388
0.040704227547159647      -0.03490311983432552     0.08                     -1.2505060692190301E-11  0.04070422754715964      -0.03490311983432553
0.05756317802530153       -0.018943552643262855    0.08                     -9.035000717519999E-12   0.05756317802530153      -0.01894355264326286
0.0612303808361756        -0.013452129302472526    0.08                     -8.130250229737036E-12   0.0612303808361756       -0.013452129302472526
0.06267405620689165       -8.837043437133763E-4    0.08000000000000002      -8.115476450208026E-12   0.06267405620689165      -8.837043437133763E-4
0.060653430015351964      -0.006998587220623902    0.08                     -8.804358995021616E-12   0.06065343001535196      -0.006998587220623902
0.06076273925155047       0.005847636910105154     0.08                     -8.807323474091476E-12   0.060762739251550464     0.005847636910105154
0.06161196339381042       0.01232799585812884      0.08000000000000002      -8.074511738136078E-12   0.06161196339381042      0.01232799585812884
0.05805701086628175       0.01887846193690025      0.08                     -8.841015842245966E-12   0.05805701086628174      0.01887846193690025
0.05762340423556819       0.024943757230811936     0.08                     -8.139745492815956E-12   0.0576234042355682       0.024943757230811936
0.04526858464503357       0.04069427249998547      0.07999999999999999      -9.075809821485043E-12   0.045268584645033576     0.04069427249998547
0.05080584611156946       0.03607120281515206      0.08                     -8.41402462461995E-12    0.05080584611156945      0.03607120281515206
0.05283143624572154       0.030526605450320626     0.08                     -8.92510782329836E-12    0.05283143624572154      0.030526605450320626
-0.04357275573872812      0.015138540020077765     0.07999999999999999      -1.695977492383144E-11   -0.04357275573872812     0.015138540020077765
-0.03891686452221341      0.023380821088641895     0.08000000000000002      -1.7622344029157728E-11  -0.03891686452221341     0.023380821088641895
-0.033092377479058854     0.030964364441179573     0.08                     -1.785722588895207E-11   -0.033092377479058854    0.03096436444117957
-0.031678456957246526     -0.021474755332196206    0.07999999999999999      -2.4330029022925604E-11  -0.031678456957246526    -0.021474755332196203
-0.0354969427746032       -0.014202845096962506    0.08                     -2.4144609622590285E-11  -0.0354969427746032      -0.014202845096962508
-0.019840071855709903     -0.024835613931416374    0.08                     -3.4057832176359125E-11  -0.019840071855709903    -0.02483561393141637
-0.02491178798542227      -0.02127836571495019     0.08000000000000002      -3.201720085244974E-11   -0.02491178798542227     -0.02127836571495019
-0.037151784632525595     -0.0059537003708625      0.08                     -2.4686202407141486E-11  -0.0371517846325256      -0.0059537003708625
-0.038104733226057536     0.0019001972528605374    0.08000000000000002      -2.406563752902504E-11   -0.038104733226057536    0.0019001972528605374
-0.0381092378065213       0.009639560049140884     0.08                     -2.2874092158806562E-11  -0.038109237806521305    0.009639560049140884
-0.016075556689501905     0.051478041009609954     0.08                     -1.2610222389663829E-11  -0.016075556689501905    0.051478041009609954
-0.005085110510244833     0.05388313991004502      0.08                     -1.2556902299098003E-11  -0.005085110510244832    0.053883139910045015
-0.025428764804110156     0.037580206325588        0.08000000000000002      -1.7993144951058228E-11  -0.025428764804110156    0.037580206325588
-0.01679083747588241      0.04218006502762691      0.08                     -1.811528310868514E-11   -0.01679083747588241     0.04218006502762691
0.0059401653666784834     0.05329389623148334      0.07999999999999999      -1.2816374829486472E-11  0.0059401653666784834    0.05329389623148334
0.017241319136673497      0.05128606613497007      0.07999999999999999      -1.2509355543310815E-11  0.017241319136673497     0.05128606613497006
0.027568353800436835      0.046251709077757545     0.08000000000000002      -1.2560792585658422E-11  0.02756835380043684      0.046251709077757545
0.03679202739393671       0.03952114109388538      0.08                     -1.236640320489555E-11   0.036792027393936715     0.03952114109388538
-0.01202590797363742      -0.02368353134136434     0.08                     -4.6128450061924166E-11  -0.012025907973637421    -0.023683531341364337
0.0018997472647901224     -0.037870071219241346    0.08                     -2.5670416483676956E-11  0.0018997472647901224    -0.037870071219241346
-0.0024197534364648454    -0.0325208640622227      0.08                     -3.3466247154631515E-11  -0.0024197534364648454   -0.0325208640622227
0.016710259482835048      -0.042479510087494225    0.08                     -1.7921702470417936E-11  0.01671025948283505      -0.042479510087494225
0.009677071840552031      -0.03660652038704326     0.08                     -2.5649525949977226E-11  0.009677071840552031     -0.03660652038704326
0.0256147308890608        -0.03836009417331273     0.08                     -1.742223015330194E-11   0.0256147308890608       -0.03836009417331273
0.03267444289431023       -0.03296876614064943     0.08                     -1.7055664719822972E-11  0.03267444289431023      -0.032968766140649426
-0.00594958185240547      -0.019059440146822468    0.08                     -7.247376383542076E-11   -0.005949581852405469    -0.019059440146822468
-0.0030820741310986586    -0.025648831129135352    0.08                     -4.917517012609405E-11   -0.003082074131098659    -0.025648831129135352
0.04866965513921517       -0.022015747765724784    0.08                     -1.2466462519243318E-11  0.04866965513921517      -0.022015747765724788
0.03886658621242842       -0.026048697760435703    0.08                     -1.663261231094384E-11   0.03886658621242841      -0.0260486977604357
0.05281678085792785       -0.011312410268063552    0.07999999999999999      -1.2083010235674889E-11  0.05281678085792785      -0.011312410268063552
0.05417858379194865       -9.999066528573741E-4    0.08                     -1.197071152215554E-11   0.054178583791948634     -9.999066528573741E-4
0.05298089682353459       0.010423739454508432     0.08                     -1.2089642669271997E-11  0.05298089682353458      0.010423739454508432
0.04963342755470439       0.02131245764862985      0.08                     -1.2148072606195738E-11  0.049633427554704394     0.02131245764862985
0.04436444339343559       0.031166791190441134     0.08                     -1.2138223522632872E-11  0.04436444339343559      0.031166791190441134
-0.034615466580786014     0.016482182963888634     0.08000000000000002      -2.4089734794888214E-11  -0.034615466580786014    0.016482182963888634
-0.030136997269526143     0.022519832612065728     0.08                     -2.5156964769220683E-11  -0.030136997269526147    0.022519832612065725
-0.02407003665840016      0.02836119775173137      0.08                     -2.5945930146178186E-11  -0.02407003665840016     0.028361197751731373
-0.02727204721060325      -0.014675248536870626    0.08                     -3.474404879439145E-11   -0.02727204721060325     -0.014675248536870628
-0.030788032687823656     -0.008925701435718358    0.07999999999999999      -3.2470090555846947E-11  -0.03078803268782366     -0.008925701435718358
-0.018899022314942476     -0.016848455289674387    0.07999999999999999      -4.8216330746719504E-11  -0.018899022314942476    -0.016848455289674383
-0.011419111383540206     -0.015684217682484514    0.07999999999999999      -7.292260490497828E-11   -0.011419111383540207    -0.015684217682484514
-0.006283232081306293     -0.014115614338692933    0.08                     -1.0436574060763773E-10  -0.006283232081306294    -0.014115614338692933
-0.029675490734304498     -0.0010732739019050017   0.07999999999999999      -3.6457692555142017E-11  -0.0296754907343045      -0.0010732739019050017
-0.03294828514936589      0.006201223292246046     0.08                     -3.0071930096583426E-11  -0.03294828514936589     0.006201223292246046
-0.03183974846863459      0.010779269045316002     0.08                     -3.0070389709563146E-11  -0.03183974846863459     0.010779269045316002
0.0016467606570844118     0.04565758102055484      0.08                     -1.8010010967039888E-11  0.0016467606570844118    0.04565758102055484
-0.007647698061233277     0.044914516440256486     0.08000000000000002      -1.8081950536671306E-11  -0.007647698061233277    0.044914516440256486
-0.017413122803774467     0.033670512721288334     0.07999999999999999      -2.539394915370766E-11   -0.017413122803774467    0.03367051272128834
-0.009758013134364949     0.037127483959617624     0.07999999999999999      -2.5011283259662703E-11  -0.009758013134364947    0.037127483959617624
0.01090337474017005       0.04410493943623073      0.08000000000000002      -1.8161910953265917E-11  0.01090337474017005      0.04410493943623073
0.019964437277879665      0.040649210861126564     0.08                     -1.8159130596488984E-11  0.019964437277879665     0.04064921086112656
0.02792954730525683       0.03557037643187193      0.08                     -1.8059050960879622E-11  0.02792954730525683      0.035570376431871935
0.03471923315237793       0.02906167204383564      0.08                     -1.7836622084740555E-11  0.03471923315237793      0.02906167204383564
-0.003251033892024106     -0.012577946893914664    0.08                     -1.391945368804658E-10   -0.0032510338920241065   -0.012577946893914666
-0.002416225225159198     -0.01600993135679809     0.08                     -1.007122804040502E-10   -0.002416225225159198    -0.016009931356798093
-4.512542254297095E-4     -0.019985830835137483    0.08                     -7.347775642457E-11      -4.512542254297095E-4    -0.019985830835137483
0.0038109155912898433     -0.029975470808637543    0.08                     -3.803988908373816E-11   0.0038109155912898424    -0.029975470808637546
0.0174351822747116        -0.03425879932687107     0.08                     -2.475206742366591E-11   0.017435182274711605     -0.03425879932687107
0.012090072123469497      -0.029450758516196503    0.07999999999999999      -3.454264579998843E-11   0.012090072123469497     -0.0294507585161965
0.02473434983099604       -0.030464915504562935    0.08                     -2.359313176190109E-11   0.02473434983099604      -0.030464915504562932
0.03023405092200302       -0.02633133342634924     0.07999999999999999      -2.2485968159466496E-11  0.03023405092200302      -0.02633133342634924
0.00272303904648513       -0.02311945374099978     0.08                     -5.786134542844983E-11   0.00272303904648513      -0.02311945374099978
0.04440384575833711       -0.012784323300310582    0.08                     -1.6877283655241157E-11  0.04440384575833711      -0.012784323300310582
0.03895488287448495       -0.01808958215713391     0.08                     -1.9532194038693644E-11  0.03895488287448495      -0.01808958215713391
0.03233737730870994       -0.020283467045441234    0.08                     -2.43791811742716E-11    0.03233737730870994      -0.020283467045441234
0.0456148608130532        -0.005491436388741201    0.08                     -1.7013483222605184E-11  0.04561486081305321      -0.005491436388741201
0.04529378269732047       0.0030816699936592196    0.08                     -1.740684392928607E-11   0.04529378269732048      0.0030816699936592196
0.04357718199639625       0.01209170799218369      0.08                     -1.7595228714838264E-11  0.04357718199639626      0.01209170799218369
0.03996458209790962       0.02109480476968178      0.08000000000000002      -1.774933111327061E-11   0.03996458209790962      0.021094804769681782
-0.0017411045795519102    -0.009142116516663731    0.07999999999999999      -2.477416237682606E-10   -0.0017411045795519102   -0.009142116516663731
-0.0012576382161328219    -0.011006468732490449    0.07999999999999999      -1.8394607479960824E-10  -0.0012576382161328219   -0.011006468732490449
-1.804064564588266E-4     -0.013336645107793005    0.08                     -1.366231253442577E-10   -1.804064564588266E-4    -0.013336645107793005
-2.7189780535386704E-5    -0.009541643962603465    0.08000000000000002      -2.4436340402550285E-10  -2.7189780535386704E-5   -0.009541643962603465
0.0018410890955718549     -0.016266186565982353    0.07999999999999999      -9.920104079053025E-11   0.0018410890955718549    -0.016266186565982357
-0.0033628820422697235    -0.009928949415877776    0.08                     -1.9159188866083939E-10  -0.0033628820422697235   -0.009928949415877776
-0.02745889146851294      0.01457938066740272      0.08                     -3.444330400393602E-11   -0.02745889146851294     0.01457938066740272
-0.021432585301595853     0.02014889644031498      0.07999999999999999      -3.8303297961012454E-11  -0.021432585301595856    0.02014889644031498
-0.01674259391426504      0.02618018882799731      0.08                     -3.562180297894914E-11   -0.01674259391426504     0.026180188827997306
-0.0031141518971846485    -0.008120292161227269    0.08                     -2.5567544935037953E-10  -0.0031141518971846485   -0.008120292161227269
-0.005825844541941894     -0.010547507963117791    0.08000000000000002      -1.4608216210953975E-10  -0.005825844541941894    -0.010547507963117791
-0.02343325875606881      -0.007972975019577187    0.07999999999999999      -4.8480232385351144E-11  -0.023433258756068807    -0.007972975019577187
-0.022834538709184605     2.4103601992397222E-4    0.08                     -5.3636030691665976E-11  -0.022834538709184605    2.4103601992397222E-4
-0.015214355559103845     -0.010252200804910613    0.08                     -7.48891796679437E-11    -0.015214355559103845    -0.010252200804910613
-0.009590038131536367     -0.010848671485312524    0.07999999999999999      -1.0709544890248323E-10  -0.009590038131536367    -0.010848671485312524
-0.026402619854989172     0.007140311711162459     0.08                     -4.159683876778392E-11   -0.026402619854989175    0.007140311711162459
-0.021826773595983114     0.012251062746448119     0.08                     -4.814955512495837E-11   -0.021826773595983114    0.012251062746448119
-0.020394174309439066     0.006344698885019297     0.07999999999999999      -5.938560017544715E-11   -0.02039417430943907     0.006344698885019297
0.03187030281112532       0.0207839956798586       0.07999999999999999      -2.4563419857842463E-11  0.03187030281112532      0.0207839956798586
0.0056237021374759485     0.03753561972016271      0.08                     -2.5600027927809325E-11  0.0056237021374759485    0.03753561972016272
-0.002014783333200952     0.03777405274909551      0.08                     -2.5781008416293472E-11  -0.002014783333200952    0.03777405274909551
-0.01088104275721655      0.029873169405131017     0.08                     -3.466994064170986E-11   -0.010881042757216549    0.029873169405131017
-0.005449742141963747     0.03216389144001719      0.08                     -3.341854754006268E-11   -0.005449742141963747    0.03216389144001719
0.013376689931010648      0.03483543403157272      0.08                     -2.6253492212849407E-11  0.01337668993101065      0.03483543403157272
0.0200446120361521        0.031831454348123546     0.08                     -2.5649763070611555E-11  0.0200446120361521       0.031831454348123546
0.02701509307441622       0.02697644758951593      0.08                     -2.466217950324576E-11   0.027015093074416217     0.026976447589515926
0.004711116723114623      -0.019497705355078013    0.08000000000000002      -7.24172696829383E-11    0.004711116723114624     -0.019497705355078013
0.008053037236812553      -0.023993887674139895    0.08000000000000002      -5.035355691677038E-11   0.008053037236812553     -0.0239938876741399
0.01891014821789469       -0.02599118409611259     0.08000000000000002      -3.3558981731568814E-11  0.01891014821789469      -0.02599118409611259
0.013400020918834358      -0.023045055634968968    0.07999999999999999      -4.5742571382450135E-11  0.013400020918834358     -0.023045055634968968
0.02521452988469486       -0.022700784307181747    0.08                     -3.026122212107627E-11   0.02521452988469486      -0.02270078430718175
0.026137301439403127      -0.016184227842539083    0.08000000000000002      -3.518508952350003E-11   0.026137301439403127     -0.016184227842539086
0.038393432809446654      -0.009526497573090098    0.08                     -2.26185671353879E-11    0.038393432809446654     -0.009526497573090098
0.03295749550795694       -0.013240164327220624    0.08                     -2.7449988436681656E-11  0.03295749550795694      -0.013240164327220624
0.03804168141075866       -0.0020682477611465785   0.08                     -2.4113515743312897E-11  0.03804168141075865      -0.0020682477611465785
0.03674171250405644       0.005889694190167591     0.08                     -2.5158641319719544E-11  0.03674171250405644      0.005889694190167591
0.03501247197931477       0.013379047641113008     0.08                     -2.4994832681482955E-11  0.03501247197931478      0.013379047641113006
0.0011437052688728182     -0.011033321961790389    0.08                     -1.8432193497143994E-10  0.0011437052688728182    -0.011033321961790389
0.0029319297595589        -0.012805744435350597    0.07999999999999999      -1.374764021035392E-10   0.0029319297595589       -0.012805744435350597
0.0017240925451189708     -0.009224549047313929    0.08                     -2.44300446682034E-10    0.0017240925451189708    -0.009224549047313929
0.006036238793930461      -0.014655761769802843    0.07999999999999999      -1.0119188774614166E-10  0.0060362387939304615    -0.014655761769802845
0.02649301161473116       -0.010598770807115764    0.08                     -3.915701306195544E-11   0.02649301161473116      -0.010598770807115764
-0.004948459436501899     -0.008196337876797362    0.08                     -1.987626970484283E-10   -0.004948459436501899    -0.008196337876797362
-0.004081669278484124     -0.006710619903028292    0.08000000000000002      -2.610543274976991E-10   -0.004081669278484124    -0.006710619903028292
-0.010642466246754148     0.023176570765974826     0.08                     -4.948349687902452E-11   -0.010642466246754148    0.023176570765974822
-0.01640916748354585      0.01507588998806482      0.08                     -5.831600736786361E-11   -0.016409167483545848    0.01507588998806482
-0.014918240350643357     0.02025789161916345      0.08000000000000002      -4.965113937654628E-11   -0.014918240350643357    0.02025789161916345
-0.0166131495612595       0.009291483897436531     0.08                     -7.062711822200929E-11   -0.0166131495612595      0.009291483897436531
-0.01266999185594421      0.0115458514776932       0.07999999999999999      -8.373941498036385E-11   -0.01266999185594421     0.0115458514776932
-0.007617738741661131     -0.007768813571277379    0.08                     -1.516254295881704E-10   -0.007617738741661132    -0.007768813571277379
-0.01678089246191658      -0.0033683470407953955   0.08                     -7.872153736710502E-11   -0.01678089246191658     -0.0033683470407953955
-0.017679204413667608     0.0022295319892183946    0.08000000000000002      -7.458578071009156E-11   -0.017679204413667608    0.0022295319892183946
-0.015172459965733052     0.005052594789283937     0.07999999999999999      -8.629743085062392E-11   -0.01517245996573305     0.005052594789283937
-0.012637901232642437     0.007175853676455769     0.08                     -9.953956441089173E-11   -0.012637901232642438    0.007175853676455769
-0.011545276077813544     -0.006365711802670496    0.08                     -1.1148781054145084E-10  -0.011545276077813542    -0.006365711802670496
0.025398548470239358      0.020359442528867358     0.08                     -3.2319404553899E-11     0.025398548470239358     0.020359442528867358
0.027730666440594846      0.014671603306216398     0.08                     -3.390766956189392E-11   0.02773066644059485      0.014671603306216396
0.007980153923012424      0.03101908708310852      0.08                     -3.438089599549555E-11   0.007980153923012424     0.03101908708310852
0.001376434321715244      0.03050168037547163      0.08                     -3.74007112689139E-11    0.001376434321715244     0.03050168037547163
-0.004901750185958925     0.026206579054319168     0.08                     -4.660920350057538E-11   -0.004901750185958925    0.026206579054319168
-0.005735961183201174     0.020397164545877144     0.08                     -6.640539101917824E-11   -0.005735961183201174    0.020397164545877144
0.013585865930451486      0.02646578626402818      0.08000000000000002      -3.849451144615626E-11   0.013585865930451484     0.02646578626402818
0.020085804628286723      0.023628391627636837     0.08                     -3.541052243384793E-11   0.020085804628286723     0.023628391627636833
0.010765965060381152      -0.01771463524520215     0.08000000000000002      -6.687250765451854E-11   0.01076596506038115      -0.017714635245202146
0.0181165585769747        -0.018369050947038022    0.08                     -4.71417540691332E-11    0.0181165585769747       -0.018369050947038026
0.02102363625318141       -0.011832068476539295    0.08                     -5.0798455587903765E-11  0.021023636253181408     -0.011832068476539295
0.030634314491170316      -0.0053226682258199695   0.08                     -3.397337358010565E-11   0.03063431449117032      -0.0053226682258199695
0.03189689307416904       0.0012919526580390805    0.08                     -3.251233626074556E-11   0.03189689307416904      0.0012919526580390805
0.02906250412540921       0.0072516860779046274    0.08                     -3.609184043374943E-11   0.029062504125409207     0.0072516860779046274
0.0032821934127455488     -0.010181144758861359    0.08                     -1.862798313506141E-10   0.0032821934127455488    -0.010181144758861359
0.005721449088301654      -0.011114872716205856    0.08                     -1.3970369184838023E-10  0.005721449088301654     -0.011114872716205856
0.00971775446796335       -0.011828060477612784    0.08000000000000002      -1.0030279031789886E-10  0.00971775446796335      -0.011828060477612784
0.003222158765922946      -0.008268858682144019    0.08                     -2.460809556917763E-10   0.003222158765922946     -0.008268858682144019
0.02322739104350905       -0.005873107397469199    0.08                     -5.0442537047619534E-11  0.023227391043509047     -0.005873107397469199
-0.005869414920408031     -0.006129325135930973    0.08                     -2.043909132359329E-10   -0.005869414920408031    -0.006129325135930973
-0.004523409156496908     -0.0050458378189235376   0.08000000000000002      -2.6558812205402513E-10  -0.004523409156496908    -0.0050458378189235376
-0.010851911890436428     0.01684701994775424      0.08                     -7.014293377198186E-11   -0.010851911890436427    0.01684701994775424
-0.005949945564298002     0.014902656979411268     0.08                     -9.950358656113738E-11   -0.005949945564298002    0.014902656979411266
-0.008600601094070386     0.011798291259726812     0.08                     -1.0829339287572311E-10  -0.008600601094070388    0.011798291259726812
-0.00554594320956121      0.011256183515575245     0.08                     -1.39730316637713E-10    -0.00554594320956121     0.011256183515575245
-0.009791452261986442     0.00896202846939656      0.08                     -1.165266955250514E-10   -0.009791452261986442    0.00896202846939656
-0.014018181718250745     0.0014585529015691129    0.08                     -9.844825931967945E-11   -0.014018181718250745    0.0014585529015691129
-0.008262193083946386     -0.004500736353780482    0.08                     -1.6085665982861282E-10  -0.008262193083946386    -0.004500736353780482
-0.01096163728795213      -0.0014426041281171836   0.08000000000000002      -1.2775336403731885E-10  -0.01096163728795213     -0.0014426041281171836
-0.0073268353403166744    0.00884536519302695      0.08                     -1.461358408690789E-10   -0.0073268353403166744   0.00884536519302695
-0.008669945367725775     0.005547360855284081     0.08                     -1.4935913622206184E-10  -0.008669945367725777    0.005547360855284081
-0.011345594864051792     0.0030607756695157085    0.08                     -1.2153693544739293E-10  -0.01134559486405179     0.0030607756695157085
0.02084586704309384       0.016386881189346725     0.08                     -4.4636200638513986E-11  0.020845867043093845     0.016386881189346725
0.02341973440220485       0.011048596331021801     0.08                     -4.5587546041361195E-11  0.02341973440220485      0.011048596331021801
0.006787530303966369      0.02558415657872276      0.08                     -4.708699816640317E-11   0.0067875303039663685    0.02558415657872276
0.009960419165864768      0.021589554893030327     0.07999999999999999      -5.519915584423873E-11   0.009960419165864768     0.021589554893030327
4.648332661857449E-4      0.022270411773815904     0.08                     -6.211661427417046E-11   4.648332661857449E-4     0.022270411773815908
-0.0019849171341772033    0.016774318625277132     0.08                     -9.456089469276765E-11   -0.0019849171341772033   0.016774318625277132
-0.003037173013283937     0.012970938418325043     0.08                     -1.3453317356254575E-10  -0.003037173013283937    0.012970938418325043
-0.003425527635143876     0.010295914626985037     0.07999999999999999      -1.8149535166319253E-10  -0.003425527635143876    0.010295914626985037
0.014873720778541172      0.019559984363050002     0.08                     -5.14110063741308E-11    0.01487372077854117      0.019559984363050006
0.014695846483395635      -0.012510620235782526    0.08                     -7.099392673567391E-11   0.014695846483395636     -0.012510620235782527
0.017020268201514106      -0.007847101575402166    0.08                     -7.145358695964948E-11   0.017020268201514106     -0.007847101575402166
0.024558874068816405      3.684354668636522E-4     0.08                     -4.847058982816216E-11   0.024558874068816405     3.684354668636522E-4
0.016139112910069343      0.013962601309374913     0.08                     -6.192441628385924E-11   0.016139112910069343     0.013962601309374911
0.02171838151844492       0.0057575329495917       0.08                     -5.518861269801005E-11   0.02171838151844492      0.0057575329495917
0.019193865454666333      0.010740078832451053     0.08                     -5.8021847739171623E-11  0.019193865454666333     0.010740078832451053
0.005051777608667603      -0.008651647964344304    0.08                     -1.8788661879951539E-10  0.005051777608667603     -0.008651647964344304
0.007757515554373363      -0.008621484545678022    0.08                     -1.4245113016749038E-10  0.007757515554373362     -0.008621484545678022
0.011669309592740668      -0.007457500511495442    0.07999999999999999      -1.0650643417946288E-10  0.011669309592740667     -0.007457500511495442
0.004255044105920525      -0.006832481075233494    0.08                     -2.504116544410341E-10   0.004255044105920525     -0.006832481075233494
0.018337899817554074      -0.0027572263660682814   0.08                     -7.095738827419805E-11   0.018337899817554074     -0.0027572263660682814
-0.006078440517233427     -0.003822076109800912    0.07999999999999999      -2.118640623660154E-10   -0.006078440517233427    -0.003822076109800912
-0.004226774161538171     -0.0033189421684156548   0.07999999999999999      -2.803788635276035E-10   -0.004226774161538171    -0.0033189421684156548
-0.0032423070716036603    0.008232161190801043     0.08                     -2.467997036127961E-10   -0.0032423070716036603   0.008232161190801043
-0.005097650472555965     0.008513165084603522     0.08                     -1.8953805309707694E-10  -0.005097650472555965    0.008513165084603522
-0.00747377180704455      -0.0016445528501690884   0.08                     -1.810712844742946E-10   -0.007473771807044549    -0.0016445528501690884
-0.00795143058573317      0.0016423783445000534    0.08                     -1.7187261756881944E-10  -0.007951430585733167    0.0016423783445000534
-0.005982047261690875     0.006285244548688937     0.08                     -1.9969601065137356E-10  -0.005982047261690875    0.006285244548688937
-0.005886935636648528     0.0039038681714237133    0.08                     -2.1710173896432368E-10  -0.005886935636648528    0.0039038681714237133
0.005794158566660986      0.019759970593892173     0.08                     -6.928245362496237E-11   0.005794158566660986     0.019759970593892173
0.00978943381514543       0.017838249906705198     0.08                     -6.906739577833382E-11   0.00978943381514543      0.017838249906705198
-0.0017607016563018045    0.00925556131242955      0.08                     -2.4203498087711657E-10  -0.0017607016563018045   0.00925556131242955
0.002653685722567665      0.016677995379827053     0.08                     -9.435929403792147E-11   0.002653685722567665     0.016677995379827056
1.6041684761441966E-4     0.01357083822883505      0.08000000000000002      -1.330339459123562E-10   1.6041684761441966E-4    0.01357083822883505
-0.001130655638301583     0.011184936806080265     0.08                     -1.79952847809434E-10    -0.001130655638301583    0.011184936806080265
0.012187181575626902      0.014482058697376676     0.08                     -7.466807946213758E-11   0.0121871815756269       0.014482058697376676
0.013772481377264702      -0.0038891167298803625   0.08                     -9.806639250548077E-11   0.0137724813772647       -0.0038891167298803625
0.01803713256327834       0.002242052404522972     0.08                     -7.272536128871313E-11   0.01803713256327834      0.002242052404522972
0.014359687309120458      0.010426536879258874     0.08                     -7.862525913518831E-11   0.01435968730912046      0.010426536879258874
0.016245255963057387      0.00697835011359893      0.08                     -7.686830595907358E-11   0.016245255963057387     0.00697835011359893
0.00609399770900922       -0.006568547171974838    0.08                     -1.9396411651638383E-10  0.00609399770900922      -0.006568547171974838
0.00845040101595564       -0.005670120241297066    0.08                     -1.522541924288938E-10   0.008450401015955638     -0.005670120241297066
0.010587075424705359      -0.004178936789918188    0.08                     -1.278872183449112E-10   0.010587075424705359     -0.004178936789918188
0.004660686988849562      -0.005073564102200473    0.08000000000000002      -2.591479020533837E-10   0.004660686988849562     -0.005073564102200473
0.013978628038169395      2.4441832788289763E-5    0.08000000000000002      -9.927976239363616E-11   0.013978628038169393     2.4441832788289763E-5
-0.005123265268604644     -0.001722011248679274    0.08                     -2.383165259362605E-10   -0.005123265268604644    -0.001722011248679274
-0.005667626857884314     1.3166469265621372E-5    0.08000000000000002      -2.2097827983732132E-10  -0.005667626857884314    1.3166469265621372E-5
-0.003290039299964319     -0.0017932835309139028   0.08                     -3.017078152699293E-10   -0.003290039299964319    -0.0017932835309139028
-0.004166322563049534     0.006767762346140932     0.07999999999999999      -2.558132831514547E-10   -0.004166322563049534    0.006767762346140932
-0.004457645100698876     0.00502512257528704      0.08                     -2.6916636810025774E-10  -0.004457645100698876    0.00502512257528704
-0.005137856863835836     0.0018253600392164337    0.07999999999999999      -2.382998629987846E-10   -0.005137856863835836    0.0018253600392164337
-0.004223797548703261     0.0033069555379696414    0.08                     -2.8027028680773817E-10  -0.004223797548703261    0.0033069555379696414
0.007033402927988767      0.014550049574514584     0.08000000000000002      -9.751227076881751E-11   0.007033402927988765     0.014550049574514584
-4.207414744845234E-6     0.009594144934640558     0.08                     -2.4160697205665974E-10  -4.207414744845234E-6    0.009594144934640558
0.0034017237133151836     0.012818553336137899     0.08000000000000002      -1.3464916636049582E-10  0.0034017237133151836    0.0128185533361379
0.0013013972542498878     0.011094132437834116     0.07999999999999999      -1.8166323105094255E-10  0.0013013972542498878    0.011094132437834116
0.009894274377423632      0.011091393068503805     0.07999999999999999      -1.0344140525430039E-10  0.00989427437742363      0.011091393068503805
0.011141474661462144      -0.0017470194285161625   0.08                     -1.2521003287520317E-10  0.011141474661462146     -0.0017470194285161625
0.013290792990059964      0.004115718379300845     0.08000000000000002      -1.0145384204210312E-10  0.013290792990059962     0.004115718379300845
0.011888831622452006      0.00751707739927604      0.08                     -1.0432160113883248E-10  0.011888831622452007     0.00751707739927604
0.006257852332443206      -0.004243978830147731    0.08000000000000002      -2.059914647757024E-10   0.006257852332443206     -0.004243978830147731
0.008420183759101137      -0.0029699978743607316   0.08                     -1.6203214589340146E-10  0.008420183759101139     -0.0029699978743607316
0.004292620293457148      -0.0033505128091823044   0.08000000000000002      -2.77060539473184E-10    0.004292620293457148     -0.0033505128091823044
0.008304925544645642      -7.56250058708538E-4     0.08000000000000002      -1.6628299660874128E-10  0.00830492554464564      -7.56250058708538E-4
0.010158651821812425      0.0015469872252677139    0.08                     -1.3765320764137517E-10  0.010158651821812427     0.0015469872252677139
-0.0037652122066932116    1.1927221359198104E-4    0.08                     -2.726888887623254E-10   -0.0037652122066932116   1.1927221359198104E-4
-0.0018355059726445078    -8.38465512670146E-4     0.08                     -3.330281060459256E-10   -0.0018355059726445078   -8.38465512670146E-4
-0.0033365040010664947    0.0017229343133047387    0.08                     -2.989757518156635E-10   -0.0033365040010664947   0.0017229343133047387
0.0061199100134282265     0.010989893589960567     0.08                     -1.3729828366121998E-10  0.0061199100134282265    0.010989893589960567
0.0017557157590121462     0.009229776517883495     0.07999999999999999      -2.432692111364263E-10   0.0017557157590121462    0.009229776517883495
0.003508537649507367      0.010140637584037757     0.08                     -1.8418394970536956E-10  0.003508537649507367     0.010140637584037757
0.008158386269310716      0.008066617024378622     0.08                     -1.4134651926195742E-10  0.008158386269310716     0.008066617024378622
0.009022654182561752      0.0047956400803008045    0.08000000000000002      -1.472263524915507E-10   0.00902265418256175      0.0047956400803008045
0.005821393287326747      -0.0019283633793989313   0.08000000000000002      -2.1904890358171593E-10  0.005821393287326747     -0.0019283633793989313
0.0032675317202254008     -0.0017367099900289298   0.08                     -3.0190438598765836E-10  0.0032675317202254008    -0.0017367099900289298
0.006092947856506551      -6.995820045159473E-6    0.08000000000000002      -2.110062422045957E-10   0.006092947856506551     -6.995820045159473E-6
0.007462950453897894      9.780037859358146E-4     0.07999999999999999      -1.816118024871449E-10   0.007462950453897894     9.780037859358146E-4
0.007654452695520505      0.0026986383855209864    0.07999999999999999      -1.7652306109677843E-10  0.007654452695520506     0.0026986383855209864
-0.0016335940954403487    6.325374998370076E-4     0.08                     -3.3426128062182006E-10  -0.0016335940954403487   6.325374998370076E-4
-2.2774467170094334E-4    -5.700022216924561E-4    0.08                     -3.532462365016482E-10   -2.2774467170094334E-4   -5.700022216924561E-4
0.0051271725880415245     0.00838740863009492      0.08                     -1.9090784408365646E-10  0.0051271725880415245    0.00838740863009492
0.0032102183366637532     0.008211745300251379     0.08                     -2.488057175635603E-10   0.0032102183366637532    0.008211745300251379
0.006379854278442593      0.006313621746727165     0.08                     -1.892378882869904E-10   0.006379854278442593     0.006313621746727165
0.006266179806815108      0.004132522858531919     0.08                     -2.0599659534705308E-10  0.006266179806815109     0.004132522858531919
0.0016417984753220212     -6.58125382462238E-4     0.07999999999999999      -3.347845015249869E-10   0.0016417984753220212    -6.58125382462238E-4
0.003931974199762392      -1.1801209348648312E-4   0.08                     -2.675211755974692E-10   0.003931974199762392     -1.1801209348648312E-4
0.005466001549659653      0.00188432953243875      0.08                     -2.2837905035920078E-10  0.005466001549659654     0.00188432953243875
2.340364213600267E-4      5.894426506478645E-4     0.08                     -3.538287022992835E-10   2.340364213600267E-4     5.894426506478645E-4
0.004222146803631716      0.006796126740677193     0.08                     -2.5255885222993934E-10  0.004222146803631716     0.006796126740677193
0.004627420108937914      0.005050886388182851     0.08                     -2.607685433086363E-10   0.004627420108937914     0.005050886388182851
0.004264880503387816      0.003283048214075747     0.08000000000000002      -2.782849786797495E-10   0.004264880503387816     0.003283048214075747
0.001815267077483345      9.120320357348111E-4     0.08                     -3.34526839858284E-10    0.001815267077483345     9.120320357348111E-4
0.003276760901978159      0.0018213333536857695    0.08                     -3.0291601071669336E-10  0.003276760901978159     0.0018213333536857695
-0.001292182686690754     -0.005824706881436469    0.08                     -6.816516111559087E-10   -0.001292182686690754    -0.005824706881436469
-0.0011320463443052742    -0.005910722744965343    0.08                     -7.163323814546355E-10   -0.0011320463443052742   -0.005910722744965343
-0.0011059024159318738    -0.005664869017224898    0.08000000000000002      -8.048651930487552E-10   -0.0011059024159318738   -0.005664869017224898
-8.746608589686171E-4     -0.006255787305419536    0.07999999999999999      -6.792202453380801E-10   -8.746608589686171E-4    -0.006255787305419536
-7.756514783927068E-4     -0.006049873828105491    0.07999999999999999      -7.925435199869293E-10   -7.756514783927069E-4    -0.006049873828105491
-0.0010211344631739744    -0.006097840772920716    0.07999999999999999      -6.93817554199088E-10    -0.0010211344631739746   -0.006097840772920716
-6.978312201723872E-4     -0.006275374076063195    0.08000000000000002      -7.129605734108543E-10   -6.978312201723872E-4    -0.006275374076063195
-5.640424346518226E-4     -0.005947101086984684    0.08000000000000002      -9.36055923320939E-10    -5.640424346518226E-4    -0.005947101086984684
-7.163766924405701E-4     -0.005769370466953068    0.08                     -9.831367021151556E-10   -7.163766924405702E-4    -0.0057693704669530685
-4.712225609632632E-4     -0.005750342016305815    0.08                     -1.1751265498359434E-9   -4.712225609632632E-4    -0.0057503420163058155
-9.420818984171319E-4     -0.005865214228560822    0.08                     -8.098169458942179E-10   -9.420818984171318E-4    -0.005865214228560823
-3.762459478715464E-4     -0.005981776169064594    0.08000000000000002      -9.810793347784942E-10   -3.762459478715464E-4    -0.005981776169064595
-5.249913125828607E-4     -0.006408265107627582    0.08                     -6.900149741480166E-10   -5.249913125828606E-4    -0.006408265107627583
-5.442991662039775E-4     -0.0061615770812642745   0.08000000000000002      -8.052129287990587E-10   -5.442991662039775E-4    -0.0061615770812642745
-0.0010767196152900965    -0.006350895468540792    0.08                     -6.053071449038069E-10   -0.0010767196152900967   -0.006350895468540792
-8.116036606042687E-4     -0.0065169120557015195   0.08000000000000002      -6.066282014089671E-10   -8.116036606042686E-4    -0.0065169120557015195
-4.8585959492590113E-4    -0.006666198603553337    0.08                     -6.006636638523292E-10   -4.858595949259011E-4    -0.006666198603553337
-7.54343423842344E-4      -0.006837797521018703    0.08                     -5.288985039825906E-10   -7.54343423842344E-4     -0.006837797521018703
-7.538488535632416E-4     -0.005337666115116183    0.08000000000000002      -1.2694350321148852E-9   -7.538488535632416E-4    -0.005337666115116183
-6.509941986771471E-4     -0.005142481888198814    0.08                     -1.6209817771406593E-9   -6.509941986771471E-4    -0.005142481888198815
-8.798634530008296E-4     -0.005210730997019946    0.08                     -1.1544804297052156E-9   -8.798634530008295E-4    -0.005210730997019946
-8.847714484528989E-4     -0.005658067989371596    0.07999999999999999      -9.386205699546398E-10   -8.84771448452899E-4     -0.005658067989371596
-9.542710353028256E-4     -0.005438660076805288    0.08                     -9.879663850457203E-10   -9.542710353028255E-4    -0.005438660076805288
-0.0010673583776447306    -0.00527483172198705     0.08                     -9.43754261300555E-10    -0.0010673583776447306   -0.00527483172198705
-0.0010501702514809134    -0.005041245946002355    0.08                     -9.915513431943425E-10   -0.0010501702514809136   -0.005041245946002355
-8.190874669001507E-4     -0.005029419088112323    0.08                     -1.2828546558209678E-9   -8.190874669001507E-4    -0.005029419088112323
2.599649416813143E-4      -0.006497784670099951    0.08                     -6.827848678308207E-10   2.599649416813143E-4     -0.006497784670099952
1.890009435880176E-4      -0.006259507792093856    0.08                     -8.111905190628283E-10   1.8900094358801758E-4    -0.006259507792093855
4.7150631868095696E-5     -0.006504136716720827    0.08                     -6.891254332311688E-10   4.7150631868095696E-5    -0.006504136716720828
-1.616564404410295E-4     -0.006087017277107132    0.07999999999999999      -9.386049851654647E-10   -1.616564404410295E-4    -0.006087017277107132
-1.4799018488073417E-4    -0.0058639572915065155   0.07999999999999999      -1.1887043115433383E-9   -1.4799018488073417E-4   -0.0058639572915065155
-5.244486804626704E-5     -0.006269304457722669    0.07999999999999999      -8.125649688914568E-10   -5.244486804626704E-5    -0.006269304457722669
-3.199937105890212E-4     -0.006268021442892409    0.08                     -7.899538074559074E-10   -3.1999371058902124E-4   -0.006268021442892409
-3.287864397825133E-4     -0.006492630877333907    0.08000000000000002      -6.784776453507645E-10   -3.287864397825133E-4    -0.006492630877333908
-1.6984983233659726E-4    -0.006704150266334945    0.08                     -6.083169213827272E-10   -1.698498323365973E-4    -0.006704150266334945
3.12269606623469E-5       -0.006028572570879777    0.07999999999999999      -1.003270901789852E-9    3.12269606623469E-5      -0.006028572570879777
1.7422281036179473E-5     -0.005797125210685681    0.08                     -1.315869144139461E-9    1.7422281036179473E-5    -0.005797125210685681
4.0711295270775703E-4     -0.006382790459224449    0.08                     -7.193362183643315E-10   4.0711295270775703E-4    -0.006382790459224449
4.5107896516711555E-4     -0.006190861648434564    0.08                     -8.123392910245248E-10   4.510789651671156E-4     -0.006190861648434563
2.9272203803291496E-4     -0.006008989035419465    0.08000000000000002      -9.833299126533344E-10   2.9272203803291496E-4    -0.006008989035419465
1.7476766664906314E-4     -0.005846260498449119    0.08000000000000002      -1.2033951604403345E-9   1.7476766664906314E-4    -0.005846260498449119
4.803321894414083E-4      -0.005986019395782249    0.08000000000000002      -9.430595196084619E-10   4.803321894414083E-4     -0.005986019395782249
6.696931704844511E-4      -0.006090832211673704    0.08                     -8.095880296314679E-10   6.696931704844511E-4     -0.006090832211673704
6.164671720324377E-4      -0.005849732980996091    0.08                     -9.86618810805461E-10    6.164671720324377E-4     -0.005849732980996091
3.70252330328959E-4       -0.005770824828054754    0.07999999999999999      -1.2203245590541798E-9   3.7025233032895896E-4    -0.005770824828054753
5.753932518955242E-4      -0.005614707357354272    0.08000000000000002      -1.2437502449953326E-9   5.753932518955241E-4     -0.005614707357354272
3.7304614810460305E-4     -0.005503670382043082    0.08                     -1.7400044559728013E-9   3.73046148104603E-4      -0.005503670382043081
-5.392754535733172E-4     -0.005367252365378455    0.08                     -1.656467242648494E-9    -5.392754535733173E-4    -0.005367252365378454
1.5170895172615363E-4     -0.005617359556663225    0.08                     -1.7067286099051898E-9   1.517089517261536E-4     -0.005617359556663225
-1.2465536816465696E-4    -0.005620893535662632    0.07999999999999999      -1.715371802426181E-9    -1.2465536816465696E-4   -0.005620893535662633
-5.581127574700509E-4     -0.00558697615190314     0.08                     -1.2938201771744068E-9   -5.581127574700509E-4    -0.00558697615190314
-3.5407543280215666E-4    -0.005537129747328613    0.07999999999999999      -1.6838438264425306E-9   -3.5407543280215666E-4   -0.005537129747328612
-7.279474915395376E-4     -0.0055218929059963305   0.08                     -1.1627471213961828E-9   -7.279474915395378E-4    -0.0055218929059963305
-3.213572732919855E-4     -0.0052951636359923355   0.08                     -2.5874114980936096E-9   -3.2135727329198543E-4   -0.005295163635992335
-1.563467089242576E-4     -0.006440406078751756    0.08                     -7.14552511819216E-10    -1.563467089242576E-4    -0.006440406078751756
6.113298486742063E-4      -0.00637952752880566     0.08                     -6.887940832611749E-10   6.113298486742063E-4     -0.006379527528805661
1.7558644427907852E-4     -0.0067233828153494815   0.07999999999999999      -6.019866998651588E-10   1.7558644427907852E-4    -0.0067233828153494815
4.958843639908477E-4      -0.006647623072819082    0.07999999999999999      -6.063671050952681E-10   4.958843639908477E-4     -0.006647623072819082
8.547211456865673E-4      -0.005964495355519474    0.07999999999999999      -8.054818219560017E-10   8.547211456865672E-4     -0.005964495355519474
8.123178838811526E-4      -0.005691301526828808    0.08                     -9.720966493564158E-10   8.123178838811524E-4     -0.005691301526828807
8.784162861043153E-4      -0.0062396596978984906   0.08                     -6.854534204869639E-10   8.784162861043154E-4     -0.0062396596978984906
-4.2723872663805943E-4    -0.005152274451089962    0.08                     -2.4912841316541624E-9   -4.272387266380595E-4    -0.005152274451089962
-2.8192124572905665E-4    -0.005142855501918955    0.08                     -3.3428443562380934E-9   -2.8192124572905665E-4   -0.005142855501918955
-3.357224239484951E-4     -0.004999031806665594    0.07999999999999999      -3.2128294419782946E-9   -3.357224239484951E-4    -0.004999031806665594
-1.6277495829020887E-4    -0.005045955448944987    0.08                     -4.25975146341838E-9     -1.6277495829020887E-4   -0.005045955448944987
-8.854747138129226E-4     -0.004860753129039069    0.08000000000000002      -1.1703811089635936E-9   -8.854747138129226E-4    -0.004860753129039069
-6.425884675270097E-4     -0.004882266837208879    0.08000000000000002      -1.6612474516241665E-9   -6.425884675270097E-4    -0.004882266837208879
-4.7734893008883575E-4    -0.004998810831586865    0.08                     -2.3659922158109307E-9   -4.7734893008883575E-4   -0.004998810831586865
-4.296644465912737E-4     -0.0048424646645792765   0.08                     -2.471631473663447E-9    -4.296644465912737E-4    -0.004842464664579277
-5.660876135356927E-4     -0.004654614660772855    0.08000000000000002      -1.6355671247805309E-9   -5.660876135356927E-4    -0.004654614660772855
-7.614644974955875E-4     -0.004711193684344615    0.08                     -1.2958935423832246E-9   -7.614644974955875E-4    -0.004711193684344615
-6.040920565892167E-4     -0.0044467739570425505   0.08                     -1.2912638817360723E-9   -6.040920565892167E-4    -0.0044467739570425505
-7.625865286776421E-4     -0.004528088691248494    0.08                     -1.1719797561442346E-9   -7.625865286776421E-4    -0.004528088691248495
-0.001093513471018234     -0.004848419651181183    0.08                     -9.469780545796947E-10   -0.001093513471018234    -0.004848419651181183
-0.0012712278488401152    -0.0051979357229374945   0.08                     -8.124018412987662E-10   -0.001271227848840115    -0.0051979357229374945
-0.00127103905523373      -0.004945862991185407    0.08                     -8.238773235189237E-10   -0.00127103905523373     -0.004945862991185407
-0.0013694057531414708    -0.00562225256153571     0.08                     -6.959305735801461E-10   -0.0013694057531414708   -0.005622252561535709
-0.0013873359672656061    -0.005410481583814729    0.08                     -7.240474589660486E-10   -0.0013873359672656061   -0.005410481583814729
-0.0015045175966908       -0.005265453962409559    0.08                     -6.892691845133938E-10   -0.0015045175966908      -0.005265453962409559
-0.0013278868633257814    -0.0060954501332195835   0.08                     -6.092033917758182E-10   -0.0013278868633257812   -0.0060954501332195835
-0.0015198787272764516    -0.005841654597943901    0.08                     -6.060590314976432E-10   -0.0015198787272764516   -0.005841654597943901
-2.9487881821741796E-4    -0.0057539725635750525   0.08                     -1.294206875988421E-9    -2.9487881821741796E-4   -0.0057539725635750525
-0.0011944901938209175    -0.005447843343495645    0.08                     -8.161347707260259E-10   -0.0011944901938209173   -0.005447843343495645
-0.0014113620889943152    -0.006412897241087859    0.07999999999999999      -5.291246615705313E-10   -0.0014113620889943152   -0.006412897241087859
-1.5289086361649422E-6    -0.006945591852925391    0.08                     -5.388470964999625E-10   -1.5289086361649422E-6   -0.006945591852925391
-9.85549066563765E-4      -0.004637177750668077    0.07999999999999999      -9.968604465309928E-10   -9.855490665637652E-4    -0.0046371777506680764
-1.9715020479086178E-4    -0.004830462171569984    0.08                     -3.720293389645234E-9    -1.9715020479086183E-4   -0.004830462171569984
1.5102742218030328E-5     -0.004953826663261177    0.08                     -4.726564403040062E-9    1.5102742218030328E-5    -0.004953826663261177
2.266864870558113E-4      -0.00484098684162102     0.08                     -3.614121799233343E-9    2.266864870558113E-4     -0.0048409868416210205
-1.1788135246286382E-6    -0.004729687654751661    0.08                     -3.6578393642523154E-9   -1.1788135246286382E-6   -0.00472968765475166
-3.3805236221275093E-4    -0.004682333049989987    0.08                     -2.4400811073646376E-9   -3.3805236221275093E-4   -0.004682333049989987
5.069787617163453E-6      -0.005406714974512914    0.07999999999999999      -2.7583010354745713E-9   5.069787617163453E-6     -0.005406714974512914
-1.707434858752633E-4     -0.005377391796021524    0.07999999999999999      -2.7184288712503937E-9   -1.707434858752633E-4    -0.005377391796021524
1.9724069809439132E-4     -0.005344688835352621    0.08                     -2.8237958621696863E-9   1.9724069809439132E-4    -0.005344688835352621
3.959978415359032E-4      -0.005243519255002223    0.08                     -2.4337208908971462E-9   3.959978415359031E-4     -0.005243519255002223
1.725202404581059E-4      -0.005125114684989949    0.08                     -4.018984085877499E-9    1.725202404581059E-4     -0.005125114684989949
4.208600767096729E-4      -0.00500431972660275     0.08                     -2.674760749322671E-9    4.2086007670967285E-4    -0.00500431972660275
4.333792594216287E-4      -0.004800053706541285    0.08                     -2.3724408657421785E-9   4.3337925942162867E-4    -0.004800053706541285
5.730672880019059E-4      -0.005383240789489955    0.08                     -1.5551650594481628E-9   5.730672880019059E-4     -0.005383240789489956
0.0010331828155010507     -0.005627324681333993    0.08                     -8.603087429649506E-10   0.0010331828155010507    -0.005627324681333993
9.305790131120781E-4      -0.005473095109959406    0.08                     -9.956854216248077E-10   9.305790131120781E-4     -0.005473095109959406
7.322401034199309E-4      -0.0054889224548518275   0.07999999999999999      -1.1863052700832553E-9   7.322401034199309E-4     -0.0054889224548518275
0.0010198483550800355     -0.005305856218143876    0.08000000000000002      -9.77298766169168E-10    0.0010198483550800353    -0.005305856218143876
7.81176276543147E-4       -0.005311689288409476    0.08                     -1.2484832951478692E-9   7.81176276543147E-4      -0.005311689288409476
8.926462190704063E-4      -0.005136962101063073    0.08                     -1.1575049101515986E-9   8.926462190704063E-4     -0.005136962101063073
6.47481542155722E-4       -0.005134159084700119    0.08                     -1.6377946066038647E-9   6.47481542155722E-4      -0.00513415908470012
8.203818830707631E-4      -0.004973266427149311    0.08                     -1.2858392077138812E-9   8.203818830707631E-4     -0.004973266427149311
-1.706106190708809E-4     -0.005209827984868219    0.08                     -3.649400778812399E-9    -1.706106190708809E-4    -0.005209827984868219
4.5845075099102154E-5     -0.00525766945235063     0.08000000000000002      -3.713296761990438E-9    4.5845075099102154E-5    -0.00525766945235063
-2.554383310887252E-5     -0.005130898829337448    0.08000000000000002      -4.438380783679633E-9    -2.554383310887252E-5    -0.005130898829337448
-6.296167970691938E-5     -0.005273068595243328    0.07999999999999999      -3.5746162492429005E-9   -6.296167970691938E-5    -0.005273068595243328
7.823204889512858E-4      -0.006559976185213768    0.08                     -5.988822799992818E-10   7.823204889512858E-4     -0.006559976185213769
9.935465480266502E-4      -0.006433172557936783    0.08000000000000002      -6.001722826198787E-10   9.935465480266502E-4     -0.006433172557936783
7.438047629926723E-4      -0.006793913808671781    0.08000000000000002      -5.408189137398952E-10   7.438047629926723E-4     -0.006793913808671781
0.0010820048847604053     -0.006040560566868851    0.07999999999999999      -6.948946035266205E-10   0.001082004884760405     -0.006040560566868851
0.001155577472219783      -0.006335154047414712    0.08                     -5.939106550687864E-10   0.001155577472219783     -0.006335154047414713
0.0011626790923138092     -0.005479666320888957    0.08                     -8.283302228708956E-10   0.0011626790923138092    -0.005479666320888956
0.0010822121652877587     -0.005142212623477522    0.08                     -9.542303242586818E-10   0.0010822121652877587    -0.005142212623477522
0.0012256064743368293     -0.0052580556977393795   0.08000000000000002      -8.332620774067939E-10   0.0012256064743368293    -0.005258055697739379
0.0010277924302415256     -0.005809204597552188    0.08                     -7.949866878045309E-10   0.0010277924302415258    -0.0058092045975521875
0.0012604605533387634     -0.005843931610881085    0.08                     -6.894081706347299E-10   0.0012604605533387634    -0.005843931610881085
0.0011648948747641137     -0.005675574723741286    0.08                     -7.743245349593405E-10   0.0011648948747641137    -0.005675574723741286
-3.7267437541165264E-4    -0.004468151477122806    0.08000000000000002      -1.6753714834031184E-9   -3.7267437541165264E-4   -0.004468151477122806
3.5445084987704165E-4     -0.0046696303616667835   0.08                     -2.336678865917059E-9    3.5445084987704165E-4    -0.0046696303616667835
5.500060610868601E-4      -0.004628986446116731    0.07999999999999999      -1.6351807935735482E-9   5.500060610868601E-4     -0.004628986446116731
1.8336398774185757E-4     -0.004604386308879778    0.08                     -2.5885562424668277E-9   1.8336398774185757E-4    -0.004604386308879778
3.412055109699519E-7      -0.004538845718061504    0.08                     -2.456912984061725E-9    3.412055109699519E-7     -0.004538845718061504
-1.7418652307344437E-4    -0.0045987825499653676   0.08                     -2.58065757669144E-9     -1.7418652307344437E-4   -0.0045987825499653676
5.626576286097857E-4      -0.0044130862694074634   0.08                     -1.3015498108113549E-9   5.626576286097857E-4     -0.0044130862694074634
3.66812663409396E-4       -0.004454161858435865    0.08000000000000002      -1.6526762749081087E-9   3.6681266340939594E-4    -0.004454161858435865
-5.313641423174543E-4     -0.004279554161345856    0.08                     -1.1763516776785042E-9   -5.313641423174543E-4    -0.004279554161345856
-3.3577862441782594E-4    -0.004261255479240677    0.08                     -1.304781123160495E-9    -3.3577862441782594E-4   -0.004261255479240677
-9.543226722588877E-4     -0.004442025495080765    0.08                     -9.486675209835141E-10   -9.543226722588877E-4    -0.004442025495080765
-7.782694389339811E-4     -0.0042892262500113364   0.08                     -9.951183237097098E-10   -7.782694389339811E-4    -0.004289226250011337
-0.0012718149794890936    -0.004680729238044298    0.08000000000000002      -8.029690024521455E-10   -0.0012718149794890936   -0.004680729238044297
-0.0011586636366803186    -0.004468161586095212    0.08                     -8.267552698570143E-10   -0.0011586636366803186   -0.004468161586095212
-0.0014918709105909388    -0.005050069316686848    0.08                     -7.06566873984609E-10    -0.0014918709105909388   -0.005050069316686848
-0.0014482724940936271    -0.004844962450395632    0.08                     -7.251992994776438E-10   -0.0014482724940936271   -0.004844962450395632
-0.0015087768502985823    -0.0046837276930385965   0.08                     -6.892651447832908E-10   -0.0015087768502985823   -0.0046837276930385965
-0.0016525393085697656    -0.00550113354656896     0.08                     -6.125378101230217E-10   -0.0016525393085697654   -0.005501133546568961
-0.0017041340197815453    -0.00519603058848735     0.08                     -6.190712569690683E-10   -0.0017041340197815455   -0.00519603058848735
-0.0018076268452425846    -0.005765696208491079    0.08                     -5.422362673184206E-10   -0.0018076268452425846   -0.005765696208491079
-1.375820241091265E-4     -0.004358871731915352    0.08                     -1.6590042371595069E-9   -1.375820241091265E-4    -0.004358871731915352
0.0010319813993129889     -0.004948152764381303    0.08                     -1.0093104561470306E-9   0.0010319813993129887    -0.004948152764381303
6.465904223264493E-4      -0.004869802146792085    0.08000000000000002      -1.641823660157316E-9    6.465904223264494E-4     -0.004869802146792085
7.449373692086109E-4      -0.004663802621464599    0.07999999999999999      -1.292916798752316E-9    7.449373692086109E-4     -0.004663802621464599
8.733160274885166E-4      -0.00478599063212571     0.08                     -1.1650381231675625E-9   8.733160274885166E-4     -0.00478599063212571
4.760127528713364E-4      -0.004241939955158277    0.08                     -1.1759207552872395E-9   4.7601275287133645E-4    -0.004241939955158278
2.9675342169147587E-4     -0.00424954123433319     0.08                     -1.3148174234114441E-9   2.9675342169147587E-4    -0.00424954123433319
7.277557020966165E-4      -0.00447463617309158     0.08                     -1.1708810294125947E-9   7.277557020966165E-4     -0.00447463617309158
0.0010572815913698764     -0.004729224377335435    0.08000000000000002      -9.573633367422483E-10   0.0010572815913698764    -0.004729224377335435
9.433022148173009E-4      -0.004554679750181313    0.08                     -1.0025740317450305E-9   9.43302214817301E-4      -0.004554679750181313
-6.646158926222578E-4     -0.004121419343116272    0.08                     -9.547782214087E-10      -6.646158926222578E-4    -0.004121419343116272
-4.4625890251677447E-4    -0.0040567838496641875   0.08                     -1.0071228302367167E-9   -4.462589025167745E-4    -0.0040567838496641875
8.793963824206521E-4      -0.004340534447396329    0.08000000000000002      -9.539357225939134E-10   8.793963824206521E-4     -0.004340534447396329
7.155611643574784E-4      -0.004232416882095328    0.08                     -1.00049316318132E-9     7.155611643574783E-4     -0.004232416882095329
3.6198532512235124E-4     -0.004023524183908059    0.08                     -1.0090452407819301E-9   3.619853251223513E-4     -0.004023524183908059
5.607314754817144E-4      -0.004054679476330115    0.07999999999999999      -9.568910276031296E-10   5.607314754817144E-4     -0.004054679476330115
0.0013272840718028388     -0.006085529833173282    0.07999999999999999      -6.122430647015871E-10   0.0013272840718028388    -0.006085529833173282
0.0013678498429429077     -0.0063659019514388975   0.08                     -5.460044629829557E-10   0.0013678498429429077    -0.0063659019514388975
0.001353624062997532      -0.005624679936587602    0.08                     -7.025668844841409E-10   0.001353624062997532     -0.005624679936587602
0.0013891190981589218     -0.005394883595929447    0.08                     -7.258567707921219E-10   0.0013891190981589216    -0.005394883595929447
0.0014601789460440679     -0.00584240076697497     0.08                     -6.239015674238826E-10   0.0014601789460440679    -0.00584240076697497
0.0012508520866759414     -0.005032547229723308    0.08                     -8.355194391006429E-10   0.0012508520866759412    -0.005032547229723308
0.0014416569570341107     -0.005165078399959995    0.08                     -7.241600037386819E-10   0.001441656957034111     -0.005165078399959995
0.0012535608612134056     -0.004812298063378627    0.08                     -8.268879036465731E-10   0.0012535608612134054    -0.0048122980633786274
-2.8095893606693706E-4    -0.0039361811752543245   0.08000000000000002      -9.570844825483744E-10   -2.8095893606693706E-4   -0.0039361811752543245
-2.1167313503564066E-4    -0.004128688765177564    0.08                     -1.1753091931453177E-9   -2.1167313503564063E-4   -0.004128688765177565
-4.9747302251082395E-5    -0.003961640327521983    0.07999999999999999      -1.011343421288879E-9    -4.9747302251082395E-5   -0.003961640327521983
1.2640423551097757E-4     -0.0043670715173407875   0.08                     -1.6899639836017838E-9   1.2640423551097757E-4    -0.0043670715173407875
1.5236623294884286E-4     -0.003911138168175658    0.08                     -9.583652949682597E-10   1.5236623294884286E-4    -0.003911138168175658
1.4324711511655777E-4     -0.004117173053977948    0.07999999999999999      -1.1766213837693462E-9   1.4324711511655777E-4    -0.004117173053977948
-2.6212588382310497E-5    -0.0041894721290032235   0.08                     -1.3080083947600505E-9   -2.6212588382310497E-5   -0.0041894721290032235
-0.0010530352282691834    -0.004232266010413865    0.08                     -8.113643523962454E-10   -0.0010530352282691836   -0.004232266010413865
-8.649084903127325E-4     -0.004070572267898927    0.08                     -8.33202209291478E-10    -8.649084903127325E-4    -0.004070572267898927
-0.0014054355392044652    -0.004490858237716224    0.08                     -7.111459697594529E-10   -0.0014054355392044652   -0.004490858237716223
-0.0012808194030704372    -0.004311329114038295    0.07999999999999999      -7.31455744529405E-10    -0.0012808194030704372   -0.004311329114038295
-0.001269652429937167     -0.0041359203604009916   0.08                     -6.96969047090283E-10    -0.001269652429937167    -0.0041359203604009916
-0.0017090494992186335    -0.004845929960249558    0.08                     -6.222291424963308E-10   -0.0017090494992186337   -0.004845929960249558
-0.0016728702236331369    -0.004564604947612979    0.08                     -6.208419434783466E-10   -0.0016728702236331369   -0.00456460494761298
-0.0019191562069309142    -0.005010986524130267    0.08000000000000002      -5.601945157900467E-10   -0.0019191562069309144   -0.005010986524130267
0.001175915700700544      -0.004583089442486289    0.08                     -8.415555319601131E-10   0.001175915700700544     -0.004583089442486289
0.0010893115506279854     -0.0043363634346064      0.08                     -8.262879289535061E-10   0.0010893115506279852    -0.0043363634346064
-6.660436430636115E-4     -0.0038996267355329373   0.08000000000000002      -8.24439235176346E-10    -6.660436430636116E-4    -0.003899626735532937
-4.4309838652069247E-4    -0.003810178988389907    0.08000000000000002      -8.357406632085014E-10   -4.4309838652069247E-4   -0.003810178988389907
-1.9910636815269691E-4    -0.003728507285903409    0.08000000000000002      -8.260051084230027E-10   -1.9910636815269686E-4   -0.0037285072859034084
5.601755263493933E-5      -0.0037424529367374865   0.08                     -8.430037923271464E-10   5.601755263493933E-5     -0.0037424529367374865
9.318109162432279E-4      -0.004143263356792486    0.08                     -8.344091135421194E-10   9.318109162432279E-4     -0.004143263356792486
3.05935089490621E-4       -0.0037529669787535517   0.08                     -8.275279078278569E-10   3.0593508949062093E-4    -0.0037529669787535512
7.515651225381136E-4      -0.003966438494757035    0.08                     -8.28866962799779E-10    7.515651225381135E-4     -0.003966438494757036
5.254165218571369E-4      -0.0038551905822186696   0.08                     -8.412852638153627E-10   5.254165218571369E-4     -0.00385519058221867
0.0015968372926958474     -0.00556972898353293     0.08                     -6.228193840907518E-10   0.0015968372926958472    -0.005569728983532931
0.0015778339750322984     -0.005303013193255257    0.08                     -6.568152188408782E-10   0.0015778339750322982    -0.005303013193255257
0.0017738233431451767     -0.005753546755094858    0.08                     -5.515733195067723E-10   0.0017738233431451767    -0.005753546755094858
0.0014846755019428473     -0.004941991850811728    0.08000000000000002      -7.098093236108778E-10   0.0014846755019428473    -0.004941991850811727
0.0016902883878097267     -0.005090621367896101    0.08000000000000002      -6.27392954595563E-10    0.0016902883878097267    -0.0050906213678961
0.0013701608742536426     -0.0046052455947477415   0.08                     -7.407608868959133E-10   0.0013701608742536426    -0.0046052455947477415
0.0014772658194510593     -0.004739008953614751    0.08                     -7.051484089307731E-10   0.0014772658194510593    -0.004739008953614751
-9.177545621383465E-4     -0.0038887557346959116   0.08                     -7.414810170133023E-10   -9.177545621383464E-4    -0.0038887557346959116
-0.001110305527500122     -0.004011271334093964    0.08                     -7.193893484251571E-10   -0.0011103055275001222   -0.004011271334093964
-8.367893035662198E-4     -0.00372622029370437     0.08                     -7.062107525367003E-10   -8.367893035662198E-4    -0.00372622029370437
-0.0015274320352943796    -0.004207158902315985    0.08                     -6.271215415844425E-10   -0.0015274320352943794   -0.004207158902315985
-0.00137076331953678      -0.003963762594506804    0.08                     -6.305259550884879E-10   -0.0013707633195367797   -0.003963762594506804
-0.0017909730139385417    -0.00426742509957722     0.07999999999999999      -5.631491419971305E-10   -0.001790973013938542    -0.00426742509957722
0.0013299651733106501     -0.0043794544249066425   0.08000000000000002      -7.233783748316137E-10   0.0013299651733106501    -0.0043794544249066425
0.001112260352425187      -0.004095323150036592    0.07999999999999999      -7.425189800518636E-10   0.001112260352425187     -0.004095323150036592
0.0012719350611146364     -0.00418787636524783     0.08                     -7.070203405119668E-10   0.0012719350611146364    -0.00418787636524783
-6.333269271546472E-4     -0.003661752480486141    0.08                     -7.259418189584042E-10   -6.333269271546472E-4    -0.003661752480486141
-4.0248169128858746E-4    -0.003613653901374221    0.08                     -7.435776326458239E-10   -4.024816912885875E-4    -0.003613653901374221
-2.7024702938602057E-4    -0.003504321644800256    0.07999999999999999      -7.106013901146887E-10   -2.7024702938602057E-4   -0.003504321644800256
-6.760768214920596E-5     -0.003527611600693946    0.08                     -7.306615160649237E-10   -6.760768214920596E-5    -0.003527611600693946
1.5219098231862506E-4     -0.003580428657542452    0.08                     -7.515726257485425E-10   1.5219098231862506E-4    -0.003580428657542452
3.2846671704194613E-4     -0.003521006234877033    0.08                     -7.123845647711063E-10   3.2846671704194613E-4    -0.0035210062348770333
0.0010008476004107433     -0.003915055024946136    0.08                     -7.2479884383717E-10     0.001000847600410743     -0.003915055024946136
5.205070118494227E-4      -0.0036136125027919604   0.08                     -7.263435044272184E-10   5.205070118494227E-4     -0.00361361250279196
8.685532591718918E-4      -0.003757532873569803    0.08000000000000002      -7.0906734710095E-10     8.685532591718918E-4     -0.003757532873569803
6.804604839707073E-4      -0.003746767525855545    0.08                     -7.501672809842599E-10   6.804604839707073E-4     -0.0037467675258555455
0.0016734940891842197     -0.004774509120647657    0.08                     -6.313755778356093E-10   0.0016734940891842199    -0.004774509120647657
0.0019092212011316328     -0.004992748560354131    0.08                     -5.625754742347017E-10   0.0019092212011316326    -0.004992748560354131
0.0015914516727891348     -0.0045280674248956996   0.07999999999999999      -6.438912485719551E-10   0.0015914516727891345    -0.0045280674248956996
-0.0011036575428819725    -0.0036919348562763064   0.08                     -6.360357644902518E-10   -0.0011036575428819727   -0.003691934856276307
-8.473610562228023E-4     -0.0035134846671538017   0.07999999999999999      -6.38290669803243E-10    -8.473610562228022E-4    -0.0035134846671538017
-0.001367990576319476     -0.003656529769748154    0.08                     -5.751281552363394E-10   -0.001367990576319476    -0.003656529769748154
0.0015030612014019305     -0.004168081546385888    0.07999999999999999      -6.276244449062785E-10   0.0015030612014019305    -0.004168081546385888
0.0012946339636370088     -0.003925356387292131    0.08000000000000002      -6.426222638085624E-10   0.0012946339636370088    -0.003925356387292131
-4.981104007743658E-4     -0.0033627747932007774   0.07999999999999999      -6.403558942578581E-10   -4.981104007743658E-4    -0.003362774793200778
-2.0245400752101096E-4    -0.0033177952069188095   0.08                     -6.467926015083014E-10   -2.02454007521011E-4     -0.00331779520691881
1.5722466973776814E-4     -0.0033085930895075874   0.08000000000000002      -6.454369732338509E-10   1.5722466973776814E-4    -0.0033085930895075874
4.6367335314487874E-4     -0.0033610512509500944   0.08                     -6.428965691505709E-10   4.6367335314487874E-4    -0.0033610512509500944
0.0010594198786045218     -0.0036537985025559524   0.08                     -6.356548125319991E-10   0.0010594198786045216    -0.003653798502555952
7.903453906781088E-4      -0.0034943201216300207   0.08                     -6.420420098624911E-10   7.90345390678109E-4      -0.0034943201216300207
0.001755979805308882      -0.004262432172462586    0.08                     -5.707107306927364E-10   0.001755979805308882     -0.004262432172462586
-7.550527135569661E-4     -0.0032189772696602755   0.08000000000000002      -5.76811345861309E-10    -7.550527135569661E-4    -0.0032189772696602755
0.0013399025141127498     -0.00365552974425551     0.08000000000000002      -5.798650061102964E-10   0.0013399025141127498    -0.00365552974425551
-2.084640062856259E-5     -0.0031038167921853127   0.08                     -5.889340342568117E-10   -2.084640062856259E-5    -0.0031038167921853127
7.17565122237992E-4       -0.0032489514985093518   0.08                     -5.871918574600842E-10   7.17565122237992E-4      -0.0032489514985093518
-0.001271215771579595     0.005863850423763644     0.08                     -6.800037350120862E-10   -0.001271215771579595    0.005863850423763644
-0.0011103048908225987    0.005989026132132393     0.08000000000000002      -7.005993166818007E-10   -0.001110304890822599    0.005989026132132393
-0.0013706256891142833    0.006036730788770514     0.07999999999999999      -6.109973864598743E-10   -0.0013706256891142833   0.006036730788770514
-0.0014367145218867918    0.005147998799032722     0.08                     -7.270153936100675E-10   -0.0014367145218867918   0.005147998799032722
-0.0017125342437604154    0.005139688349522819     0.07999999999999999      -6.175976084509664E-10   -0.0017125342437604159   0.005139688349522818
-0.0014869273446739958    0.004942230873743316     0.08                     -7.085382169889027E-10   -0.0014869273446739958   0.004942230873743316
-0.0015235032881174024    0.0057928278176986505    0.08                     -6.130061742863622E-10   -0.0015235032881174024   0.005792827817698651
-0.0017913975250559398    0.005730332724653103     0.08000000000000002      -5.494370431192049E-10   -0.0017913975250559398   0.005730332724653103
-0.0016654365398644285    0.005442243105505373     0.08000000000000002      -6.13498700874805E-10    -0.0016654365398644285   0.005442243105505374
-8.243184948302514E-4     0.006280936943345565     0.08                     -6.82784119801145E-10    -8.243184948302513E-4    0.006280936943345565
-6.324072476084331E-4     0.006338540846871002     0.08                     -7.010250618972914E-10   -6.324072476084331E-4    0.006338540846871001
-8.473488572178043E-4     0.006486804913528476     0.08                     -6.10418255847936E-10    -8.473488572178042E-4    0.006486804913528475
-0.001104556290221583     0.0063077685671663695    0.08                     -6.115706790635431E-10   -0.0011045562902215827   0.006307768567166369
-9.147810727497704E-4     0.006111526276340521     0.08                     -7.216771135611966E-10   -9.147810727497703E-4    0.006111526276340521
-0.0010523803179522066    0.0057662645907647       0.08                     -7.975404427586275E-10   -0.0010523803179522066   0.0057662645907647
-0.0010946862894919058    0.005153773417540384     0.08                     -9.41967269619818E-10    -0.0010946862894919058   0.005153773417540384
-9.818812384062747E-4     0.005364904708419053     0.08                     -9.914121378463147E-10   -9.818812384062745E-4    0.005364904708419054
-0.0012628082157561137    0.005318073127798755     0.08000000000000002      -8.013239939147497E-10   -0.0012628082157561135   0.0053180731277987555
-6.650330601386526E-4     0.006091566416556253     0.08                     -8.092267848694004E-10   -6.650330601386526E-4    0.0060915664165562535
-8.665877868927806E-4     0.005929444206380948     0.08                     -8.149180790981369E-10   -8.665877868927805E-4    0.005929444206380947
-4.029354887480677E-4     0.006384348370200654     0.08                     -7.1824403538149E-10     -4.029354887480677E-4    0.006384348370200655
-4.406478671377191E-4     0.006188601762702226     0.08                     -8.147842855299078E-10   -4.4064786713771906E-4   0.006188601762702226
-0.0015034945567456966    0.00473171851854809      0.08000000000000002      -6.936008524898579E-10   -0.0015034945567456966   0.00473171851854809
-0.0012739585193790805    0.004804299132876381     0.08                     -8.139639944030834E-10   -0.0012739585193790803   0.004804299132876381
-0.001388271978889308     0.004589680471092419     0.08                     -7.30963853656363E-10    -0.001388271978889308    0.004589680471092419
-0.0013683040916104392    0.006342565493240717     0.08                     -5.502114774951836E-10   -0.0013683040916104392   0.006342565493240718
-6.596194905287064E-4     0.005879601684630275     0.08000000000000002      -9.399114871852888E-10   -6.596194905287064E-4    0.005879601684630275
-7.79350085969844E-4      0.005708415623089501     0.08                     -9.832221821312824E-10   -7.79350085969844E-4     0.0057084156230895
-9.491144095854368E-4     0.005557805839892594     0.08                     -9.41748625622551E-10    -9.491144095854368E-4    0.005557805839892594
-1.9944344934437204E-4    0.006268542906082474     0.08                     -8.039263690808481E-10   -1.994434493443721E-4    0.006268542906082474
-2.687381576262184E-4     0.006492795153378451     0.07999999999999999      -6.836606664202149E-10   -2.687381576262184E-4    0.006492795153378451
-2.802770568007068E-4     0.006063297583753704     0.08                     -9.377212504100096E-10   -2.802770568007068E-4    0.006063297583753704
-7.585766613396451E-4     0.005468668353058747     0.07999999999999999      -1.1690610864299292E-9   -7.58576661339645E-4     0.005468668353058746
-7.587191994117766E-4     0.005287444483672759     0.08                     -1.2965977849758019E-9   -7.587191994117766E-4    0.005287444483672759
-4.972414941190774E-4     0.006638060730124817     0.08                     -6.091027645280995E-10   -4.972414941190774E-4    0.006638060730124817
-7.55472404969277E-4      0.006780669920410994     0.08000000000000002      -5.431291695946758E-10   -7.55472404969277E-4     0.006780669920410995
-6.776212620757647E-5     0.0064759468827334       0.08                     -7.010406750761943E-10   -6.776212620757647E-5    0.006475946882733399
5.178416854931245E-5      0.006256196388420466     0.08                     -8.204756466898841E-10   5.178416854931245E-5     0.006256196388420467
1.4977211838176278E-4     0.006415167827414711     0.08                     -7.269454490763185E-10   1.4977211838176278E-4    0.006415167827414711
-1.9257546971462262E-4    0.006686102700791835     0.07999999999999999      -6.136097636397238E-10   -1.9257546971462262E-4   0.0066861027007918345
-0.001695863172590361     0.004799623853252559     0.08                     -6.242171629252452E-10   -0.001695863172590361    0.004799623853252559
-0.001133999852455048     0.004088501122500002     0.07999999999999999      -7.331963892276552E-10   -0.001133999852455048    0.004088501122500002
-0.0013268680245667353    0.003904361219356502     0.08                     -6.304666356504798E-10   -0.0013268680245667355   0.003904361219356501
-0.0010271519990758392    0.003907606705518957     0.08000000000000002      -7.153253854171503E-10   -0.0010271519990758392   0.003907606705518957
-0.00119551180170282      0.004554851294799624     0.07999999999999999      -8.245184868893182E-10   -0.00119551180170282     0.004554851294799624
-0.0012930622020610929    0.004173357600987787     0.08                     -6.967272319693989E-10   -0.0012930622020610929   0.004173357600987787
-0.001514357814208627     0.004156413981756961     0.08000000000000002      -6.230866078685982E-10   -0.001514357814208627    0.004156413981756961
-0.0010691079710873639    0.004726589344933274     0.08                     -9.469686302516186E-10   -0.0010691079710873639   0.004726589344933274
-0.0010515006752994888    0.0049612699196363704    0.07999999999999999      -9.908965386705279E-10   -0.0010515006752994888   0.0049612699196363704
-0.0017993328657209024    0.004238714528579605     0.08                     -5.582982939351162E-10   -0.0017993328657209024   0.004238714528579605
-0.0016530833759556625    0.00449840579752237      0.07999999999999999      -6.209974316023007E-10   -0.0016530833759556623   0.004498405797522371
-0.0013682663862395234    0.004380575882730152     0.08                     -7.083819466569972E-10   -0.0013682663862395231   0.004380575882730151
-0.0011099542747402481    0.004331912553969218     0.08                     -8.148402773039787E-10   -0.001109954274740248    0.004331912553969218
-0.0012818588849121287    0.005691225696980104     0.08                     -7.167955297598435E-10   -0.0012818588849121287   0.005691225696980104
-0.0011583080175326193    0.0055301827747191       0.07999999999999999      -8.166853811617851E-10   -0.0011583080175326195   0.0055301827747191
-0.0019045844760039758    0.004990361613197773     0.08                     -5.631759547697385E-10   -0.001904584476003976    0.004990361613197773
-0.0012670084474782058    0.005055656569082101     0.08                     -8.24218467882751E-10    -0.0012670084474782058   0.0050556565690821
-0.001405540183127634     0.005512777056859054     0.08                     -7.000587382130618E-10   -0.001405540183127634    0.005512777056859055
-0.001504823142933374     0.005327403282617378     0.08                     -6.82763799683226E-10    -0.001504823142933374    0.005327403282617378
-8.841152960566605E-4     0.005140677676115694     0.07999999999999999      -1.166541574516171E-9    -8.841152960566605E-4    0.005140677676115694
-4.478547636784936E-4     0.005942577343300973     0.08                     -9.89909642314872E-10    -4.4785476367849373E-4   0.005942577343300974
-8.185884118492154E-4     0.004971010711948328     0.08                     -1.2850568717269265E-9   -8.185884118492154E-4    0.004971010711948328
-8.805236417617946E-4     0.004787543865548605     0.08                     -1.1551508265433682E-9   -8.805236417617944E-4    0.004787543865548604
-9.561518679959421E-4     0.004559689449649057     0.08                     -9.936826636334296E-10   -9.561518679959421E-4    0.004559689449649057
-9.414098238761071E-4     0.004135479921977731     0.08                     -8.276074069444175E-10   -9.41409823876107E-4     0.004135479921977731
-8.850263064943316E-4     0.0043367358368031255    0.08000000000000002      -9.489155865468802E-10   -8.850263064943316E-4    0.0043367358368031255
3.033422038516187E-4      0.006243887902445535     0.08                     -8.063148111060449E-10   3.0334220385161865E-4    0.006243887902445534
3.278864127951929E-4      0.006475454049596801     0.08000000000000002      -6.862083022864139E-10   3.278864127951929E-4     0.006475454049596802
-5.283300726201131E-4     0.005722342528840449     0.08                     -1.1627673525297612E-9   -5.283300726201131E-4    0.005722342528840449
-5.965482824639949E-4     0.005550699966432573     0.08                     -1.2930902379277014E-9   -5.965482824639949E-4    0.005550699966432573
1.5311045387753216E-4     0.006089232140489967     0.08000000000000002      -9.374376178475598E-10   1.5311045387753216E-4    0.006089232140489967
-4.9463376369268024E-5    0.0060390883338769345    0.07999999999999999      -9.91556538651369E-10    -4.9463376369268024E-5   0.006039088333876934
-2.097784827825433E-4     0.005872089400993605     0.08                     -1.1584151735354334E-9   -2.0977848278254334E-4   0.005872089400993604
-3.373056478160188E-4     0.005739524937251276     0.08                     -1.2891292506477211E-9   -3.373056478160188E-4    0.005739524937251276
-6.424341114823067E-4     0.005112368923643166     0.07999999999999999      -1.6608308421371034E-9   -6.424341114823067E-4    0.005112368923643167
-5.578724864500106E-4     0.005346723719807408     0.08000000000000002      -1.644736241470997E-9    -5.578724864500106E-4    0.0053467237198074075
-8.739657645671127E-4     0.0037445449441744078    0.08                     -7.044485174014491E-10   -8.739657645671127E-4    0.0037445449441744078
-7.760356126948002E-4     0.0039497253482933085    0.08                     -8.133774387873275E-10   -7.760356126948001E-4    0.0039497253482933085
-6.975115386349939E-4     0.003724789361719894     0.08                     -7.387568431764993E-10   -6.975115386349939E-4    0.003724789361719894
1.641265229308153E-4      0.006691634655427791     0.08000000000000002      -6.126005626476195E-10   1.641265229308153E-4     0.006691634655427791
-1.836038863616625E-5     0.006904844250683212     0.07999999999999999      -5.497530782677149E-10   -1.836038863616625E-5    0.006904844250683212
4.580782676265314E-4      0.006635177992927196     0.08                     -6.136035037815598E-10   4.580782676265314E-4     0.006635177992927197
5.126147719499445E-4      0.006384392900246144     0.08                     -7.02709422791985E-10    5.126147719499446E-4     0.006384392900246144
6.79008666439951E-4       0.006249492368088996     0.08                     -7.293726572132888E-10   6.79008666439951E-4      0.006249492368088996
5.266960150497612E-4      0.00613860488144399      0.08                     -8.240019064396974E-10   5.266960150497611E-4     0.00613860488144399
-0.0010772147848877986    0.0036499431647572184    0.08000000000000002      -6.316225029722914E-10   -0.0010772147848877986   0.003649943164757218
-0.001411005696860719     0.0035874522652309206    0.08                     -5.559145332797645E-10   -0.001411005696860719    0.0035874522652309206
-8.114024997328441E-4     0.0034836043516878945    0.08                     -6.365998225975022E-10   -8.11402499732844E-4     0.003483604351687895
-6.486856498675055E-4     0.004856849777541617     0.08                     -1.630391622151711E-9    -6.486856498675056E-4    0.004856849777541617
-4.793490956200554E-4     0.004998326416188271     0.08                     -2.3537564951482516E-9   -4.793490956200554E-4    0.004998326416188271
-7.568608692063762E-4     0.004658376668124612     0.07999999999999999      -1.2685591664458529E-9   -7.568608692063762E-4    0.004658376668124612
-7.270463831534651E-4     0.004474529108551927     0.08                     -1.1714020520723016E-9   -7.270463831534651E-4    0.004474529108551927
-7.15638936589893E-4      0.004230120891195666     0.08                     -9.990974662987643E-10   -7.156389365898929E-4    0.004230120891195666
-4.269699680075383E-4     0.00484738304837908      0.08                     -2.4919041492290467E-9   -4.2696996800753835E-4   0.00484738304837908
-5.625212952215417E-4     0.004054556135845384     0.08                     -9.581953013297479E-10   -5.625212952215417E-4    0.004054556135845384
3.6231066074323E-4        0.005977959750287102     0.08                     -9.899183772551352E-10   3.6231066074322995E-4    0.005977959750287102
5.598904830964901E-4      0.005947882611401102     0.08                     -9.388461608939283E-10   5.598904830964901E-4     0.005947882611401102
-3.776692698461596E-4     0.005532828318728581     0.08                     -1.657068846511425E-9    -3.7766926984615954E-4   0.005532828318728581
1.4378085330634391E-4     0.00588392531198539      0.08                     -1.1602214411660823E-9   1.4378085330634391E-4    0.00588392531198539
-2.5858924487119042E-5    0.005810903857340909     0.08                     -1.2909184161505208E-9   -2.5858924487119042E-5   0.005810903857340909
-1.3848490954023439E-4    0.005640837857479888     0.08                     -1.6444876880864676E-9   -1.3848490954023439E-4   0.005640837857479888
-4.3113789914913324E-4    0.005153430894241575     0.07999999999999999      -2.4668787520696916E-9   -4.311378991491333E-4    0.005153430894241576
-3.40384912327541E-4      0.005317493003429321     0.08                     -2.423618514337211E-9    -3.40384912327541E-4     0.005317493003429321
-3.274669264844098E-4     0.0049945450817031585    0.08                     -3.2640417100410064E-9   -3.274669264844098E-4    0.0049945450817031585
-2.7929657579117044E-4    0.004856542720503971     0.08                     -3.3577155537317444E-9   -2.7929657579117044E-4   0.004856542720503971
7.572038747989105E-4      0.006037760805130498     0.08                     -8.064863306197194E-10   7.572038747989106E-4     0.006037760805130499
8.688104078466566E-4      0.006237487736079841     0.08000000000000002      -6.884881030912608E-10   8.688104078466566E-4     0.006237487736079841
-5.214759126479277E-4     0.003590908053446089     0.08000000000000002      -7.183716554281014E-10   -5.214759126479277E-4    0.0035909080534460886
-5.402718444073411E-4     0.0038410965324289824    0.08                     -8.311912757800655E-10   -5.402718444073411E-4    0.003841096532428982
7.191110201889641E-4      0.00676202002396014      0.07999999999999999      -5.510704514129243E-10   7.191110201889641E-4     0.00676202002396014
7.924844485734169E-4      0.006506909762570557     0.07999999999999999      -6.13408117729826E-10    7.924844485734168E-4     0.006506909762570555
0.00100917928931955       0.00608480144280743      0.08                     -7.033641758920826E-10   0.00100917928931955      0.00608480144280743
0.0010614670135916226     0.006336974927174319     0.08                     -6.132486889859964E-10   0.0010614670135916226    0.006336974927174319
-4.851558656416286E-4     0.003333432068364556     0.07999999999999999      -6.337272473920757E-10   -4.8515586564162866E-4   0.0033334320683645557
-3.2755003589465153E-4    0.0035084299707441426    0.08                     -7.089227311501927E-10   -3.2755003589465153E-4   0.0035084299707441426
-7.527104689962371E-4     0.003162299526960459     0.08                     -5.652070565247373E-10   -7.527104689962371E-4    0.003162299526960459
-5.441404193058401E-4     0.00463389178232851      0.07999999999999999      -1.650761249440366E-9    -5.441404193058402E-4    0.0046338917823285095
-5.635242303444977E-4     0.0044048059959982625    0.08                     -1.2898177950781723E-9   -5.635242303444977E-4    0.0044048059959982625
-4.670345701678613E-4     0.004247406774428425     0.08000000000000002      -1.1908245425176603E-9   -4.670345701678613E-4    0.0042474067744284255
-3.222330151142006E-4     0.004702746618898029     0.07999999999999999      -2.5763876458589437E-9   -3.222330151142006E-4    0.00470274661889803
-3.6511909223287575E-4    0.004022332540988803     0.08000000000000002      -1.0077522908318296E-9   -3.651190922328758E-4    0.004022332540988803
2.9509490744752595E-4     0.005751026761832881     0.08                     -1.2990013293681129E-9   2.9509490744752595E-4    0.005751026761832881
4.744132733253217E-4      0.005758944625884714     0.07999999999999999      -1.1634151453147539E-9   4.7441327332532166E-4    0.005758944625884714
7.091910027523568E-4      0.005772015675201145     0.08                     -9.881077375259916E-10   7.091910027523569E-4     0.005772015675201144
-1.7742432652525575E-4    0.005400156831975327     0.08                     -2.573756999702776E-9    -1.7742432652525575E-4   0.005400156831975326
1.245295140569723E-4      0.005635865870098346     0.08                     -1.6692147411648871E-9   1.245295140569723E-4     0.005635865870098345
-1.178545260172091E-6     0.005463367619727183     0.08                     -2.437904366990149E-9    -1.178545260172091E-6    0.005463367619727183
-1.8725071382033446E-4    0.005160157620682783     0.08                     -3.813867582058434E-9    -1.872507138203345E-4    0.005160157620682782
-1.7184412876799647E-4    0.004787851741915098     0.08                     -3.636705574491389E-9    -1.7184412876799647E-4   0.004787851741915098
-1.625514027652924E-4     0.004947159320560847     0.08000000000000002      -4.2575464510995E-9      -1.625514027652924E-4    0.004947159320560847
9.265060658503622E-4      0.005858363722639658     0.08                     -8.220860006514677E-10   9.265060658503622E-4     0.005858363722639658
0.0011123583530987823     0.005905073574970879     0.08                     -7.272757713137621E-10   0.0011123583530987823    0.005905073574970879
8.769483172135441E-4      0.005659158825602809     0.08000000000000002      -9.45824574980681E-10    8.769483172135441E-4     0.005659158825602809
-3.181608413002859E-4     0.00373732860310411      0.08                     -8.187689910429912E-10   -3.1816084130028595E-4   0.00373732860310411
-1.5580728676543079E-4    0.0035600874980520605    0.08                     -7.43464348152593E-10    -1.5580728676543079E-4   0.0035600874980520605
0.0013043048544017545     0.0060832539438030854    0.08                     -6.193289631770779E-10   0.0013043048544017547    0.006083253943803086
0.001273754976460286      0.0058238731117858655    0.08                     -6.900731218413747E-10   0.001273754976460286     0.0058238731117858655
0.001343724232472164      0.0063483941988765665    0.08                     -5.540832553806965E-10   0.001343724232472164     0.0063483941988765665
0.0014876851975503323     0.005839899304299532     0.08                     -6.167005244597976E-10   0.0014876851975503325    0.005839899304299532
-1.6954498919366853E-4    0.003296630242852541     0.08                     -6.423238299351229E-10   -1.6954498919366856E-4   0.0032966302428525415
-5.554476874262038E-7     0.0030535422270170022    0.08                     -5.773164436074549E-10   -5.554476874262038E-7    0.0030535422270170022
-3.5186556081089667E-4    0.004464213416586323     0.08                     -1.7006770817003754E-9   -3.5186556081089667E-4   0.004464213416586323
-2.8837623071026526E-4    0.004245401099710165     0.08                     -1.3140625716270241E-9   -2.8837623071026526E-4   0.004245401099710165
-1.7185983721080742E-4    0.00462389199393195      0.08                     -2.7270882818449305E-9   -1.7185983721080742E-4   0.0046238919939319495
-6.556762260747555E-5     0.00472366436308205      0.08                     -3.5682755633757126E-9   -6.556762260747555E-5    0.00472366436308205
-1.4362591769158118E-4    0.004137391531854722     0.07999999999999999      -1.2085313175778816E-9   -1.436259176915812E-4    0.004137391531854723
-1.5796573272032212E-4    0.003912809383740867     0.07999999999999999      -9.607672455105113E-10   -1.5796573272032212E-4   0.003912809383740867
3.649763653860779E-4      0.005550857172466008     0.08                     -1.6351045955296464E-9   3.6497636538607793E-4    0.005550857172466007
5.644691754464809E-4      0.005599528616622596     0.08000000000000002      -1.2728380825354139E-9   5.644691754464809E-4     0.005599528616622596
7.288084692121859E-4      0.005534122121309495     0.08000000000000002      -1.1544077030705145E-9   7.288084692121858E-4     0.005534122121309495
-1.0005209034939745E-6    0.005269765602404051     0.07999999999999999      -3.655977131322575E-9    -1.0005209034939745E-6   0.005269765602404052
1.8160321550598417E-4     0.005398587102592717     0.08                     -2.574755462007922E-9    1.8160321550598417E-4    0.005398587102592716
3.556591573069867E-4      0.005331761934656058     0.08                     -2.3226882130924508E-9   3.556591573069867E-4     0.005331761934656058
1.0129840521621485E-5     0.005045049640313454     0.08                     -4.741006274069945E-9    1.0129840521621485E-5    0.005045049640313454
-2.7459918404971182E-5    0.004864800538698441     0.08                     -4.43433081454086E-9     -2.7459918404971182E-5   0.004864800538698442
0.0013360840565182423     0.005630135697699171     0.07999999999999999      -7.092008929543346E-10   0.0013360840565182425    0.005630135697699171
0.0010971918277498396     0.005670116158848363     0.08                     -8.099587101143023E-10   0.0010971918277498398    0.005670116158848362
9.464393797734847E-4      0.005446902080567447     0.08                     -9.931902391790993E-10   9.464393797734847E-4     0.005446902080567446
4.7552401334039645E-5     0.003496813163166192     0.08                     -7.191608833254886E-10   4.7552401334039645E-5    0.0034968131631661916
-4.917350133987734E-5     0.003732704679422333     0.08                     -8.390730671665887E-10   -4.917350133987734E-5    0.003732704679422333
0.0017465783584349752     0.0057380751793459075    0.08                     -5.603223444470447E-10   0.0017465783584349752    0.0057380751793459075
0.0016143718312885296     0.005509399981713639     0.08                     -6.244355570365156E-10   0.0016143718312885294    0.005509399981713639
1.740569996548895E-4      0.003275966714021546     0.08                     -6.355882010363012E-10   1.740569996548895E-4     0.0032759667140215454
2.6511163246012236E-4     0.003501718605360629     0.08                     -7.112823026778416E-10   2.6511163246012236E-4    0.0035017186053606293
3.890394594734201E-5      0.004739549306810139     0.08000000000000002      -3.7019611709999252E-9   3.890394594734201E-5     0.004739549306810139
-1.2237262343215208E-4    0.004375691358760713     0.08                     -1.719320736938318E-9    -1.2237262343215208E-4   0.004375691358760713
3.4253463788936006E-6     0.004595567250515144     0.08                     -2.7785400225786875E-9   3.4253463788936006E-6    0.004595567250515144
1.8626803369279515E-5     0.004202034025623132     0.08000000000000002      -1.3303096517487519E-9   1.8626803369279515E-5    0.004202034025623132
3.1277373391176884E-5     0.003969622820639429     0.08                     -1.0224194142418785E-9   3.1277373391176884E-5    0.00396962282063943
5.513545104184473E-4      0.005375322091159266     0.08                     -1.6196501200686856E-9   5.513545104184474E-4     0.005375322091159267
7.445883054508282E-4      0.005338570871042986     0.08                     -1.285670899996234E-9    7.445883054508282E-4     0.005338570871042986
2.2469802753724024E-4     0.005157453161932805     0.08                     -3.6390709581293373E-9   2.2469802753724024E-4    0.005157453161932806
4.3626526139748463E-4     0.005199027112513293     0.08                     -2.3512133890386133E-9   4.3626526139748463E-4    0.005199027112513293
1.6884327570424276E-4     0.004878984697915098     0.08000000000000002      -4.070516203133697E-9    1.6884327570424276E-4    0.0048789846979150975
0.0013712763741042197     0.005412885526381053     0.08                     -7.320807048769545E-10   0.0013712763741042197    0.005412885526381053
0.0011784887581664312     0.005435813108130831     0.08                     -8.298686944239569E-10   0.001178488758166431     0.005435813108130831
0.0010613811435597185     0.005279268304373153     0.08                     -9.489540976796465E-10   0.0010613811435597185    0.005279268304373153
8.737889705186263E-4      0.005212448671700147     0.08                     -1.165416464247197E-9    8.737889705186262E-4     0.0052124486717001475
1.9237802412301982E-4     0.0037361095169780784    0.08                     -8.32782294856935E-10    1.923780241230198E-4     0.003736109516978079
0.0014924069730995132     0.0052780812296898336    0.07999999999999999      -6.935711845829331E-10   0.0014924069730995132    0.0052780812296898336
0.0016781451791843234     0.005231723879389382     0.08                     -6.256944789595104E-10   0.0016781451791843232    0.005231723879389382
4.935498829267189E-4      0.003351511582069852     0.08                     -6.378856079383639E-10   4.935498829267189E-4     0.003351511582069852
4.1150815207043436E-4     0.003611900524185624     0.08000000000000002      -7.424786975382839E-10   4.1150815207043436E-4    0.003611900524185624
7.420435692277749E-4      0.00320385680004682      0.07999999999999999      -5.746546663247193E-10   7.420435692277749E-4     0.0032038568000468197
1.9454047125886406E-4     0.004654509368927999     0.07999999999999999      -2.8304839462924056E-9   1.9454047125886406E-4    0.0046545093689279995
1.5257460260750675E-4     0.004381928470670393     0.08000000000000002      -1.7153238097333393E-9   1.5257460260750677E-4    0.004381928470670393
1.7620892274546675E-4     0.004152309678446061     0.08                     -1.2182428771162244E-9   1.7620892274546675E-4    0.004152309678446061
2.9399888721106233E-4     0.00398882865007656      0.07999999999999999      -9.99766192521499E-10    2.9399888721106233E-4    0.003988828650076561
6.421161771185123E-4      0.005132119781920892     0.08                     -1.6523154207198699E-9   6.421161771185123E-4     0.005132119781920893
4.236963858347362E-4      0.004995759820356217     0.08                     -2.6602371216274397E-9   4.2369638583473617E-4    0.004995759820356217
3.951239350359313E-4      0.004758159084699197     0.07999999999999999      -2.4426252206335923E-9   3.951239350359313E-4     0.004758159084699197
8.187412428956151E-4      0.005025172266917473     0.08000000000000002      -1.2858637649318458E-9   8.18741242895615E-4      0.005025172266917473
0.0012718170695661126     0.005201083415741443     0.08                     -8.124236160375292E-10   0.0012718170695661128    0.005201083415741443
0.0010386340541955685     0.005056974553317517     0.08000000000000002      -1.003433294215718E-9    0.0010386340541955685    0.0050569745533175165
4.5345928690448457E-4     0.0038097540165521818    0.07999999999999999      -8.338517890013039E-10   4.534592869044845E-4     0.0038097540165521818
0.001896591805109129      0.005006113629299624     0.08                     -5.660743787260067E-10   0.0018965918051091289    0.005006113629299624
0.0014812053097575302     0.0050684503956974       0.08                     -7.106801653315146E-10   0.00148120530975753      0.0050684503956974
0.0016756573065231008     0.00490809465307389      0.08                     -6.340393383046965E-10   0.0016756573065231008    0.004908094653073889
7.819996731969558E-4      0.0034395888003455554    0.08000000000000002      -6.279295823245227E-10   7.819996731969558E-4     0.0034395888003455554
6.151665083667637E-4      0.0036179815013911974    0.08                     -7.125740166314867E-10   6.151665083667638E-4     0.0036179815013911974
9.928870886091864E-4      0.0035666323444186977    0.07999999999999999      -6.26441371989923E-10    9.928870886091864E-4     0.0035666323444186977
3.760338176555598E-4      0.004498406617908696     0.07999999999999999      -1.7484555906534836E-9   3.760338176555598E-4     0.004498406617908696
3.7467710809189217E-4     0.0042287296937279705    0.08                     -1.2314155097211323E-9   3.7467710809189217E-4    0.0042287296937279705
4.8180881293122225E-4     0.004008070494249694     0.08000000000000002      -9.546684619884915E-10   4.8180881293122225E-4    0.004008070494249694
6.500046351644853E-4      0.004863953473326301     0.08000000000000002      -1.6331420542085542E-9   6.500046351644853E-4     0.0048639534733263
5.768963734758968E-4      0.00461634155710792      0.07999999999999999      -1.5527002381516917E-9   5.768963734758968E-4     0.004616341557107919
8.941607314444328E-4      0.0048655668737672625    0.07999999999999999      -1.1590828323817192E-9   8.941607314444327E-4     0.0048655668737672625
0.001090765417679798      0.004863003105433254     0.08000000000000002      -9.497485096095905E-10   0.001090765417679798     0.004863003105433254
0.0012550238370854147     0.004966651854369156     0.08                     -8.34073768302916E-10    0.0012550238370854147    0.004966651854369155
6.64295718679192E-4       0.003904823310539672     0.08                     -8.277791084821731E-10   6.642957186791921E-4     0.003904823310539672
0.0014350666383581        0.004825555966753777     0.08                     -7.298557043448387E-10   0.0014350666383580997    0.004825555966753777
0.001573230665367137      0.004687504915779467     0.08                     -6.630236001273005E-10   0.001573230665367137     0.004687504915779467
0.0017731878680793509     0.004250169259993913     0.08                     -5.652591315428062E-10   0.0017731878680793509    0.004250169259993913
0.0013676684572879736     0.0036348761286064393    0.08                     -5.705066244402885E-10   0.0013676684572879736    0.0036348761286064393
8.774942405866228E-4      0.0037602439206530563    0.08000000000000002      -7.074438364929455E-10   8.774942405866229E-4     0.0037602439206530567
0.0011547113332726782     0.0036649745346869597    0.08                     -6.181815363617237E-10   0.001154711333272678     0.0036649745346869597
5.780434844072954E-4      0.004385659875774993     0.08                     -1.2499795155672818E-9   5.780434844072954E-4     0.004385659875774993
6.216441783109355E-4      0.0041472658017669235    0.08                     -9.960840067421436E-10   6.216441783109355E-4     0.0041472658017669235
7.829436482757383E-4      0.0046846026609885325    0.08000000000000002      -1.2490581055464431E-9   7.829436482757382E-4     0.004684602660988532
7.365379039023675E-4      0.004511229345365056     0.07999999999999999      -1.1897296255037696E-9   7.365379039023675E-4     0.004511229345365056
0.0010226831407841586     0.00469376661493673      0.07999999999999999      -9.794351666598216E-10   0.0010226831407841586    0.004693766614936729
0.001229541360445589      0.004745508542409514     0.08                     -8.3544968829016E-10     0.001229541360445589     0.004745508542409515
8.431332467291028E-4      0.004043258797487385     0.08                     -8.292147929700962E-10   8.431332467291028E-4     0.004043258797487385
0.0015931799703548632     0.004432449919980224     0.08                     -6.336732249944275E-10   0.0015931799703548632    0.004432449919980223
0.0013861016470733487     0.004596485115145748     0.08                     -7.32700785036337E-10    0.0013861016470733487    0.004596485115145748
0.0014570578117018903     0.004150836024472148     0.08                     -6.38244199874906E-10    0.0014570578117018903    0.004150836024472148
0.0013246029849207496     0.003911997512716971     0.08000000000000002      -6.315146005348593E-10   0.0013246029849207496    0.003911997512716971
0.0010819468704216008     0.0039614946196919534    0.08                     -7.131502776032746E-10   0.0010819468704216008    0.0039614946196919534
8.10827067041313E-4       0.004319434166875219     0.08                     -9.906595171021912E-10   8.108270670413129E-4     0.004319434166875219
9.23668177987393E-4       0.004523360911550678     0.08                     -1.0072616087873655E-9   9.23668177987393E-4      0.004523360911550678
0.0011508810921421393     0.004529586284846657     0.08                     -8.449679390555231E-10   0.001150881092142139     0.004529586284846656
0.0010190590073263187     0.004173779510290005     0.07999999999999999      -8.059986533864487E-10   0.0010190590073263187    0.004173779510290006
0.0013489715605102277     0.004380457593934925     0.08                     -7.156655541060362E-10   0.0013489715605102277    0.0043804575939349255
0.001260712251217637      0.004157794287468371     0.08                     -7.03896950638542E-10    0.001260712251217637     0.004157794287468371
0.001019416679191388      0.004377687801795119     0.08000000000000002      -8.795642032510989E-10   0.001019416679191388     0.004377687801795119
0.0011582281555322324     0.0043236976049460295    0.08000000000000002      -7.879621150914784E-10   0.0011582281555322324    0.0043236976049460295
